# Year,ssp126,IRLCO2,IRLN2O,IRLCH4,IRLother,IRLall,IRLCO2_2020,IRLN2O_2020,IRLCH4_2020,IRLother_2020,IRLall_2020, CH4_from_2020, CO2_from_2020, N2O_from_2020, other_from_2020, all_from_2020, CO2+N2O, nonCH4, CO2+N2O_2020, CO2+N2O+other_2020, nonCH4+CH4_2020, all_2020+CO2, all_2020+CO2+N2O, all_2020+nonCH4, CO2_2020+N2O_2020, nonCH4_2020, nonCH4_2020+N2O, nonCH4_2020+N2O+other, nonCH4_2020+CO2, nonCH4_2020+CO2+N2O
1750, -0.046114, 0.000000, 0.000000, 0.000000, 0.000000, 0.000000, 0.000000, 0.000000, 0.000000, 0.000000, 0.000000, 0.000000, 0.000000, 0.000000, 0.000000, 0.000000, 0.000000, 0.000000, 0.000000, 0.000000, 0.000000, 0.000000, 0.000000, 0.000000, 0.000000, 0.000000, 0.000000, 0.000000, 0.000000, 0.000000
1751, -0.008128, 0.000000, 0.000000, 0.000000, 0.000000, 0.000000, 0.000000, 0.000000, 0.000000, 0.000000, 0.000000, 0.000000, 0.000000, 0.000000, 0.000000, 0.000000, 0.000000, 0.000000, 0.000000, 0.000000, 0.000000, 0.000000, 0.000000, 0.000000, 0.000000, 0.000000, 0.000000, 0.000000, 0.000000, 0.000000
1752, 0.008826, 0.000000, 0.000000, 0.000000, 0.000000, 0.000000, 0.000000, 0.000000, 0.000000, 0.000000, 0.000000, 0.000000, 0.000000, 0.000000, 0.000000, 0.000000, 0.000000, 0.000000, 0.000000, 0.000000, 0.000000, 0.000000, 0.000000, 0.000000, 0.000000, 0.000000, 0.000000, 0.000000, 0.000000, 0.000000
1753, 0.014534, 0.000000, 0.000000, 0.000000, 0.000000, 0.000000, 0.000000, 0.000000, 0.000000, 0.000000, 0.000000, 0.000000, 0.000000, 0.000000, 0.000000, 0.000000, 0.000000, 0.000000, 0.000000, 0.000000, 0.000000, 0.000000, 0.000000, 0.000000, 0.000000, 0.000000, 0.000000, 0.000000, 0.000000, 0.000000
1754, 0.021427, 0.000000, 0.000000, 0.000000, 0.000000, 0.000000, 0.000000, 0.000000, 0.000000, 0.000000, 0.000000, 0.000000, 0.000000, 0.000000, 0.000000, 0.000000, 0.000000, 0.000000, 0.000000, 0.000000, 0.000000, 0.000000, 0.000000, 0.000000, 0.000000, 0.000000, 0.000000, 0.000000, 0.000000, 0.000000
1755, -0.010371, 0.000000, 0.000000, 0.000000, 0.000000, 0.000000, 0.000000, 0.000000, 0.000000, 0.000000, 0.000000, 0.000000, 0.000000, 0.000000, 0.000000, 0.000000, 0.000000, 0.000000, 0.000000, 0.000000, 0.000000, 0.000000, 0.000000, 0.000000, 0.000000, 0.000000, 0.000000, 0.000000, 0.000000, 0.000000
1756, -0.025349, 0.000000, 0.000000, 0.000000, 0.000000, 0.000000, 0.000000, 0.000000, 0.000000, 0.000000, 0.000000, 0.000000, 0.000000, 0.000000, 0.000000, 0.000000, 0.000000, 0.000000, 0.000000, 0.000000, 0.000000, 0.000000, 0.000000, 0.000000, 0.000000, 0.000000, 0.000000, 0.000000, 0.000000, 0.000000
1757, -0.024662, 0.000000, 0.000000, 0.000000, 0.000000, 0.000000, 0.000000, 0.000000, 0.000000, 0.000000, 0.000000, 0.000000, 0.000000, 0.000000, 0.000000, 0.000000, 0.000000, 0.000000, 0.000000, 0.000000, 0.000000, 0.000000, 0.000000, 0.000000, 0.000000, 0.000000, 0.000000, 0.000000, 0.000000, 0.000000
1758, -0.011664, 0.000000, 0.000000, 0.000000, 0.000000, 0.000000, 0.000000, 0.000000, 0.000000, 0.000000, 0.000000, 0.000000, 0.000000, 0.000000, 0.000000, 0.000000, 0.000000, 0.000000, 0.000000, 0.000000, 0.000000, 0.000000, 0.000000, 0.000000, 0.000000, 0.000000, 0.000000, 0.000000, 0.000000, 0.000000
1759, 0.000852, 0.000000, 0.000000, 0.000000, 0.000000, 0.000000, 0.000000, 0.000000, 0.000000, 0.000000, 0.000000, 0.000000, 0.000000, 0.000000, 0.000000, 0.000000, 0.000000, 0.000000, 0.000000, 0.000000, 0.000000, 0.000000, 0.000000, 0.000000, 0.000000, 0.000000, 0.000000, 0.000000, 0.000000, 0.000000
1760, 0.020429, 0.000000, 0.000000, 0.000000, 0.000000, 0.000000, 0.000000, 0.000000, 0.000000, 0.000000, 0.000000, 0.000000, 0.000000, 0.000000, 0.000000, 0.000000, 0.000000, 0.000000, 0.000000, 0.000000, 0.000000, 0.000000, 0.000000, 0.000000, 0.000000, 0.000000, 0.000000, 0.000000, 0.000000, 0.000000
1761, 0.028333, 0.000000, 0.000000, 0.000000, 0.000000, 0.000000, 0.000000, 0.000000, 0.000000, 0.000000, 0.000000, 0.000000, 0.000000, 0.000000, 0.000000, 0.000000, 0.000000, 0.000000, 0.000000, 0.000000, 0.000000, 0.000000, 0.000000, 0.000000, 0.000000, 0.000000, 0.000000, 0.000000, 0.000000, 0.000000
1762, 0.033364, 0.000000, 0.000000, 0.000000, 0.000000, 0.000000, 0.000000, 0.000000, 0.000000, 0.000000, 0.000000, 0.000000, 0.000000, 0.000000, 0.000000, 0.000000, 0.000000, 0.000000, 0.000000, 0.000000, 0.000000, 0.000000, 0.000000, 0.000000, 0.000000, 0.000000, 0.000000, 0.000000, 0.000000, 0.000000
1763, -0.053553, 0.000000, 0.000000, 0.000000, 0.000000, 0.000000, 0.000000, 0.000000, 0.000000, 0.000000, 0.000000, 0.000000, 0.000000, 0.000000, 0.000000, 0.000000, 0.000000, 0.000000, 0.000000, 0.000000, 0.000000, 0.000000, 0.000000, 0.000000, 0.000000, 0.000000, 0.000000, 0.000000, 0.000000, 0.000000
1764, -0.083420, 0.000000, 0.000000, 0.000000, 0.000000, 0.000000, 0.000000, 0.000000, 0.000000, 0.000000, 0.000000, 0.000000, 0.000000, 0.000000, 0.000000, 0.000000, 0.000000, 0.000000, 0.000000, 0.000000, 0.000000, 0.000000, 0.000000, 0.000000, 0.000000, 0.000000, 0.000000, 0.000000, 0.000000, 0.000000
1765, -0.065716, 0.000000, 0.000000, 0.000000, 0.000000, 0.000000, 0.000000, 0.000000, 0.000000, 0.000000, 0.000000, 0.000000, 0.000000, 0.000000, 0.000000, 0.000000, 0.000000, 0.000000, 0.000000, 0.000000, 0.000000, 0.000000, 0.000000, 0.000000, 0.000000, 0.000000, 0.000000, 0.000000, 0.000000, 0.000000
1766, -0.050777, 0.000000, 0.000000, 0.000000, 0.000000, 0.000000, 0.000000, 0.000000, 0.000000, 0.000000, 0.000000, 0.000000, 0.000000, 0.000000, 0.000000, 0.000000, 0.000000, 0.000000, 0.000000, 0.000000, 0.000000, 0.000000, 0.000000, 0.000000, 0.000000, 0.000000, 0.000000, 0.000000, 0.000000, 0.000000
1767, -0.027507, 0.000000, 0.000000, 0.000000, 0.000000, 0.000000, 0.000000, 0.000000, 0.000000, 0.000000, 0.000000, 0.000000, 0.000000, 0.000000, 0.000000, 0.000000, 0.000000, 0.000000, 0.000000, 0.000000, 0.000000, 0.000000, 0.000000, 0.000000, 0.000000, 0.000000, 0.000000, 0.000000, 0.000000, 0.000000
1768, -0.060642, 0.000000, 0.000000, 0.000000, 0.000000, 0.000000, 0.000000, 0.000000, 0.000000, 0.000000, 0.000000, 0.000000, 0.000000, 0.000000, 0.000000, 0.000000, 0.000000, 0.000000, 0.000000, 0.000000, 0.000000, 0.000000, 0.000000, 0.000000, 0.000000, 0.000000, 0.000000, 0.000000, 0.000000, 0.000000
1769, -0.058029, 0.000000, 0.000000, 0.000000, 0.000000, 0.000001, 0.000000, 0.000000, 0.000000, 0.000000, 0.000001, 0.000000, 0.000000, 0.000000, 0.000000, 0.000000, 0.000000, 0.000000, 0.000000, 0.000000, 0.000001, 0.000001, 0.000001, 0.000001, 0.000000, 0.000000, 0.000000, 0.000000, 0.000000, 0.000000
1770, -0.034819, 0.000000, 0.000000, 0.000001, 0.000000, 0.000001, 0.000000, 0.000000, 0.000001, 0.000000, 0.000001, 0.000000, 0.000000, 0.000000, 0.000000, 0.000000, 0.000000, 0.000000, 0.000000, 0.000000, 0.000001, 0.000001, 0.000001, 0.000001, 0.000000, 0.000000, 0.000000, 0.000000, 0.000000, 0.000000
1771, -0.001667, 0.000000, 0.000000, 0.000001, 0.000000, 0.000001, 0.000000, 0.000000, 0.000001, 0.000000, 0.000001, 0.000000, 0.000000, 0.000000, 0.000000, 0.000000, 0.000000, 0.000000, 0.000000, 0.000000, 0.000001, 0.000001, 0.000001, 0.000001, 0.000000, 0.000000, 0.000000, 0.000000, 0.000000, 0.000000
1772, 0.020277, 0.000000, 0.000000, 0.000001, 0.000000, 0.000002, 0.000000, 0.000000, 0.000001, 0.000000, 0.000002, 0.000000, 0.000000, 0.000000, 0.000000, 0.000000, 0.000000, 0.000000, 0.000000, 0.000000, 0.000002, 0.000002, 0.000002, 0.000002, 0.000000, 0.000000, 0.000000, 0.000000, 0.000000, 0.000000
1773, 0.025817, 0.000000, 0.000000, 0.000002, 0.000000, 0.000002, 0.000000, 0.000000, 0.000002, 0.000000, 0.000002, 0.000000, 0.000000, 0.000000, 0.000000, 0.000000, 0.000001, 0.000001, 0.000001, 0.000001, 0.000002, 0.000002, 0.000002, 0.000002, 0.000001, 0.000001, 0.000001, 0.000001, 0.000001, 0.000001
1774, 0.032831, 0.000000, 0.000000, 0.000002, 0.000000, 0.000003, 0.000000, 0.000000, 0.000002, 0.000000, 0.000003, 0.000000, 0.000000, 0.000000, 0.000000, 0.000000, 0.000001, 0.000001, 0.000001, 0.000001, 0.000003, 0.000003, 0.000003, 0.000003, 0.000001, 0.000001, 0.000001, 0.000001, 0.000001, 0.000001
1775, 0.028001, 0.000001, 0.000000, 0.000003, 0.000000, 0.000003, 0.000001, 0.000000, 0.000003, 0.000000, 0.000003, 0.000000, 0.000000, 0.000000, 0.000000, 0.000000, 0.000001, 0.000001, 0.000001, 0.000001, 0.000003, 0.000003, 0.000003, 0.000003, 0.000001, 0.000001, 0.000001, 0.000001, 0.000001, 0.000001
1776, 0.024215, 0.000001, 0.000000, 0.000003, 0.000000, 0.000004, 0.000001, 0.000000, 0.000003, 0.000000, 0.000004, 0.000000, 0.000000, 0.000000, 0.000000, 0.000000, 0.000001, 0.000001, 0.000001, 0.000001, 0.000004, 0.000004, 0.000004, 0.000004, 0.000001, 0.000001, 0.000001, 0.000001, 0.000001, 0.000001
1777, 0.017930, 0.000001, 0.000000, 0.000004, 0.000000, 0.000005, 0.000001, 0.000000, 0.000004, 0.000000, 0.000005, 0.000000, 0.000000, 0.000000, 0.000000, 0.000000, 0.000001, 0.000001, 0.000001, 0.000001, 0.000005, 0.000005, 0.000005, 0.000005, 0.000001, 0.000001, 0.000001, 0.000001, 0.000001, 0.000001
1778, 0.015000, 0.000001, 0.000000, 0.000004, 0.000000, 0.000006, 0.000001, 0.000000, 0.000004, 0.000000, 0.000006, 0.000000, 0.000000, 0.000000, 0.000000, 0.000000, 0.000001, 0.000001, 0.000001, 0.000001, 0.000006, 0.000006, 0.000006, 0.000006, 0.000001, 0.000001, 0.000001, 0.000001, 0.000001, 0.000001
1779, 0.015847, 0.000001, 0.000001, 0.000005, 0.000000, 0.000006, 0.000001, 0.000001, 0.000005, 0.000000, 0.000006, 0.000000, 0.000000, 0.000000, 0.000000, 0.000000, 0.000001, 0.000001, 0.000001, 0.000001, 0.000006, 0.000006, 0.000006, 0.000006, 0.000001, 0.000001, 0.000001, 0.000001, 0.000001, 0.000001
1780, 0.032696, 0.000001, 0.000001, 0.000005, 0.000000, 0.000007, 0.000001, 0.000001, 0.000005, 0.000000, 0.000007, 0.000000, 0.000000, 0.000000, 0.000000, 0.000000, 0.000002, 0.000002, 0.000002, 0.000002, 0.000007, 0.000007, 0.000007, 0.000007, 0.000002, 0.000002, 0.000002, 0.000002, 0.000002, 0.000002
1781, 0.043466, 0.000001, 0.000001, 0.000006, 0.000000, 0.000008, 0.000001, 0.000001, 0.000006, 0.000000, 0.000008, 0.000000, 0.000000, 0.000000, 0.000000, 0.000000, 0.000002, 0.000002, 0.000002, 0.000002, 0.000008, 0.000008, 0.000008, 0.000008, 0.000002, 0.000002, 0.000002, 0.000002, 0.000002, 0.000002
1782, 0.052138, 0.000001, 0.000001, 0.000007, 0.000000, 0.000009, 0.000001, 0.000001, 0.000007, 0.000000, 0.000009, 0.000000, 0.000000, 0.000000, 0.000000, 0.000000, 0.000002, 0.000002, 0.000002, 0.000002, 0.000009, 0.000009, 0.000009, 0.000009, 0.000002, 0.000002, 0.000002, 0.000002, 0.000002, 0.000002
1783, 0.058705, 0.000001, 0.000001, 0.000007, 0.000000, 0.000010, 0.000001, 0.000001, 0.000007, 0.000000, 0.000010, 0.000000, 0.000000, 0.000000, 0.000000, 0.000000, 0.000002, 0.000002, 0.000002, 0.000002, 0.000010, 0.000010, 0.000010, 0.000010, 0.000002, 0.000002, 0.000002, 0.000002, 0.000002, 0.000002
1784, -0.130568, 0.000002, 0.000001, 0.000008, 0.000000, 0.000011, 0.000002, 0.000001, 0.000008, 0.000000, 0.000011, 0.000000, 0.000000, 0.000000, 0.000000, 0.000000, 0.000003, 0.000003, 0.000003, 0.000003, 0.000011, 0.000011, 0.000011, 0.000011, 0.000003, 0.000003, 0.000003, 0.000003, 0.000003, 0.000003
1785, -0.188100, 0.000002, 0.000001, 0.000009, 0.000000, 0.000012, 0.000002, 0.000001, 0.000009, 0.000000, 0.000012, 0.000000, 0.000000, 0.000000, 0.000000, 0.000000, 0.000003, 0.000003, 0.000003, 0.000003, 0.000012, 0.000012, 0.000012, 0.000012, 0.000003, 0.000003, 0.000003, 0.000003, 0.000003, 0.000003
1786, -0.145581, 0.000002, 0.000001, 0.000009, 0.000000, 0.000013, 0.000002, 0.000001, 0.000009, 0.000000, 0.000013, 0.000000, 0.000000, 0.000000, 0.000000, 0.000000, 0.000003, 0.000003, 0.000003, 0.000003, 0.000013, 0.000013, 0.000013, 0.000013, 0.000003, 0.000003, 0.000003, 0.000003, 0.000003, 0.000003
1787, -0.093101, 0.000002, 0.000002, 0.000010, 0.000000, 0.000014, 0.000002, 0.000002, 0.000010, 0.000000, 0.000014, 0.000000, 0.000000, 0.000000, 0.000000, 0.000000, 0.000004, 0.000004, 0.000004, 0.000004, 0.000014, 0.000014, 0.000014, 0.000014, 0.000004, 0.000004, 0.000004, 0.000004, 0.000004, 0.000004
1788, -0.060227, 0.000002, 0.000002, 0.000011, 0.000000, 0.000015, 0.000002, 0.000002, 0.000011, 0.000000, 0.000015, 0.000000, 0.000000, 0.000000, 0.000000, 0.000000, 0.000004, 0.000004, 0.000004, 0.000004, 0.000015, 0.000015, 0.000015, 0.000015, 0.000004, 0.000004, 0.000004, 0.000004, 0.000004, 0.000004
1789, -0.031607, 0.000003, 0.000002, 0.000012, 0.000000, 0.000016, 0.000003, 0.000002, 0.000012, 0.000000, 0.000016, 0.000000, 0.000000, 0.000000, 0.000000, 0.000000, 0.000004, 0.000004, 0.000004, 0.000004, 0.000016, 0.000016, 0.000016, 0.000016, 0.000004, 0.000004, 0.000004, 0.000004, 0.000004, 0.000004
1790, 0.001902, 0.000003, 0.000002, 0.000012, 0.000000, 0.000017, 0.000003, 0.000002, 0.000012, 0.000000, 0.000017, 0.000000, 0.000000, 0.000000, 0.000000, 0.000000, 0.000005, 0.000005, 0.000005, 0.000005, 0.000017, 0.000017, 0.000017, 0.000017, 0.000005, 0.000005, 0.000005, 0.000005, 0.000005, 0.000005
1791, 0.024935, 0.000003, 0.000002, 0.000013, 0.000000, 0.000018, 0.000003, 0.000002, 0.000013, 0.000000, 0.000018, 0.000000, 0.000000, 0.000000, 0.000000, 0.000000, 0.000005, 0.000005, 0.000005, 0.000005, 0.000018, 0.000018, 0.000018, 0.000018, 0.000005, 0.000005, 0.000005, 0.000005, 0.000005, 0.000005
1792, 0.032818, 0.000003, 0.000002, 0.000014, 0.000000, 0.000020, 0.000003, 0.000002, 0.000014, 0.000000, 0.000020, 0.000000, 0.000000, 0.000000, 0.000000, 0.000000, 0.000006, 0.000006, 0.000006, 0.000006, 0.000020, 0.000020, 0.000020, 0.000020, 0.000006, 0.000006, 0.000006, 0.000006, 0.000006, 0.000006
1793, 0.044952, 0.000003, 0.000003, 0.000015, 0.000000, 0.000021, 0.000003, 0.000003, 0.000015, 0.000000, 0.000021, 0.000000, 0.000000, 0.000000, 0.000000, 0.000000, 0.000006, 0.000006, 0.000006, 0.000006, 0.000021, 0.000021, 0.000021, 0.000021, 0.000006, 0.000006, 0.000006, 0.000006, 0.000006, 0.000006
1794, 0.050287, 0.000004, 0.000003, 0.000016, 0.000000, 0.000022, 0.000004, 0.000003, 0.000016, 0.000000, 0.000022, 0.000000, 0.000000, 0.000000, 0.000000, 0.000000, 0.000006, 0.000006, 0.000006, 0.000006, 0.000022, 0.000022, 0.000022, 0.000022, 0.000006, 0.000006, 0.000006, 0.000006, 0.000006, 0.000006
1795, 0.045040, 0.000004, 0.000003, 0.000016, 0.000000, 0.000023, 0.000004, 0.000003, 0.000016, 0.000000, 0.000023, 0.000000, 0.000000, 0.000000, 0.000000, 0.000000, 0.000007, 0.000007, 0.000007, 0.000007, 0.000023, 0.000023, 0.000023, 0.000023, 0.000007, 0.000007, 0.000007, 0.000007, 0.000007, 0.000007
1796, 0.025568, 0.000004, 0.000003, 0.000017, 0.000000, 0.000025, 0.000004, 0.000003, 0.000017, 0.000000, 0.000025, 0.000000, 0.000000, 0.000000, 0.000000, 0.000000, 0.000007, 0.000007, 0.000007, 0.000007, 0.000025, 0.000025, 0.000025, 0.000025, 0.000007, 0.000007, 0.000007, 0.000007, 0.000007, 0.000007
1797, 0.011967, 0.000004, 0.000003, 0.000018, 0.000000, 0.000026, 0.000004, 0.000003, 0.000018, 0.000000, 0.000026, 0.000000, 0.000000, 0.000000, 0.000000, 0.000000, 0.000008, 0.000008, 0.000008, 0.000008, 0.000026, 0.000026, 0.000026, 0.000026, 0.000008, 0.000008, 0.000008, 0.000008, 0.000008, 0.000008
1798, 0.007540, 0.000005, 0.000004, 0.000019, 0.000000, 0.000027, 0.000005, 0.000004, 0.000019, 0.000000, 0.000027, 0.000000, 0.000000, 0.000000, 0.000000, 0.000000, 0.000008, 0.000008, 0.000008, 0.000008, 0.000027, 0.000027, 0.000027, 0.000027, 0.000008, 0.000008, 0.000008, 0.000008, 0.000008, 0.000008
1799, 0.013259, 0.000005, 0.000004, 0.000020, 0.000000, 0.000029, 0.000005, 0.000004, 0.000020, 0.000000, 0.000029, 0.000000, 0.000000, 0.000000, 0.000000, 0.000000, 0.000009, 0.000009, 0.000009, 0.000009, 0.000029, 0.000029, 0.000029, 0.000029, 0.000009, 0.000009, 0.000009, 0.000009, 0.000009, 0.000009
1800, 0.014994, 0.000005, 0.000004, 0.000021, 0.000000, 0.000030, 0.000005, 0.000004, 0.000021, 0.000000, 0.000030, 0.000000, 0.000000, 0.000000, 0.000000, 0.000000, 0.000009, 0.000009, 0.000009, 0.000009, 0.000030, 0.000030, 0.000030, 0.000030, 0.000009, 0.000009, 0.000009, 0.000009, 0.000009, 0.000009
1801, 0.014612, 0.000005, 0.000004, 0.000022, 0.000000, 0.000032, 0.000005, 0.000004, 0.000022, 0.000000, 0.000032, 0.000000, 0.000000, 0.000000, 0.000000, 0.000000, 0.000010, 0.000010, 0.000010, 0.000010, 0.000032, 0.000032, 0.000032, 0.000032, 0.000010, 0.000010, 0.000010, 0.000010, 0.000010, 0.000010
1802, 0.016688, 0.000006, 0.000005, 0.000023, 0.000000, 0.000033, 0.000006, 0.000005, 0.000023, 0.000000, 0.000033, 0.000000, 0.000000, 0.000000, 0.000000, 0.000000, 0.000010, 0.000010, 0.000010, 0.000010, 0.000033, 0.000033, 0.000033, 0.000033, 0.000010, 0.000010, 0.000010, 0.000010, 0.000010, 0.000010
1803, 0.031345, 0.000006, 0.000005, 0.000024, 0.000000, 0.000035, 0.000006, 0.000005, 0.000024, 0.000000, 0.000035, 0.000000, 0.000000, 0.000000, 0.000000, 0.000000, 0.000011, 0.000011, 0.000011, 0.000011, 0.000035, 0.000035, 0.000035, 0.000035, 0.000011, 0.000011, 0.000011, 0.000011, 0.000011, 0.000011
1804, 0.038096, 0.000006, 0.000005, 0.000025, 0.000000, 0.000036, 0.000006, 0.000005, 0.000025, 0.000000, 0.000036, 0.000000, 0.000000, 0.000000, 0.000000, 0.000000, 0.000012, 0.000012, 0.000012, 0.000012, 0.000036, 0.000036, 0.000036, 0.000036, 0.000012, 0.000012, 0.000012, 0.000012, 0.000012, 0.000012
1805, 0.042736, 0.000007, 0.000006, 0.000026, 0.000000, 0.000038, 0.000007, 0.000006, 0.000026, 0.000000, 0.000038, 0.000000, 0.000000, 0.000000, 0.000000, 0.000000, 0.000012, 0.000012, 0.000012, 0.000012, 0.000038, 0.000038, 0.000038, 0.000038, 0.000012, 0.000012, 0.000012, 0.000012, 0.000012, 0.000012
1806, 0.041697, 0.000007, 0.000006, 0.000026, 0.000000, 0.000039, 0.000007, 0.000006, 0.000026, 0.000000, 0.000039, 0.000000, 0.000000, 0.000000, 0.000000, 0.000000, 0.000013, 0.000013, 0.000013, 0.000013, 0.000039, 0.000039, 0.000039, 0.000039, 0.000013, 0.000013, 0.000013, 0.000013, 0.000013, 0.000013
1807, 0.044124, 0.000007, 0.000006, 0.000027, 0.000000, 0.000041, 0.000007, 0.000006, 0.000027, 0.000000, 0.000041, 0.000000, 0.000000, 0.000000, 0.000000, 0.000000, 0.000013, 0.000013, 0.000013, 0.000013, 0.000041, 0.000041, 0.000041, 0.000041, 0.000013, 0.000013, 0.000013, 0.000013, 0.000013, 0.000013
1808, 0.039411, 0.000008, 0.000006, 0.000028, 0.000000, 0.000042, 0.000008, 0.000006, 0.000028, 0.000000, 0.000042, 0.000000, 0.000000, 0.000000, 0.000000, 0.000000, 0.000014, 0.000014, 0.000014, 0.000014, 0.000042, 0.000042, 0.000042, 0.000042, 0.000014, 0.000014, 0.000014, 0.000014, 0.000014, 0.000014
1809, 0.037720, 0.000008, 0.000007, 0.000029, 0.000000, 0.000044, 0.000008, 0.000007, 0.000029, 0.000000, 0.000044, 0.000000, 0.000000, 0.000000, 0.000000, 0.000000, 0.000015, 0.000015, 0.000015, 0.000015, 0.000044, 0.000044, 0.000044, 0.000044, 0.000015, 0.000015, 0.000015, 0.000015, 0.000015, 0.000015
1810, -0.250067, 0.000008, 0.000007, 0.000030, 0.000000, 0.000046, 0.000008, 0.000007, 0.000030, 0.000000, 0.000046, 0.000000, 0.000000, 0.000000, 0.000000, 0.000000, 0.000015, 0.000015, 0.000015, 0.000015, 0.000046, 0.000046, 0.000046, 0.000046, 0.000015, 0.000015, 0.000015, 0.000015, 0.000015, 0.000015
1811, -0.336253, 0.000009, 0.000007, 0.000031, 0.000000, 0.000048, 0.000009, 0.000007, 0.000031, 0.000000, 0.000048, 0.000000, 0.000000, 0.000000, 0.000000, 0.000000, 0.000016, 0.000016, 0.000016, 0.000016, 0.000048, 0.000048, 0.000048, 0.000048, 0.000016, 0.000016, 0.000016, 0.000016, 0.000016, 0.000016
1812, -0.258159, 0.000009, 0.000008, 0.000033, 0.000000, 0.000049, 0.000009, 0.000008, 0.000033, 0.000000, 0.000049, 0.000000, 0.000000, 0.000000, 0.000000, 0.000000, 0.000017, 0.000017, 0.000017, 0.000017, 0.000049, 0.000049, 0.000049, 0.000049, 0.000017, 0.000017, 0.000017, 0.000017, 0.000017, 0.000017
1813, -0.176557, 0.000009, 0.000008, 0.000034, 0.000000, 0.000051, 0.000009, 0.000008, 0.000034, 0.000000, 0.000051, 0.000000, 0.000000, 0.000000, 0.000000, 0.000000, 0.000018, 0.000018, 0.000018, 0.000018, 0.000051, 0.000051, 0.000051, 0.000051, 0.000018, 0.000018, 0.000018, 0.000018, 0.000018, 0.000018
1814, -0.111949, 0.000010, 0.000008, 0.000035, 0.000000, 0.000053, 0.000010, 0.000008, 0.000035, 0.000000, 0.000053, 0.000000, 0.000000, 0.000000, 0.000000, 0.000000, 0.000018, 0.000018, 0.000018, 0.000018, 0.000053, 0.000053, 0.000053, 0.000053, 0.000018, 0.000018, 0.000018, 0.000018, 0.000018, 0.000018
1815, -0.074271, 0.000010, 0.000009, 0.000036, 0.000000, 0.000055, 0.000010, 0.000009, 0.000036, 0.000000, 0.000055, 0.000000, 0.000000, 0.000000, 0.000000, 0.000000, 0.000019, 0.000019, 0.000019, 0.000019, 0.000055, 0.000055, 0.000055, 0.000055, 0.000019, 0.000019, 0.000019, 0.000019, 0.000019, 0.000019
1816, -0.586659, 0.000011, 0.000009, 0.000037, 0.000000, 0.000056, 0.000011, 0.000009, 0.000037, 0.000000, 0.000056, 0.000000, 0.000000, 0.000000, 0.000000, 0.000000, 0.000020, 0.000020, 0.000020, 0.000020, 0.000056, 0.000056, 0.000056, 0.000056, 0.000020, 0.000020, 0.000020, 0.000020, 0.000020, 0.000020
1817, -0.742441, 0.000011, 0.000010, 0.000038, 0.000000, 0.000058, 0.000011, 0.000010, 0.000038, 0.000000, 0.000058, 0.000000, 0.000000, 0.000000, 0.000000, 0.000000, 0.000021, 0.000021, 0.000021, 0.000021, 0.000058, 0.000058, 0.000058, 0.000058, 0.000021, 0.000021, 0.000021, 0.000021, 0.000021, 0.000021
1818, -0.575336, 0.000011, 0.000010, 0.000039, 0.000000, 0.000060, 0.000011, 0.000010, 0.000039, 0.000000, 0.000060, 0.000000, 0.000000, 0.000000, 0.000000, 0.000000, 0.000021, 0.000021, 0.000021, 0.000021, 0.000060, 0.000060, 0.000060, 0.000060, 0.000021, 0.000021, 0.000021, 0.000021, 0.000021, 0.000021
1819, -0.395103, 0.000012, 0.000010, 0.000040, 0.000000, 0.000062, 0.000012, 0.000010, 0.000040, 0.000000, 0.000062, 0.000000, 0.000000, 0.000000, 0.000000, 0.000000, 0.000022, 0.000022, 0.000022, 0.000022, 0.000062, 0.000062, 0.000062, 0.000062, 0.000022, 0.000022, 0.000022, 0.000022, 0.000022, 0.000022
1820, -0.280243, 0.000012, 0.000011, 0.000041, 0.000000, 0.000064, 0.000012, 0.000011, 0.000041, 0.000000, 0.000064, 0.000000, 0.000000, 0.000000, 0.000000, 0.000000, 0.000023, 0.000023, 0.000023, 0.000023, 0.000064, 0.000064, 0.000064, 0.000064, 0.000023, 0.000023, 0.000023, 0.000023, 0.000023, 0.000023
1821, -0.211621, 0.000013, 0.000011, 0.000043, 0.000000, 0.000066, 0.000013, 0.000011, 0.000043, 0.000000, 0.000066, 0.000000, 0.000000, 0.000000, 0.000000, 0.000000, 0.000024, 0.000024, 0.000024, 0.000024, 0.000066, 0.000066, 0.000066, 0.000066, 0.000024, 0.000024, 0.000024, 0.000024, 0.000024, 0.000024
1822, -0.157586, 0.000013, 0.000012, 0.000044, 0.000000, 0.000068, 0.000013, 0.000012, 0.000044, 0.000000, 0.000068, 0.000000, 0.000000, 0.000000, 0.000000, 0.000000, 0.000025, 0.000025, 0.000025, 0.000025, 0.000068, 0.000068, 0.000068, 0.000068, 0.000025, 0.000025, 0.000025, 0.000025, 0.000025, 0.000025
1823, -0.153659, 0.000013, 0.000012, 0.000045, 0.000000, 0.000070, 0.000013, 0.000012, 0.000045, 0.000000, 0.000070, 0.000000, 0.000000, 0.000000, 0.000000, 0.000000, 0.000025, 0.000025, 0.000025, 0.000025, 0.000070, 0.000070, 0.000070, 0.000070, 0.000025, 0.000025, 0.000025, 0.000025, 0.000025, 0.000025
1824, -0.139068, 0.000014, 0.000012, 0.000046, 0.000000, 0.000072, 0.000014, 0.000012, 0.000046, 0.000000, 0.000072, 0.000000, 0.000000, 0.000000, 0.000000, 0.000000, 0.000026, 0.000026, 0.000026, 0.000026, 0.000072, 0.000072, 0.000072, 0.000072, 0.000026, 0.000026, 0.000026, 0.000026, 0.000026, 0.000026
1825, -0.108441, 0.000014, 0.000013, 0.000047, 0.000000, 0.000074, 0.000014, 0.000013, 0.000047, 0.000000, 0.000074, 0.000000, 0.000000, 0.000000, 0.000000, 0.000000, 0.000027, 0.000027, 0.000027, 0.000027, 0.000074, 0.000074, 0.000074, 0.000074, 0.000027, 0.000027, 0.000027, 0.000027, 0.000027, 0.000027
1826, -0.080811, 0.000015, 0.000013, 0.000048, 0.000000, 0.000076, 0.000015, 0.000013, 0.000048, 0.000000, 0.000076, 0.000000, 0.000000, 0.000000, 0.000000, 0.000000, 0.000028, 0.000028, 0.000028, 0.000028, 0.000076, 0.000076, 0.000076, 0.000076, 0.000028, 0.000028, 0.000028, 0.000028, 0.000028, 0.000028
1827, -0.060763, 0.000015, 0.000014, 0.000050, 0.000000, 0.000079, 0.000015, 0.000014, 0.000050, 0.000000, 0.000079, 0.000000, 0.000000, 0.000000, 0.000000, 0.000000, 0.000029, 0.000029, 0.000029, 0.000029, 0.000079, 0.000079, 0.000079, 0.000079, 0.000029, 0.000029, 0.000029, 0.000029, 0.000029, 0.000029
1828, -0.042156, 0.000016, 0.000014, 0.000051, 0.000000, 0.000081, 0.000016, 0.000014, 0.000051, 0.000000, 0.000081, 0.000000, 0.000000, 0.000000, 0.000000, 0.000000, 0.000030, 0.000030, 0.000030, 0.000030, 0.000081, 0.000081, 0.000081, 0.000081, 0.000030, 0.000030, 0.000030, 0.000030, 0.000030, 0.000030
1829, -0.023585, 0.000016, 0.000015, 0.000052, 0.000000, 0.000083, 0.000016, 0.000015, 0.000052, 0.000000, 0.000083, 0.000000, 0.000000, 0.000000, 0.000000, 0.000000, 0.000031, 0.000031, 0.000031, 0.000031, 0.000083, 0.000083, 0.000083, 0.000083, 0.000031, 0.000031, 0.000031, 0.000031, 0.000031, 0.000031
1830, -0.017397, 0.000017, 0.000015, 0.000053, 0.000000, 0.000085, 0.000017, 0.000015, 0.000053, 0.000000, 0.000085, 0.000000, 0.000000, 0.000000, 0.000000, 0.000000, 0.000032, 0.000032, 0.000032, 0.000032, 0.000085, 0.000085, 0.000085, 0.000085, 0.000032, 0.000032, 0.000032, 0.000032, 0.000032, 0.000032
1831, -0.013925, 0.000017, 0.000016, 0.000055, 0.000000, 0.000087, 0.000017, 0.000016, 0.000055, 0.000000, 0.000087, 0.000000, 0.000000, 0.000000, 0.000000, 0.000000, 0.000033, 0.000033, 0.000033, 0.000033, 0.000087, 0.000087, 0.000087, 0.000087, 0.000033, 0.000033, 0.000033, 0.000033, 0.000033, 0.000033
1832, -0.298806, 0.000018, 0.000016, 0.000056, 0.000000, 0.000090, 0.000018, 0.000016, 0.000056, 0.000000, 0.000090, 0.000000, 0.000000, 0.000000, 0.000000, 0.000000, 0.000034, 0.000034, 0.000034, 0.000034, 0.000090, 0.000090, 0.000090, 0.000090, 0.000034, 0.000034, 0.000034, 0.000034, 0.000034, 0.000034
1833, -0.382775, 0.000018, 0.000017, 0.000057, 0.000000, 0.000092, 0.000018, 0.000017, 0.000057, 0.000000, 0.000092, 0.000000, 0.000000, 0.000000, 0.000000, 0.000000, 0.000035, 0.000035, 0.000035, 0.000035, 0.000092, 0.000092, 0.000092, 0.000092, 0.000035, 0.000035, 0.000035, 0.000035, 0.000035, 0.000035
1834, -0.302685, 0.000019, 0.000017, 0.000059, 0.000000, 0.000094, 0.000019, 0.000017, 0.000059, 0.000000, 0.000094, 0.000000, 0.000000, 0.000000, 0.000000, 0.000000, 0.000036, 0.000036, 0.000036, 0.000036, 0.000094, 0.000094, 0.000094, 0.000094, 0.000036, 0.000036, 0.000036, 0.000036, 0.000036, 0.000036
1835, -0.211608, 0.000019, 0.000018, 0.000060, 0.000000, 0.000097, 0.000019, 0.000018, 0.000060, 0.000000, 0.000097, 0.000000, 0.000000, 0.000000, 0.000000, 0.000000, 0.000037, 0.000037, 0.000037, 0.000037, 0.000097, 0.000097, 0.000097, 0.000097, 0.000037, 0.000037, 0.000037, 0.000037, 0.000037, 0.000037
1836, -0.237032, 0.000020, 0.000018, 0.000061, 0.000000, 0.000099, 0.000020, 0.000018, 0.000061, 0.000000, 0.000099, 0.000000, 0.000000, 0.000000, 0.000000, 0.000000, 0.000038, 0.000038, 0.000038, 0.000038, 0.000099, 0.000099, 0.000099, 0.000099, 0.000038, 0.000038, 0.000038, 0.000038, 0.000038, 0.000038
1837, -0.216272, 0.000021, 0.000019, 0.000063, 0.000000, 0.000102, 0.000021, 0.000019, 0.000063, 0.000000, 0.000102, 0.000000, 0.000000, 0.000000, 0.000000, 0.000000, 0.000039, 0.000039, 0.000039, 0.000039, 0.000102, 0.000102, 0.000102, 0.000102, 0.000039, 0.000039, 0.000039, 0.000039, 0.000039, 0.000039
1838, -0.150836, 0.000021, 0.000019, 0.000064, 0.000000, 0.000104, 0.000021, 0.000019, 0.000064, 0.000000, 0.000104, 0.000000, 0.000000, 0.000000, 0.000000, 0.000000, 0.000040, 0.000040, 0.000040, 0.000040, 0.000104, 0.000104, 0.000104, 0.000104, 0.000040, 0.000040, 0.000040, 0.000040, 0.000040, 0.000040
1839, -0.098466, 0.000022, 0.000020, 0.000066, 0.000000, 0.000107, 0.000022, 0.000020, 0.000066, 0.000000, 0.000107, 0.000000, 0.000000, 0.000000, 0.000000, 0.000000, 0.000041, 0.000041, 0.000041, 0.000041, 0.000107, 0.000107, 0.000107, 0.000107, 0.000041, 0.000041, 0.000041, 0.000041, 0.000041, 0.000041
1840, -0.067901, 0.000022, 0.000020, 0.000067, 0.000000, 0.000109, 0.000022, 0.000020, 0.000067, 0.000000, 0.000109, 0.000000, 0.000000, 0.000000, 0.000000, 0.000000, 0.000042, 0.000042, 0.000042, 0.000042, 0.000109, 0.000109, 0.000109, 0.000109, 0.000042, 0.000042, 0.000042, 0.000042, 0.000042, 0.000042
1841, -0.047723, 0.000023, 0.000021, 0.000068, 0.000000, 0.000112, 0.000023, 0.000021, 0.000068, 0.000000, 0.000112, 0.000000, 0.000000, 0.000000, 0.000000, 0.000000, 0.000044, 0.000044, 0.000044, 0.000044, 0.000112, 0.000112, 0.000112, 0.000112, 0.000044, 0.000044, 0.000044, 0.000044, 0.000044, 0.000044
1842, -0.032706, 0.000023, 0.000021, 0.000070, 0.000000, 0.000114, 0.000023, 0.000021, 0.000070, 0.000000, 0.000114, 0.000000, 0.000000, 0.000000, 0.000000, 0.000000, 0.000045, 0.000045, 0.000045, 0.000045, 0.000114, 0.000114, 0.000114, 0.000114, 0.000045, 0.000045, 0.000045, 0.000045, 0.000045, 0.000045
1843, -0.026565, 0.000024, 0.000022, 0.000071, 0.000000, 0.000117, 0.000024, 0.000022, 0.000071, 0.000000, 0.000117, 0.000000, 0.000000, 0.000000, 0.000000, 0.000000, 0.000046, 0.000046, 0.000046, 0.000046, 0.000117, 0.000117, 0.000117, 0.000117, 0.000046, 0.000046, 0.000046, 0.000046, 0.000046, 0.000046
1844, -0.025728, 0.000025, 0.000022, 0.000073, 0.000000, 0.000120, 0.000025, 0.000022, 0.000073, 0.000000, 0.000120, 0.000000, 0.000000, 0.000000, 0.000000, 0.000000, 0.000047, 0.000047, 0.000047, 0.000047, 0.000120, 0.000120, 0.000120, 0.000120, 0.000047, 0.000047, 0.000047, 0.000047, 0.000047, 0.000047
1845, -0.047003, 0.000025, 0.000023, 0.000074, 0.000000, 0.000123, 0.000025, 0.000023, 0.000074, 0.000000, 0.000123, 0.000000, 0.000000, 0.000000, 0.000000, 0.000000, 0.000048, 0.000048, 0.000048, 0.000048, 0.000123, 0.000123, 0.000123, 0.000123, 0.000048, 0.000048, 0.000048, 0.000048, 0.000048, 0.000048
1846, -0.048319, 0.000026, 0.000023, 0.000076, 0.000000, 0.000125, 0.000026, 0.000023, 0.000076, 0.000000, 0.000125, 0.000000, 0.000000, 0.000000, 0.000000, 0.000000, 0.000050, 0.000050, 0.000050, 0.000050, 0.000125, 0.000125, 0.000125, 0.000125, 0.000050, 0.000050, 0.000050, 0.000050, 0.000050, 0.000050
1847, -0.045295, 0.000027, 0.000024, 0.000077, 0.000000, 0.000128, 0.000027, 0.000024, 0.000077, 0.000000, 0.000128, 0.000000, 0.000000, 0.000000, 0.000000, 0.000000, 0.000051, 0.000051, 0.000051, 0.000051, 0.000128, 0.000128, 0.000128, 0.000128, 0.000051, 0.000051, 0.000051, 0.000051, 0.000051, 0.000051
1848, -0.024813, 0.000027, 0.000025, 0.000079, 0.000000, 0.000131, 0.000027, 0.000025, 0.000079, 0.000000, 0.000131, 0.000000, 0.000000, 0.000000, 0.000000, 0.000000, 0.000052, 0.000052, 0.000052, 0.000052, 0.000131, 0.000131, 0.000131, 0.000131, 0.000052, 0.000052, 0.000052, 0.000052, 0.000052, 0.000052
1849, -0.020901, 0.000028, 0.000025, 0.000081, 0.000000, 0.000134, 0.000028, 0.000025, 0.000081, 0.000000, 0.000134, 0.000000, 0.000000, 0.000000, 0.000000, 0.000000, 0.000053, 0.000053, 0.000053, 0.000053, 0.000134, 0.000134, 0.000134, 0.000134, 0.000053, 0.000053, 0.000053, 0.000053, 0.000053, 0.000053
1850, -0.008928, 0.000029, 0.000026, 0.000083, 0.000000, 0.000137, 0.000029, 0.000026, 0.000083, 0.000000, 0.000137, 0.000000, 0.000000, 0.000000, 0.000000, 0.000000, 0.000055, 0.000055, 0.000055, 0.000055, 0.000137, 0.000137, 0.000137, 0.000137, 0.000055, 0.000055, 0.000055, 0.000055, 0.000055, 0.000055
1851, -0.005525, 0.000029, 0.000026, 0.000086, 0.000000, 0.000142, 0.000029, 0.000026, 0.000086, 0.000000, 0.000142, 0.000000, 0.000000, 0.000000, 0.000000, 0.000000, 0.000056, 0.000056, 0.000056, 0.000056, 0.000142, 0.000142, 0.000142, 0.000142, 0.000056, 0.000056, 0.000056, 0.000056, 0.000056, 0.000056
1852, 0.003718, 0.000030, 0.000027, 0.000089, 0.000000, 0.000146, 0.000030, 0.000027, 0.000089, 0.000000, 0.000146, 0.000000, 0.000000, 0.000000, 0.000000, 0.000000, 0.000057, 0.000057, 0.000057, 0.000057, 0.000146, 0.000146, 0.000146, 0.000146, 0.000057, 0.000057, 0.000057, 0.000057, 0.000057, 0.000057
1853, 0.010425, 0.000031, 0.000028, 0.000093, 0.000000, 0.000152, 0.000031, 0.000028, 0.000093, 0.000000, 0.000152, 0.000000, 0.000000, 0.000000, 0.000000, 0.000000, 0.000058, 0.000058, 0.000058, 0.000058, 0.000152, 0.000152, 0.000152, 0.000152, 0.000058, 0.000058, 0.000058, 0.000058, 0.000058, 0.000058
1854, 0.008810, 0.000032, 0.000028, 0.000098, 0.000000, 0.000158, 0.000032, 0.000028, 0.000098, 0.000000, 0.000158, 0.000000, 0.000000, 0.000000, 0.000000, 0.000000, 0.000060, 0.000060, 0.000060, 0.000060, 0.000158, 0.000158, 0.000158, 0.000158, 0.000060, 0.000060, 0.000060, 0.000060, 0.000060, 0.000060
1855, 0.013298, 0.000032, 0.000029, 0.000105, 0.000000, 0.000166, 0.000032, 0.000029, 0.000105, 0.000000, 0.000166, 0.000000, 0.000000, 0.000000, 0.000000, 0.000000, 0.000061, 0.000061, 0.000061, 0.000061, 0.000166, 0.000166, 0.000166, 0.000166, 0.000061, 0.000061, 0.000061, 0.000061, 0.000061, 0.000061
1856, -0.016794, 0.000033, 0.000029, 0.000111, 0.000000, 0.000174, 0.000033, 0.000029, 0.000111, 0.000000, 0.000174, 0.000000, 0.000000, 0.000000, 0.000000, 0.000000, 0.000063, 0.000063, 0.000063, 0.000063, 0.000174, 0.000174, 0.000174, 0.000174, 0.000063, 0.000063, 0.000063, 0.000063, 0.000063, 0.000063
1857, -0.031386, 0.000034, 0.000030, 0.000118, 0.000000, 0.000183, 0.000034, 0.000030, 0.000118, 0.000000, 0.000183, 0.000000, 0.000000, 0.000000, 0.000000, 0.000000, 0.000064, 0.000064, 0.000064, 0.000064, 0.000183, 0.000183, 0.000183, 0.000183, 0.000064, 0.000064, 0.000064, 0.000064, 0.000064, 0.000064
1858, -0.018404, 0.000035, 0.000031, 0.000125, 0.000000, 0.000192, 0.000035, 0.000031, 0.000125, 0.000000, 0.000192, 0.000000, 0.000000, 0.000000, 0.000000, 0.000000, 0.000066, 0.000066, 0.000066, 0.000066, 0.000192, 0.000192, 0.000192, 0.000192, 0.000066, 0.000066, 0.000066, 0.000066, 0.000066, 0.000066
1859, -0.004857, 0.000036, 0.000031, 0.000133, 0.000000, 0.000200, 0.000036, 0.000031, 0.000133, 0.000000, 0.000200, 0.000000, 0.000000, 0.000000, 0.000000, 0.000000, 0.000067, 0.000067, 0.000067, 0.000067, 0.000200, 0.000200, 0.000200, 0.000200, 0.000067, 0.000067, 0.000067, 0.000067, 0.000067, 0.000067
1860, 0.010464, 0.000036, 0.000032, 0.000140, 0.000000, 0.000210, 0.000036, 0.000032, 0.000140, 0.000000, 0.000210, 0.000000, 0.000000, 0.000000, 0.000000, 0.000000, 0.000069, 0.000069, 0.000069, 0.000069, 0.000210, 0.000210, 0.000210, 0.000210, 0.000069, 0.000069, 0.000069, 0.000069, 0.000069, 0.000069
1861, 0.013368, 0.000037, 0.000033, 0.000147, 0.000000, 0.000218, 0.000037, 0.000033, 0.000147, 0.000000, 0.000218, 0.000000, 0.000000, 0.000000, 0.000000, 0.000000, 0.000070, 0.000070, 0.000070, 0.000070, 0.000218, 0.000218, 0.000218, 0.000218, 0.000070, 0.000070, 0.000070, 0.000070, 0.000070, 0.000070
1862, 0.008430, 0.000038, 0.000033, 0.000154, 0.000000, 0.000226, 0.000038, 0.000033, 0.000154, 0.000000, 0.000226, 0.000000, 0.000000, 0.000000, 0.000000, 0.000000, 0.000072, 0.000072, 0.000072, 0.000072, 0.000226, 0.000226, 0.000226, 0.000226, 0.000072, 0.000072, 0.000072, 0.000072, 0.000072, 0.000072
1863, 0.001733, 0.000039, 0.000034, 0.000159, 0.000000, 0.000232, 0.000039, 0.000034, 0.000159, 0.000000, 0.000232, 0.000000, 0.000000, 0.000000, 0.000000, 0.000000, 0.000073, 0.000073, 0.000073, 0.000073, 0.000232, 0.000232, 0.000232, 0.000232, 0.000073, 0.000073, 0.000073, 0.000073, 0.000073, 0.000073
1864, -0.061854, 0.000040, 0.000035, 0.000162, 0.000000, 0.000237, 0.000040, 0.000035, 0.000162, 0.000000, 0.000237, 0.000000, 0.000000, 0.000000, 0.000000, 0.000000, 0.000075, 0.000075, 0.000075, 0.000075, 0.000237, 0.000237, 0.000237, 0.000237, 0.000075, 0.000075, 0.000075, 0.000075, 0.000075, 0.000075
1865, -0.075125, 0.000041, 0.000035, 0.000166, 0.000000, 0.000242, 0.000041, 0.000035, 0.000166, 0.000000, 0.000242, 0.000000, 0.000000, 0.000000, 0.000000, 0.000000, 0.000076, 0.000076, 0.000076, 0.000076, 0.000242, 0.000242, 0.000242, 0.000242, 0.000076, 0.000076, 0.000076, 0.000076, 0.000076, 0.000076
1866, -0.047409, 0.000041, 0.000036, 0.000169, 0.000000, 0.000247, 0.000041, 0.000036, 0.000169, 0.000000, 0.000247, 0.000000, 0.000000, 0.000000, 0.000000, 0.000000, 0.000078, 0.000078, 0.000078, 0.000078, 0.000247, 0.000247, 0.000247, 0.000247, 0.000078, 0.000078, 0.000078, 0.000078, 0.000078, 0.000078
1867, -0.020433, 0.000042, 0.000037, 0.000174, 0.000000, 0.000253, 0.000042, 0.000037, 0.000174, 0.000000, 0.000253, 0.000000, 0.000000, 0.000000, 0.000000, 0.000000, 0.000079, 0.000079, 0.000079, 0.000079, 0.000253, 0.000253, 0.000253, 0.000253, 0.000079, 0.000079, 0.000079, 0.000079, 0.000079, 0.000079
1868, -0.006001, 0.000043, 0.000038, 0.000179, 0.000000, 0.000260, 0.000043, 0.000038, 0.000179, 0.000000, 0.000260, 0.000000, 0.000000, 0.000000, 0.000000, 0.000000, 0.000081, 0.000081, 0.000081, 0.000081, 0.000260, 0.000260, 0.000260, 0.000260, 0.000081, 0.000081, 0.000081, 0.000081, 0.000081, 0.000081
1869, 0.004205, 0.000044, 0.000038, 0.000184, 0.000000, 0.000266, 0.000044, 0.000038, 0.000184, 0.000000, 0.000266, 0.000000, 0.000000, 0.000000, 0.000000, 0.000000, 0.000082, 0.000082, 0.000082, 0.000082, 0.000266, 0.000266, 0.000266, 0.000266, 0.000082, 0.000082, 0.000082, 0.000082, 0.000082, 0.000082
1870, 0.017283, 0.000045, 0.000039, 0.000189, 0.000000, 0.000273, 0.000045, 0.000039, 0.000189, 0.000000, 0.000273, 0.000000, 0.000000, 0.000000, 0.000000, 0.000000, 0.000084, 0.000084, 0.000084, 0.000084, 0.000273, 0.000273, 0.000273, 0.000273, 0.000084, 0.000084, 0.000084, 0.000084, 0.000084, 0.000084
1871, 0.014803, 0.000046, 0.000040, 0.000194, 0.000000, 0.000279, 0.000046, 0.000040, 0.000194, 0.000000, 0.000279, 0.000000, 0.000000, 0.000000, 0.000000, 0.000000, 0.000085, 0.000085, 0.000085, 0.000085, 0.000279, 0.000279, 0.000279, 0.000279, 0.000085, 0.000085, 0.000085, 0.000085, 0.000085, 0.000085
1872, 0.021053, 0.000047, 0.000040, 0.000200, 0.000000, 0.000286, 0.000047, 0.000040, 0.000200, 0.000000, 0.000286, 0.000000, 0.000000, 0.000000, 0.000000, 0.000000, 0.000087, 0.000087, 0.000087, 0.000087, 0.000286, 0.000286, 0.000286, 0.000286, 0.000087, 0.000087, 0.000087, 0.000087, 0.000087, 0.000087
1873, 0.030308, 0.000048, 0.000041, 0.000206, 0.000000, 0.000294, 0.000048, 0.000041, 0.000206, 0.000000, 0.000294, 0.000000, 0.000000, 0.000000, 0.000000, 0.000000, 0.000089, 0.000089, 0.000089, 0.000089, 0.000294, 0.000294, 0.000294, 0.000294, 0.000089, 0.000089, 0.000089, 0.000089, 0.000089, 0.000089
1874, 0.019308, 0.000049, 0.000042, 0.000212, 0.000000, 0.000303, 0.000049, 0.000042, 0.000212, 0.000000, 0.000303, 0.000000, 0.000000, 0.000000, 0.000000, 0.000000, 0.000091, 0.000091, 0.000091, 0.000091, 0.000303, 0.000303, 0.000303, 0.000303, 0.000091, 0.000091, 0.000091, 0.000091, 0.000091, 0.000091
1875, 0.024350, 0.000050, 0.000043, 0.000218, 0.000000, 0.000311, 0.000050, 0.000043, 0.000218, 0.000000, 0.000311, 0.000000, 0.000000, 0.000000, 0.000000, 0.000000, 0.000093, 0.000093, 0.000093, 0.000093, 0.000311, 0.000311, 0.000311, 0.000311, 0.000093, 0.000093, 0.000093, 0.000093, 0.000093, 0.000093
1876, 0.027814, 0.000051, 0.000044, 0.000224, 0.000000, 0.000319, 0.000051, 0.000044, 0.000224, 0.000000, 0.000319, 0.000000, 0.000000, 0.000000, 0.000000, 0.000000, 0.000095, 0.000095, 0.000095, 0.000095, 0.000319, 0.000319, 0.000319, 0.000319, 0.000095, 0.000095, 0.000095, 0.000095, 0.000095, 0.000095
1877, 0.030112, 0.000052, 0.000045, 0.000230, 0.000000, 0.000327, 0.000052, 0.000045, 0.000230, 0.000000, 0.000327, 0.000000, 0.000000, 0.000000, 0.000000, 0.000000, 0.000097, 0.000097, 0.000097, 0.000097, 0.000327, 0.000327, 0.000327, 0.000327, 0.000097, 0.000097, 0.000097, 0.000097, 0.000097, 0.000097
1878, 0.037254, 0.000053, 0.000046, 0.000236, 0.000000, 0.000335, 0.000053, 0.000046, 0.000236, 0.000000, 0.000335, 0.000000, 0.000000, 0.000000, 0.000000, 0.000000, 0.000099, 0.000099, 0.000099, 0.000099, 0.000335, 0.000335, 0.000335, 0.000335, 0.000099, 0.000099, 0.000099, 0.000099, 0.000099, 0.000099
1879, 0.037085, 0.000055, 0.000047, 0.000241, 0.000000, 0.000342, 0.000055, 0.000047, 0.000241, 0.000000, 0.000342, 0.000000, 0.000000, 0.000000, 0.000000, 0.000000, 0.000101, 0.000101, 0.000101, 0.000101, 0.000342, 0.000342, 0.000342, 0.000342, 0.000101, 0.000101, 0.000101, 0.000101, 0.000101, 0.000101
1880, 0.033162, 0.000056, 0.000048, 0.000246, 0.000000, 0.000349, 0.000056, 0.000048, 0.000246, 0.000000, 0.000349, 0.000000, 0.000000, 0.000000, 0.000000, 0.000000, 0.000104, 0.000104, 0.000104, 0.000104, 0.000349, 0.000349, 0.000349, 0.000349, 0.000104, 0.000104, 0.000104, 0.000104, 0.000104, 0.000104
1881, 0.025669, 0.000057, 0.000049, 0.000250, 0.000000, 0.000355, 0.000057, 0.000049, 0.000250, 0.000000, 0.000355, 0.000000, 0.000000, 0.000000, 0.000000, 0.000000, 0.000106, 0.000106, 0.000106, 0.000106, 0.000355, 0.000355, 0.000355, 0.000355, 0.000106, 0.000106, 0.000106, 0.000106, 0.000106, 0.000106
1882, 0.033675, 0.000058, 0.000050, 0.000254, 0.000000, 0.000362, 0.000058, 0.000050, 0.000254, 0.000000, 0.000362, 0.000000, 0.000000, 0.000000, 0.000000, 0.000000, 0.000108, 0.000108, 0.000108, 0.000108, 0.000362, 0.000362, 0.000362, 0.000362, 0.000108, 0.000108, 0.000108, 0.000108, 0.000108, 0.000108
1883, 0.039110, 0.000060, 0.000051, 0.000258, 0.000000, 0.000369, 0.000060, 0.000051, 0.000258, 0.000000, 0.000369, 0.000000, 0.000000, 0.000000, 0.000000, 0.000000, 0.000111, 0.000111, 0.000111, 0.000111, 0.000369, 0.000369, 0.000369, 0.000369, 0.000111, 0.000111, 0.000111, 0.000111, 0.000111, 0.000111
1884, 0.001721, 0.000061, 0.000052, 0.000262, 0.000000, 0.000375, 0.000061, 0.000052, 0.000262, 0.000000, 0.000375, 0.000000, 0.000000, 0.000000, 0.000000, 0.000000, 0.000113, 0.000113, 0.000113, 0.000113, 0.000375, 0.000375, 0.000375, 0.000375, 0.000113, 0.000113, 0.000113, 0.000113, 0.000113, 0.000113
1885, -0.132291, 0.000062, 0.000053, 0.000266, 0.000000, 0.000382, 0.000062, 0.000053, 0.000266, 0.000000, 0.000382, 0.000000, 0.000000, 0.000000, 0.000000, 0.000000, 0.000116, 0.000116, 0.000116, 0.000116, 0.000382, 0.000382, 0.000382, 0.000382, 0.000116, 0.000116, 0.000116, 0.000116, 0.000116, 0.000116
1886, -0.134833, 0.000064, 0.000054, 0.000271, 0.000000, 0.000389, 0.000064, 0.000054, 0.000271, 0.000000, 0.000389, 0.000000, 0.000000, 0.000000, 0.000000, 0.000000, 0.000118, 0.000118, 0.000118, 0.000118, 0.000389, 0.000389, 0.000389, 0.000389, 0.000118, 0.000118, 0.000118, 0.000118, 0.000118, 0.000118
1887, -0.089677, 0.000065, 0.000055, 0.000275, 0.000000, 0.000396, 0.000065, 0.000055, 0.000275, 0.000000, 0.000396, 0.000000, 0.000000, 0.000000, 0.000000, 0.000000, 0.000121, 0.000121, 0.000121, 0.000121, 0.000396, 0.000396, 0.000396, 0.000396, 0.000121, 0.000121, 0.000121, 0.000121, 0.000121, 0.000121
1888, -0.060400, 0.000067, 0.000056, 0.000279, 0.000000, 0.000402, 0.000067, 0.000056, 0.000279, 0.000000, 0.000402, 0.000000, 0.000000, 0.000000, 0.000000, 0.000000, 0.000123, 0.000123, 0.000123, 0.000123, 0.000402, 0.000402, 0.000402, 0.000402, 0.000123, 0.000123, 0.000123, 0.000123, 0.000123, 0.000123
1889, -0.030113, 0.000068, 0.000057, 0.000283, 0.000000, 0.000408, 0.000068, 0.000057, 0.000283, 0.000000, 0.000408, 0.000000, 0.000000, 0.000000, 0.000000, 0.000000, 0.000126, 0.000126, 0.000126, 0.000126, 0.000408, 0.000408, 0.000408, 0.000408, 0.000126, 0.000126, 0.000126, 0.000126, 0.000126, 0.000126
1890, -0.008940, 0.000070, 0.000058, 0.000287, 0.000000, 0.000414, 0.000070, 0.000058, 0.000287, 0.000000, 0.000414, 0.000000, 0.000000, 0.000000, 0.000000, 0.000000, 0.000128, 0.000128, 0.000128, 0.000128, 0.000414, 0.000414, 0.000414, 0.000414, 0.000128, 0.000128, 0.000128, 0.000128, 0.000128, 0.000128
1891, -0.009719, 0.000071, 0.000060, 0.000290, 0.000000, 0.000420, 0.000071, 0.000060, 0.000290, 0.000000, 0.000420, 0.000000, 0.000000, 0.000000, 0.000000, 0.000000, 0.000131, 0.000131, 0.000131, 0.000131, 0.000420, 0.000420, 0.000420, 0.000420, 0.000131, 0.000131, 0.000131, 0.000131, 0.000131, 0.000131
1892, -0.014663, 0.000073, 0.000061, 0.000295, 0.000000, 0.000428, 0.000073, 0.000061, 0.000295, 0.000000, 0.000428, 0.000000, 0.000000, 0.000000, 0.000000, 0.000000, 0.000133, 0.000133, 0.000133, 0.000133, 0.000428, 0.000428, 0.000428, 0.000428, 0.000133, 0.000133, 0.000133, 0.000133, 0.000133, 0.000133
1893, -0.009766, 0.000074, 0.000062, 0.000300, 0.000000, 0.000436, 0.000074, 0.000062, 0.000300, 0.000000, 0.000436, 0.000000, 0.000000, 0.000000, 0.000000, 0.000000, 0.000136, 0.000136, 0.000136, 0.000136, 0.000436, 0.000436, 0.000436, 0.000436, 0.000136, 0.000136, 0.000136, 0.000136, 0.000136, 0.000136
1894, 0.016096, 0.000076, 0.000063, 0.000304, 0.000000, 0.000443, 0.000076, 0.000063, 0.000304, 0.000000, 0.000443, 0.000000, 0.000000, 0.000000, 0.000000, 0.000000, 0.000139, 0.000139, 0.000139, 0.000139, 0.000443, 0.000443, 0.000443, 0.000443, 0.000139, 0.000139, 0.000139, 0.000139, 0.000139, 0.000139
1895, 0.032001, 0.000077, 0.000064, 0.000309, 0.000000, 0.000450, 0.000077, 0.000064, 0.000309, 0.000000, 0.000450, 0.000000, 0.000000, 0.000000, 0.000000, 0.000000, 0.000142, 0.000142, 0.000142, 0.000142, 0.000450, 0.000450, 0.000450, 0.000450, 0.000142, 0.000142, 0.000142, 0.000142, 0.000142, 0.000142
1896, 0.039383, 0.000079, 0.000065, 0.000313, 0.000000, 0.000457, 0.000079, 0.000065, 0.000313, 0.000000, 0.000457, 0.000000, 0.000000, 0.000000, 0.000000, 0.000000, 0.000145, 0.000145, 0.000145, 0.000145, 0.000457, 0.000457, 0.000457, 0.000457, 0.000145, 0.000145, 0.000145, 0.000145, 0.000145, 0.000145
1897, 0.050651, 0.000081, 0.000066, 0.000317, 0.000000, 0.000464, 0.000081, 0.000066, 0.000317, 0.000000, 0.000464, 0.000000, 0.000000, 0.000000, 0.000000, 0.000000, 0.000147, 0.000147, 0.000147, 0.000147, 0.000464, 0.000464, 0.000464, 0.000464, 0.000147, 0.000147, 0.000147, 0.000147, 0.000147, 0.000147
1898, 0.048583, 0.000083, 0.000067, 0.000320, 0.000000, 0.000471, 0.000083, 0.000067, 0.000320, 0.000000, 0.000471, 0.000000, 0.000000, 0.000000, 0.000000, 0.000000, 0.000150, 0.000150, 0.000150, 0.000150, 0.000471, 0.000471, 0.000471, 0.000471, 0.000150, 0.000150, 0.000150, 0.000150, 0.000150, 0.000150
1899, 0.050974, 0.000084, 0.000069, 0.000324, 0.000000, 0.000478, 0.000084, 0.000069, 0.000324, 0.000000, 0.000478, 0.000000, 0.000000, 0.000000, 0.000000, 0.000000, 0.000153, 0.000153, 0.000153, 0.000153, 0.000478, 0.000478, 0.000478, 0.000478, 0.000153, 0.000153, 0.000153, 0.000153, 0.000153, 0.000153
1900, 0.053263, 0.000086, 0.000070, 0.000328, 0.000000, 0.000485, 0.000086, 0.000070, 0.000328, 0.000000, 0.000485, 0.000000, 0.000000, 0.000000, 0.000000, 0.000000, 0.000156, 0.000156, 0.000156, 0.000156, 0.000485, 0.000485, 0.000485, 0.000485, 0.000156, 0.000156, 0.000156, 0.000156, 0.000156, 0.000156
1901, 0.052661, 0.000088, 0.000071, 0.000333, 0.000000, 0.000493, 0.000088, 0.000071, 0.000333, 0.000000, 0.000493, 0.000000, 0.000000, 0.000000, 0.000000, 0.000000, 0.000160, 0.000160, 0.000160, 0.000160, 0.000493, 0.000493, 0.000493, 0.000493, 0.000160, 0.000160, 0.000160, 0.000160, 0.000160, 0.000160
1902, 0.044876, 0.000090, 0.000072, 0.000337, 0.000000, 0.000501, 0.000090, 0.000072, 0.000337, 0.000000, 0.000501, 0.000000, 0.000000, 0.000000, 0.000000, 0.000000, 0.000163, 0.000163, 0.000163, 0.000163, 0.000501, 0.000501, 0.000501, 0.000501, 0.000163, 0.000163, 0.000163, 0.000163, 0.000163, 0.000163
1903, 0.034075, 0.000092, 0.000073, 0.000342, 0.000000, 0.000510, 0.000092, 0.000073, 0.000342, 0.000000, 0.000510, 0.000000, 0.000000, 0.000000, 0.000000, 0.000000, 0.000166, 0.000166, 0.000166, 0.000166, 0.000509, 0.000509, 0.000509, 0.000509, 0.000166, 0.000166, 0.000166, 0.000166, 0.000166, 0.000166
1904, -0.031848, 0.000094, 0.000075, 0.000346, 0.000000, 0.000518, 0.000094, 0.000075, 0.000346, 0.000000, 0.000518, 0.000000, 0.000000, 0.000000, 0.000000, 0.000000, 0.000169, 0.000169, 0.000169, 0.000169, 0.000518, 0.000518, 0.000518, 0.000518, 0.000169, 0.000169, 0.000169, 0.000169, 0.000169, 0.000169
1905, -0.030617, 0.000097, 0.000076, 0.000351, 0.000000, 0.000526, 0.000097, 0.000076, 0.000351, 0.000000, 0.000526, 0.000000, 0.000000, 0.000000, 0.000000, 0.000000, 0.000173, 0.000173, 0.000173, 0.000173, 0.000526, 0.000526, 0.000526, 0.000526, 0.000173, 0.000173, 0.000173, 0.000173, 0.000173, 0.000173
1906, -0.006150, 0.000099, 0.000077, 0.000355, 0.000000, 0.000534, 0.000099, 0.000077, 0.000355, 0.000000, 0.000534, 0.000000, 0.000000, 0.000000, 0.000000, 0.000000, 0.000177, 0.000177, 0.000177, 0.000177, 0.000534, 0.000534, 0.000534, 0.000534, 0.000177, 0.000177, 0.000177, 0.000177, 0.000177, 0.000177
1907, 0.027337, 0.000101, 0.000078, 0.000359, 0.000000, 0.000542, 0.000101, 0.000078, 0.000359, 0.000000, 0.000542, 0.000000, 0.000000, 0.000000, 0.000000, 0.000000, 0.000181, 0.000181, 0.000181, 0.000181, 0.000542, 0.000542, 0.000542, 0.000542, 0.000181, 0.000181, 0.000181, 0.000181, 0.000181, 0.000181
1908, 0.020167, 0.000104, 0.000080, 0.000363, 0.000000, 0.000549, 0.000104, 0.000080, 0.000363, 0.000000, 0.000549, 0.000000, 0.000000, 0.000000, 0.000000, 0.000000, 0.000185, 0.000185, 0.000185, 0.000185, 0.000549, 0.000549, 0.000549, 0.000549, 0.000185, 0.000185, 0.000185, 0.000185, 0.000185, 0.000185
1909, 0.031193, 0.000107, 0.000081, 0.000367, 0.000000, 0.000558, 0.000107, 0.000081, 0.000367, 0.000000, 0.000558, 0.000000, 0.000000, 0.000000, 0.000000, 0.000000, 0.000189, 0.000189, 0.000189, 0.000189, 0.000558, 0.000558, 0.000558, 0.000558, 0.000189, 0.000189, 0.000189, 0.000189, 0.000189, 0.000189
1910, 0.034859, 0.000109, 0.000082, 0.000372, 0.000000, 0.000566, 0.000109, 0.000082, 0.000372, 0.000000, 0.000566, 0.000000, 0.000000, 0.000000, 0.000000, 0.000000, 0.000193, 0.000193, 0.000193, 0.000193, 0.000566, 0.000566, 0.000566, 0.000566, 0.000193, 0.000193, 0.000193, 0.000193, 0.000193, 0.000193
1911, 0.040654, 0.000112, 0.000084, 0.000376, 0.000000, 0.000574, 0.000112, 0.000084, 0.000376, 0.000000, 0.000574, 0.000000, 0.000000, 0.000000, 0.000000, 0.000000, 0.000197, 0.000197, 0.000197, 0.000197, 0.000574, 0.000574, 0.000574, 0.000574, 0.000197, 0.000197, 0.000197, 0.000197, 0.000197, 0.000197
1912, 0.042603, 0.000115, 0.000085, 0.000380, 0.000000, 0.000582, 0.000115, 0.000085, 0.000380, 0.000000, 0.000582, 0.000000, 0.000000, 0.000000, 0.000000, 0.000000, 0.000202, 0.000202, 0.000202, 0.000202, 0.000582, 0.000582, 0.000582, 0.000582, 0.000202, 0.000202, 0.000202, 0.000202, 0.000202, 0.000202
1913, -0.000004, 0.000118, 0.000087, 0.000384, 0.000000, 0.000591, 0.000118, 0.000087, 0.000384, 0.000000, 0.000591, 0.000000, 0.000000, 0.000000, 0.000000, 0.000000, 0.000206, 0.000206, 0.000206, 0.000206, 0.000591, 0.000591, 0.000591, 0.000591, 0.000206, 0.000206, 0.000206, 0.000206, 0.000206, 0.000206
1914, -0.015272, 0.000121, 0.000088, 0.000388, 0.000000, 0.000600, 0.000121, 0.000088, 0.000388, 0.000000, 0.000600, 0.000000, 0.000000, 0.000000, 0.000000, 0.000000, 0.000210, 0.000210, 0.000210, 0.000210, 0.000600, 0.000600, 0.000600, 0.000600, 0.000210, 0.000210, 0.000210, 0.000210, 0.000210, 0.000210
1915, 0.000323, 0.000124, 0.000090, 0.000393, 0.000000, 0.000609, 0.000124, 0.000090, 0.000393, 0.000000, 0.000609, 0.000000, 0.000000, 0.000000, 0.000000, 0.000000, 0.000215, 0.000215, 0.000215, 0.000215, 0.000609, 0.000609, 0.000609, 0.000609, 0.000215, 0.000215, 0.000215, 0.000215, 0.000215, 0.000215
1916, 0.029277, 0.000126, 0.000091, 0.000397, 0.000000, 0.000618, 0.000126, 0.000091, 0.000397, 0.000000, 0.000618, 0.000000, 0.000000, 0.000000, 0.000000, 0.000000, 0.000219, 0.000219, 0.000219, 0.000219, 0.000618, 0.000618, 0.000618, 0.000618, 0.000219, 0.000219, 0.000219, 0.000219, 0.000219, 0.000219
1917, 0.053190, 0.000129, 0.000093, 0.000402, 0.000000, 0.000626, 0.000129, 0.000093, 0.000402, 0.000000, 0.000626, 0.000000, 0.000000, 0.000000, 0.000000, 0.000000, 0.000223, 0.000223, 0.000223, 0.000223, 0.000626, 0.000626, 0.000626, 0.000626, 0.000223, 0.000223, 0.000223, 0.000223, 0.000223, 0.000223
1918, 0.071631, 0.000132, 0.000094, 0.000406, 0.000000, 0.000634, 0.000132, 0.000094, 0.000406, 0.000000, 0.000634, 0.000000, 0.000000, 0.000000, 0.000000, 0.000000, 0.000228, 0.000228, 0.000228, 0.000228, 0.000634, 0.000634, 0.000634, 0.000634, 0.000228, 0.000228, 0.000228, 0.000228, 0.000228, 0.000228
1919, 0.074765, 0.000135, 0.000096, 0.000410, 0.000000, 0.000642, 0.000135, 0.000096, 0.000410, 0.000000, 0.000642, 0.000000, 0.000000, 0.000000, 0.000000, 0.000000, 0.000232, 0.000232, 0.000232, 0.000232, 0.000642, 0.000642, 0.000642, 0.000642, 0.000232, 0.000232, 0.000232, 0.000232, 0.000232, 0.000232
1920, 0.089534, 0.000138, 0.000097, 0.000414, 0.000000, 0.000651, 0.000138, 0.000097, 0.000414, 0.000000, 0.000651, 0.000000, 0.000000, 0.000000, 0.000000, 0.000000, 0.000236, 0.000236, 0.000236, 0.000236, 0.000651, 0.000651, 0.000651, 0.000651, 0.000236, 0.000236, 0.000236, 0.000236, 0.000236, 0.000236
1921, 0.092060, 0.000141, 0.000099, 0.000418, 0.000000, 0.000660, 0.000141, 0.000099, 0.000418, 0.000000, 0.000660, 0.000000, 0.000000, 0.000000, 0.000000, 0.000000, 0.000241, 0.000241, 0.000241, 0.000241, 0.000660, 0.000660, 0.000660, 0.000660, 0.000241, 0.000241, 0.000241, 0.000241, 0.000241, 0.000241
1922, 0.093362, 0.000143, 0.000100, 0.000423, 0.000000, 0.000670, 0.000143, 0.000100, 0.000423, 0.000000, 0.000670, 0.000000, 0.000000, 0.000000, 0.000000, 0.000000, 0.000245, 0.000245, 0.000245, 0.000245, 0.000670, 0.000670, 0.000670, 0.000670, 0.000245, 0.000245, 0.000245, 0.000245, 0.000245, 0.000245
1923, 0.085118, 0.000146, 0.000102, 0.000428, 0.000000, 0.000680, 0.000146, 0.000102, 0.000428, 0.000000, 0.000680, 0.000000, 0.000000, 0.000000, 0.000000, 0.000000, 0.000250, 0.000250, 0.000250, 0.000250, 0.000680, 0.000680, 0.000680, 0.000680, 0.000250, 0.000250, 0.000250, 0.000250, 0.000250, 0.000250
1924, 0.078177, 0.000149, 0.000104, 0.000432, 0.000000, 0.000689, 0.000149, 0.000104, 0.000432, 0.000000, 0.000689, 0.000000, 0.000000, 0.000000, 0.000000, 0.000000, 0.000254, 0.000254, 0.000254, 0.000254, 0.000689, 0.000689, 0.000689, 0.000689, 0.000254, 0.000254, 0.000254, 0.000254, 0.000254, 0.000254
1925, 0.092203, 0.000152, 0.000105, 0.000436, 0.000000, 0.000698, 0.000152, 0.000105, 0.000436, 0.000000, 0.000698, 0.000000, 0.000000, 0.000000, 0.000000, 0.000000, 0.000259, 0.000259, 0.000259, 0.000259, 0.000698, 0.000698, 0.000698, 0.000698, 0.000259, 0.000259, 0.000259, 0.000259, 0.000259, 0.000259
1926, 0.094947, 0.000155, 0.000107, 0.000439, 0.000000, 0.000705, 0.000155, 0.000107, 0.000439, 0.000000, 0.000705, 0.000000, 0.000000, 0.000000, 0.000000, 0.000000, 0.000264, 0.000264, 0.000264, 0.000264, 0.000705, 0.000705, 0.000705, 0.000705, 0.000264, 0.000264, 0.000264, 0.000264, 0.000264, 0.000264
1927, 0.109993, 0.000158, 0.000109, 0.000441, 0.000000, 0.000712, 0.000158, 0.000109, 0.000441, 0.000000, 0.000712, 0.000000, 0.000000, 0.000000, 0.000000, 0.000000, 0.000269, 0.000269, 0.000269, 0.000269, 0.000712, 0.000712, 0.000712, 0.000712, 0.000269, 0.000269, 0.000269, 0.000269, 0.000269, 0.000269
1928, 0.120276, 0.000161, 0.000110, 0.000443, 0.000000, 0.000719, 0.000161, 0.000110, 0.000443, 0.000000, 0.000719, 0.000000, 0.000000, 0.000000, 0.000000, 0.000000, 0.000273, 0.000273, 0.000273, 0.000273, 0.000719, 0.000719, 0.000719, 0.000719, 0.000273, 0.000273, 0.000273, 0.000273, 0.000273, 0.000273
1929, 0.124337, 0.000165, 0.000112, 0.000445, 0.000000, 0.000726, 0.000165, 0.000112, 0.000445, 0.000000, 0.000726, 0.000000, 0.000000, 0.000000, 0.000000, 0.000000, 0.000279, 0.000279, 0.000279, 0.000279, 0.000726, 0.000726, 0.000726, 0.000726, 0.000279, 0.000279, 0.000279, 0.000279, 0.000279, 0.000279
1930, 0.101370, 0.000168, 0.000114, 0.000447, 0.000000, 0.000733, 0.000168, 0.000114, 0.000447, 0.000000, 0.000733, 0.000000, 0.000000, 0.000000, 0.000000, 0.000000, 0.000284, 0.000284, 0.000284, 0.000284, 0.000733, 0.000733, 0.000733, 0.000733, 0.000284, 0.000284, 0.000284, 0.000284, 0.000284, 0.000284
1931, 0.114551, 0.000171, 0.000116, 0.000449, 0.000000, 0.000740, 0.000171, 0.000116, 0.000449, 0.000000, 0.000740, 0.000000, 0.000000, 0.000000, 0.000000, 0.000000, 0.000289, 0.000289, 0.000289, 0.000289, 0.000740, 0.000740, 0.000740, 0.000740, 0.000289, 0.000289, 0.000289, 0.000289, 0.000289, 0.000289
1932, 0.132054, 0.000175, 0.000118, 0.000450, 0.000000, 0.000746, 0.000175, 0.000118, 0.000450, 0.000000, 0.000746, 0.000000, 0.000000, 0.000000, 0.000000, 0.000000, 0.000294, 0.000294, 0.000294, 0.000294, 0.000746, 0.000746, 0.000746, 0.000746, 0.000294, 0.000294, 0.000294, 0.000294, 0.000294, 0.000294
1933, 0.129454, 0.000178, 0.000119, 0.000451, 0.000000, 0.000752, 0.000178, 0.000119, 0.000451, 0.000000, 0.000752, 0.000000, 0.000000, 0.000000, 0.000000, 0.000000, 0.000299, 0.000299, 0.000299, 0.000299, 0.000752, 0.000752, 0.000752, 0.000752, 0.000299, 0.000299, 0.000299, 0.000299, 0.000299, 0.000299
1934, 0.131417, 0.000181, 0.000121, 0.000453, 0.000000, 0.000759, 0.000181, 0.000121, 0.000453, 0.000000, 0.000759, 0.000000, 0.000000, 0.000000, 0.000000, 0.000000, 0.000304, 0.000304, 0.000304, 0.000304, 0.000759, 0.000759, 0.000759, 0.000759, 0.000304, 0.000304, 0.000304, 0.000304, 0.000304, 0.000304
1935, 0.140243, 0.000184, 0.000123, 0.000455, 0.000000, 0.000765, 0.000184, 0.000123, 0.000455, 0.000000, 0.000765, 0.000000, 0.000000, 0.000000, 0.000000, 0.000000, 0.000308, 0.000308, 0.000308, 0.000308, 0.000765, 0.000765, 0.000765, 0.000765, 0.000308, 0.000308, 0.000308, 0.000308, 0.000308, 0.000308
1936, 0.149572, 0.000187, 0.000125, 0.000457, 0.000000, 0.000771, 0.000187, 0.000125, 0.000457, 0.000000, 0.000771, 0.000000, 0.000000, 0.000000, 0.000000, 0.000000, 0.000313, 0.000313, 0.000313, 0.000313, 0.000771, 0.000771, 0.000771, 0.000771, 0.000313, 0.000313, 0.000313, 0.000313, 0.000313, 0.000313
1937, 0.160001, 0.000190, 0.000127, 0.000459, 0.000000, 0.000778, 0.000190, 0.000127, 0.000459, 0.000000, 0.000778, 0.000000, 0.000000, 0.000000, 0.000000, 0.000000, 0.000319, 0.000319, 0.000319, 0.000319, 0.000778, 0.000778, 0.000778, 0.000778, 0.000319, 0.000319, 0.000319, 0.000319, 0.000319, 0.000319
1938, 0.172630, 0.000194, 0.000129, 0.000460, 0.000000, 0.000784, 0.000194, 0.000129, 0.000460, 0.000000, 0.000784, 0.000000, 0.000000, 0.000000, 0.000000, 0.000000, 0.000324, 0.000324, 0.000324, 0.000324, 0.000784, 0.000784, 0.000784, 0.000784, 0.000324, 0.000324, 0.000324, 0.000324, 0.000324, 0.000324
1939, 0.178374, 0.000197, 0.000131, 0.000461, 0.000000, 0.000791, 0.000197, 0.000131, 0.000461, 0.000000, 0.000791, 0.000000, 0.000000, 0.000000, 0.000000, 0.000000, 0.000329, 0.000329, 0.000329, 0.000329, 0.000791, 0.000791, 0.000791, 0.000791, 0.000329, 0.000329, 0.000329, 0.000329, 0.000329, 0.000329
1940, 0.180701, 0.000200, 0.000133, 0.000462, 0.000000, 0.000798, 0.000200, 0.000133, 0.000462, 0.000000, 0.000798, 0.000000, 0.000000, 0.000000, 0.000000, 0.000000, 0.000335, 0.000335, 0.000335, 0.000335, 0.000798, 0.000798, 0.000798, 0.000798, 0.000335, 0.000335, 0.000335, 0.000335, 0.000335, 0.000335
1941, 0.184501, 0.000204, 0.000135, 0.000463, 0.000000, 0.000804, 0.000204, 0.000135, 0.000463, 0.000000, 0.000804, 0.000000, 0.000000, 0.000000, 0.000000, 0.000000, 0.000340, 0.000340, 0.000340, 0.000340, 0.000804, 0.000804, 0.000804, 0.000804, 0.000340, 0.000340, 0.000340, 0.000340, 0.000340, 0.000340
1942, 0.185196, 0.000208, 0.000137, 0.000464, 0.000000, 0.000812, 0.000208, 0.000137, 0.000464, 0.000000, 0.000812, 0.000000, 0.000000, 0.000000, 0.000000, 0.000000, 0.000346, 0.000346, 0.000346, 0.000346, 0.000812, 0.000812, 0.000812, 0.000812, 0.000346, 0.000346, 0.000346, 0.000346, 0.000346, 0.000346
1943, 0.174705, 0.000211, 0.000139, 0.000465, 0.000000, 0.000819, 0.000211, 0.000139, 0.000465, 0.000000, 0.000819, 0.000000, 0.000000, 0.000000, 0.000000, 0.000000, 0.000352, 0.000352, 0.000352, 0.000352, 0.000819, 0.000819, 0.000819, 0.000819, 0.000352, 0.000352, 0.000352, 0.000352, 0.000352, 0.000352
1944, 0.173291, 0.000215, 0.000141, 0.000466, 0.000000, 0.000827, 0.000215, 0.000141, 0.000466, 0.000000, 0.000827, 0.000000, 0.000000, 0.000000, 0.000000, 0.000000, 0.000358, 0.000358, 0.000358, 0.000358, 0.000827, 0.000827, 0.000827, 0.000827, 0.000358, 0.000358, 0.000358, 0.000358, 0.000358, 0.000358
1945, 0.181185, 0.000219, 0.000143, 0.000468, 0.000000, 0.000835, 0.000219, 0.000143, 0.000468, 0.000000, 0.000835, 0.000000, 0.000000, 0.000000, 0.000000, 0.000000, 0.000364, 0.000364, 0.000364, 0.000364, 0.000835, 0.000835, 0.000835, 0.000835, 0.000364, 0.000364, 0.000364, 0.000364, 0.000364, 0.000364
1946, 0.193813, 0.000223, 0.000145, 0.000471, 0.000000, 0.000842, 0.000223, 0.000145, 0.000471, 0.000000, 0.000842, 0.000000, 0.000000, 0.000000, 0.000000, 0.000000, 0.000370, 0.000370, 0.000370, 0.000370, 0.000842, 0.000842, 0.000842, 0.000842, 0.000370, 0.000370, 0.000370, 0.000370, 0.000370, 0.000370
1947, 0.206308, 0.000226, 0.000148, 0.000473, 0.000000, 0.000850, 0.000226, 0.000148, 0.000473, 0.000000, 0.000850, 0.000000, 0.000000, 0.000000, 0.000000, 0.000000, 0.000376, 0.000376, 0.000376, 0.000376, 0.000850, 0.000850, 0.000850, 0.000850, 0.000376, 0.000376, 0.000376, 0.000376, 0.000376, 0.000376
1948, 0.212617, 0.000230, 0.000151, 0.000473, 0.000000, 0.000858, 0.000230, 0.000151, 0.000473, 0.000000, 0.000858, 0.000000, 0.000000, 0.000000, 0.000000, 0.000000, 0.000383, 0.000383, 0.000383, 0.000383, 0.000858, 0.000858, 0.000858, 0.000858, 0.000383, 0.000383, 0.000383, 0.000383, 0.000383, 0.000383
1949, 0.222242, 0.000233, 0.000154, 0.000474, 0.000000, 0.000866, 0.000233, 0.000154, 0.000474, 0.000000, 0.000866, 0.000000, 0.000000, 0.000000, 0.000000, 0.000000, 0.000390, 0.000390, 0.000390, 0.000390, 0.000866, 0.000866, 0.000866, 0.000866, 0.000390, 0.000390, 0.000390, 0.000390, 0.000390, 0.000390
1950, 0.233395, 0.000238, 0.000157, 0.000475, 0.000000, 0.000874, 0.000238, 0.000157, 0.000475, 0.000000, 0.000874, 0.000000, 0.000000, 0.000000, 0.000000, 0.000000, 0.000397, 0.000397, 0.000397, 0.000397, 0.000874, 0.000874, 0.000874, 0.000874, 0.000397, 0.000397, 0.000397, 0.000397, 0.000397, 0.000397
1951, 0.232178, 0.000242, 0.000161, 0.000477, 0.000000, 0.000884, 0.000242, 0.000161, 0.000477, 0.000000, 0.000884, 0.000000, 0.000000, 0.000000, 0.000000, 0.000000, 0.000405, 0.000405, 0.000405, 0.000405, 0.000884, 0.000884, 0.000884, 0.000884, 0.000405, 0.000405, 0.000405, 0.000405, 0.000405, 0.000405
1952, 0.228880, 0.000247, 0.000165, 0.000479, 0.000000, 0.000895, 0.000247, 0.000165, 0.000479, 0.000000, 0.000895, 0.000000, 0.000000, 0.000000, 0.000000, 0.000000, 0.000414, 0.000414, 0.000414, 0.000414, 0.000895, 0.000895, 0.000895, 0.000895, 0.000414, 0.000414, 0.000414, 0.000414, 0.000414, 0.000414
1953, 0.225979, 0.000252, 0.000169, 0.000481, 0.000000, 0.000906, 0.000252, 0.000169, 0.000481, 0.000000, 0.000906, 0.000000, 0.000000, 0.000000, 0.000000, 0.000000, 0.000422, 0.000422, 0.000422, 0.000422, 0.000906, 0.000906, 0.000906, 0.000906, 0.000422, 0.000422, 0.000422, 0.000422, 0.000422, 0.000422
1954, 0.227160, 0.000257, 0.000173, 0.000484, 0.000000, 0.000918, 0.000257, 0.000173, 0.000484, 0.000000, 0.000918, 0.000000, 0.000000, 0.000000, 0.000000, 0.000000, 0.000432, 0.000432, 0.000432, 0.000432, 0.000918, 0.000918, 0.000918, 0.000918, 0.000432, 0.000432, 0.000432, 0.000432, 0.000432, 0.000432
1955, 0.233507, 0.000262, 0.000177, 0.000487, 0.000000, 0.000929, 0.000262, 0.000177, 0.000487, 0.000000, 0.000929, 0.000000, 0.000000, 0.000000, 0.000000, 0.000000, 0.000441, 0.000441, 0.000441, 0.000441, 0.000929, 0.000929, 0.000929, 0.000929, 0.000441, 0.000441, 0.000441, 0.000441, 0.000441, 0.000441
1956, 0.232489, 0.000267, 0.000182, 0.000490, 0.000000, 0.000942, 0.000267, 0.000182, 0.000490, 0.000000, 0.000942, 0.000000, 0.000000, 0.000000, 0.000000, 0.000000, 0.000451, 0.000451, 0.000451, 0.000451, 0.000942, 0.000942, 0.000942, 0.000942, 0.000451, 0.000451, 0.000451, 0.000451, 0.000451, 0.000451
1957, 0.243224, 0.000273, 0.000186, 0.000493, 0.000000, 0.000955, 0.000273, 0.000186, 0.000493, 0.000000, 0.000955, 0.000000, 0.000000, 0.000000, 0.000000, 0.000000, 0.000461, 0.000461, 0.000461, 0.000461, 0.000955, 0.000955, 0.000955, 0.000955, 0.000461, 0.000461, 0.000461, 0.000461, 0.000461, 0.000461
1958, 0.254083, 0.000279, 0.000190, 0.000495, 0.000000, 0.000969, 0.000279, 0.000190, 0.000495, 0.000000, 0.000969, 0.000000, 0.000000, 0.000000, 0.000000, 0.000000, 0.000471, 0.000471, 0.000471, 0.000471, 0.000969, 0.000969, 0.000969, 0.000969, 0.000471, 0.000471, 0.000471, 0.000471, 0.000471, 0.000471
1959, 0.265315, 0.000286, 0.000195, 0.000498, 0.000000, 0.000983, 0.000286, 0.000195, 0.000498, 0.000000, 0.000983, 0.000000, 0.000000, 0.000000, 0.000000, 0.000000, 0.000482, 0.000482, 0.000482, 0.000482, 0.000983, 0.000983, 0.000983, 0.000983, 0.000482, 0.000482, 0.000482, 0.000482, 0.000482, 0.000482
1960, 0.277015, 0.000292, 0.000200, 0.000501, 0.000000, 0.000996, 0.000292, 0.000200, 0.000501, 0.000000, 0.000996, 0.000000, 0.000000, 0.000000, 0.000000, 0.000000, 0.000493, 0.000493, 0.000493, 0.000493, 0.000996, 0.000996, 0.000996, 0.000996, 0.000493, 0.000493, 0.000493, 0.000493, 0.000493, 0.000493
1961, 0.277972, 0.000299, 0.000204, 0.000505, 0.000000, 0.001011, 0.000299, 0.000204, 0.000505, 0.000000, 0.001011, 0.000000, 0.000000, 0.000000, 0.000000, 0.000000, 0.000504, 0.000504, 0.000504, 0.000504, 0.001011, 0.001011, 0.001011, 0.001011, 0.000504, 0.000504, 0.000504, 0.000504, 0.000504, 0.000504
1962, 0.273077, 0.000306, 0.000209, 0.000509, 0.000000, 0.001027, 0.000306, 0.000209, 0.000509, 0.000000, 0.001027, 0.000000, 0.000000, 0.000000, 0.000000, 0.000000, 0.000515, 0.000515, 0.000515, 0.000515, 0.001027, 0.001027, 0.001027, 0.001027, 0.000515, 0.000515, 0.000515, 0.000515, 0.000515, 0.000515
1963, 0.252418, 0.000313, 0.000214, 0.000512, 0.000000, 0.001043, 0.000313, 0.000214, 0.000512, 0.000000, 0.001043, 0.000000, 0.000000, 0.000000, 0.000000, 0.000000, 0.000527, 0.000527, 0.000527, 0.000527, 0.001043, 0.001043, 0.001043, 0.001043, 0.000527, 0.000527, 0.000527, 0.000527, 0.000527, 0.000527
1964, 0.167302, 0.000320, 0.000219, 0.000517, 0.000000, 0.001060, 0.000320, 0.000219, 0.000517, 0.000000, 0.001060, 0.000000, 0.000000, 0.000000, 0.000000, 0.000000, 0.000539, 0.000539, 0.000539, 0.000539, 0.001060, 0.001060, 0.001060, 0.001060, 0.000539, 0.000539, 0.000539, 0.000539, 0.000539, 0.000539
1965, 0.138924, 0.000327, 0.000224, 0.000521, 0.000000, 0.001077, 0.000327, 0.000224, 0.000521, 0.000000, 0.001077, 0.000000, 0.000000, 0.000000, 0.000000, 0.000000, 0.000552, 0.000552, 0.000552, 0.000552, 0.001077, 0.001077, 0.001077, 0.001077, 0.000552, 0.000552, 0.000552, 0.000552, 0.000552, 0.000552
1966, 0.157005, 0.000334, 0.000230, 0.000527, 0.000000, 0.001097, 0.000334, 0.000230, 0.000527, 0.000000, 0.001097, 0.000000, 0.000000, 0.000000, 0.000000, 0.000000, 0.000564, 0.000564, 0.000564, 0.000564, 0.001097, 0.001097, 0.001097, 0.001097, 0.000564, 0.000564, 0.000564, 0.000564, 0.000564, 0.000564
1967, 0.209818, 0.000342, 0.000235, 0.000535, 0.000000, 0.001119, 0.000342, 0.000235, 0.000535, 0.000000, 0.001119, 0.000000, 0.000000, 0.000000, 0.000000, 0.000000, 0.000577, 0.000577, 0.000577, 0.000577, 0.001119, 0.001119, 0.001119, 0.001119, 0.000577, 0.000577, 0.000577, 0.000577, 0.000577, 0.000577
1968, 0.218282, 0.000349, 0.000242, 0.000543, 0.000000, 0.001141, 0.000349, 0.000242, 0.000543, 0.000000, 0.001141, 0.000000, 0.000000, 0.000000, 0.000000, 0.000000, 0.000592, 0.000592, 0.000592, 0.000592, 0.001141, 0.001141, 0.001141, 0.001141, 0.000592, 0.000592, 0.000592, 0.000592, 0.000592, 0.000592
1969, 0.237385, 0.000358, 0.000248, 0.000552, 0.000000, 0.001164, 0.000358, 0.000248, 0.000552, 0.000000, 0.001164, 0.000000, 0.000000, 0.000000, 0.000000, 0.000000, 0.000606, 0.000606, 0.000606, 0.000606, 0.001164, 0.001164, 0.001164, 0.001164, 0.000606, 0.000606, 0.000606, 0.000606, 0.000606, 0.000606
1970, 0.268737, 0.000367, 0.000254, 0.000560, 0.000000, 0.001188, 0.000367, 0.000254, 0.000560, 0.000000, 0.001188, 0.000000, 0.000000, 0.000000, 0.000000, 0.000000, 0.000622, 0.000622, 0.000622, 0.000622, 0.001188, 0.001188, 0.001188, 0.001188, 0.000622, 0.000622, 0.000622, 0.000622, 0.000622, 0.000622
1971, 0.285487, 0.000376, 0.000261, 0.000570, 0.000000, 0.001213, 0.000376, 0.000261, 0.000570, 0.000000, 0.001213, 0.000000, 0.000000, 0.000000, 0.000000, 0.000000, 0.000638, 0.000638, 0.000638, 0.000638, 0.001213, 0.001213, 0.001213, 0.001213, 0.000638, 0.000638, 0.000638, 0.000638, 0.000638, 0.000638
1972, 0.285727, 0.000386, 0.000268, 0.000581, 0.000000, 0.001238, 0.000386, 0.000268, 0.000581, 0.000000, 0.001238, 0.000000, 0.000000, 0.000000, 0.000000, 0.000000, 0.000654, 0.000654, 0.000654, 0.000654, 0.001238, 0.001238, 0.001238, 0.001238, 0.000654, 0.000654, 0.000654, 0.000654, 0.000654, 0.000654
1973, 0.292933, 0.000396, 0.000275, 0.000592, 0.000000, 0.001268, 0.000396, 0.000275, 0.000592, 0.000000, 0.001268, 0.000000, 0.000000, 0.000000, 0.000000, 0.000000, 0.000671, 0.000671, 0.000671, 0.000671, 0.001268, 0.001268, 0.001268, 0.001268, 0.000671, 0.000671, 0.000671, 0.000671, 0.000671, 0.000671
1974, 0.318011, 0.000407, 0.000282, 0.000607, 0.000000, 0.001299, 0.000407, 0.000282, 0.000607, 0.000000, 0.001299, 0.000000, 0.000000, 0.000000, 0.000000, 0.000000, 0.000689, 0.000689, 0.000689, 0.000689, 0.001299, 0.001299, 0.001299, 0.001299, 0.000689, 0.000689, 0.000689, 0.000689, 0.000689, 0.000689
1975, 0.332357, 0.000417, 0.000289, 0.000623, 0.000000, 0.001333, 0.000417, 0.000289, 0.000623, 0.000000, 0.001333, 0.000000, 0.000000, 0.000000, 0.000000, 0.000000, 0.000706, 0.000706, 0.000706, 0.000706, 0.001333, 0.001333, 0.001333, 0.001333, 0.000706, 0.000706, 0.000706, 0.000706, 0.000706, 0.000706
1976, 0.322852, 0.000427, 0.000295, 0.000639, 0.000000, 0.001366, 0.000427, 0.000295, 0.000639, 0.000000, 0.001366, 0.000000, 0.000000, 0.000000, 0.000000, 0.000000, 0.000724, 0.000724, 0.000724, 0.000724, 0.001366, 0.001366, 0.001366, 0.001366, 0.000724, 0.000724, 0.000724, 0.000724, 0.000724, 0.000724
1977, 0.342374, 0.000437, 0.000303, 0.000654, 0.000000, 0.001397, 0.000437, 0.000303, 0.000654, 0.000000, 0.001397, 0.000000, 0.000000, 0.000000, 0.000000, 0.000000, 0.000742, 0.000742, 0.000742, 0.000742, 0.001397, 0.001397, 0.001397, 0.001397, 0.000742, 0.000742, 0.000742, 0.000742, 0.000742, 0.000742
1978, 0.371698, 0.000448, 0.000310, 0.000669, 0.000000, 0.001430, 0.000448, 0.000310, 0.000669, 0.000000, 0.001430, 0.000000, 0.000000, 0.000000, 0.000000, 0.000000, 0.000760, 0.000760, 0.000760, 0.000760, 0.001430, 0.001430, 0.001430, 0.001430, 0.000760, 0.000760, 0.000760, 0.000760, 0.000760, 0.000760
1979, 0.401435, 0.000458, 0.000317, 0.000683, 0.000000, 0.001462, 0.000458, 0.000317, 0.000683, 0.000000, 0.001462, 0.000000, 0.000000, 0.000000, 0.000000, 0.000000, 0.000779, 0.000779, 0.000779, 0.000779, 0.001462, 0.001462, 0.001462, 0.001462, 0.000779, 0.000779, 0.000779, 0.000779, 0.000779, 0.000779
1980, 0.429553, 0.000470, 0.000325, 0.000696, 0.000000, 0.001493, 0.000470, 0.000325, 0.000696, 0.000000, 0.001493, 0.000000, 0.000000, 0.000000, 0.000000, 0.000000, 0.000798, 0.000798, 0.000798, 0.000798, 0.001493, 0.001493, 0.001493, 0.001493, 0.000798, 0.000798, 0.000798, 0.000798, 0.000798, 0.000798
1981, 0.451148, 0.000482, 0.000332, 0.000708, 0.000000, 0.001525, 0.000482, 0.000332, 0.000708, 0.000000, 0.001525, 0.000000, 0.000000, 0.000000, 0.000000, 0.000000, 0.000817, 0.000817, 0.000817, 0.000817, 0.001525, 0.001525, 0.001525, 0.001525, 0.000817, 0.000817, 0.000817, 0.000817, 0.000817, 0.000817
1982, 0.471409, 0.000495, 0.000340, 0.000719, 0.000000, 0.001555, 0.000495, 0.000340, 0.000719, 0.000000, 0.001555, 0.000000, 0.000000, 0.000000, 0.000000, 0.000000, 0.000837, 0.000837, 0.000837, 0.000837, 0.001555, 0.001555, 0.001555, 0.001555, 0.000837, 0.000837, 0.000837, 0.000837, 0.000837, 0.000837
1983, 0.452539, 0.000506, 0.000348, 0.000728, 0.000000, 0.001584, 0.000506, 0.000348, 0.000728, 0.000000, 0.001584, 0.000000, 0.000000, 0.000000, 0.000000, 0.000000, 0.000857, 0.000857, 0.000857, 0.000857, 0.001584, 0.001584, 0.001584, 0.001584, 0.000857, 0.000857, 0.000857, 0.000857, 0.000857, 0.000857
1984, 0.427244, 0.000518, 0.000355, 0.000738, 0.000000, 0.001614, 0.000518, 0.000355, 0.000738, 0.000000, 0.001614, 0.000000, 0.000000, 0.000000, 0.000000, 0.000000, 0.000877, 0.000877, 0.000877, 0.000877, 0.001614, 0.001614, 0.001614, 0.001614, 0.000877, 0.000877, 0.000877, 0.000877, 0.000877, 0.000877
1985, 0.441880, 0.000530, 0.000363, 0.000747, 0.000000, 0.001643, 0.000530, 0.000363, 0.000747, 0.000000, 0.001643, 0.000000, 0.000000, 0.000000, 0.000000, 0.000000, 0.000896, 0.000896, 0.000896, 0.000896, 0.001643, 0.001643, 0.001643, 0.001643, 0.000896, 0.000896, 0.000896, 0.000896, 0.000896, 0.000896
1986, 0.472366, 0.000542, 0.000371, 0.000756, 0.000000, 0.001673, 0.000542, 0.000371, 0.000756, 0.000000, 0.001673, 0.000000, 0.000000, 0.000000, 0.000000, 0.000000, 0.000916, 0.000916, 0.000916, 0.000916, 0.001673, 0.001673, 0.001673, 0.001673, 0.000916, 0.000916, 0.000916, 0.000916, 0.000916, 0.000916
1987, 0.500265, 0.000554, 0.000378, 0.000764, 0.000000, 0.001701, 0.000554, 0.000378, 0.000764, 0.000000, 0.001701, 0.000000, 0.000000, 0.000000, 0.000000, 0.000000, 0.000936, 0.000936, 0.000936, 0.000936, 0.001701, 0.001701, 0.001701, 0.001701, 0.000936, 0.000936, 0.000936, 0.000936, 0.000936, 0.000936
1988, 0.531981, 0.000567, 0.000386, 0.000771, 0.000000, 0.001728, 0.000567, 0.000386, 0.000771, 0.000000, 0.001728, 0.000000, 0.000000, 0.000000, 0.000000, 0.000000, 0.000957, 0.000957, 0.000957, 0.000957, 0.001728, 0.001728, 0.001728, 0.001728, 0.000957, 0.000957, 0.000957, 0.000957, 0.000957, 0.000957
1989, 0.569558, 0.000580, 0.000394, 0.000776, 0.000000, 0.001754, 0.000580, 0.000394, 0.000776, 0.000000, 0.001754, 0.000000, 0.000000, 0.000000, 0.000000, 0.000000, 0.000978, 0.000978, 0.000978, 0.000978, 0.001754, 0.001754, 0.001754, 0.001754, 0.000978, 0.000978, 0.000978, 0.000978, 0.000978, 0.000978
1990, 0.604106, 0.000593, 0.000401, 0.000781, 0.000000, 0.001780, 0.000593, 0.000401, 0.000781, 0.000000, 0.001780, 0.000000, 0.000000, 0.000000, 0.000000, 0.000000, 0.000999, 0.000999, 0.000999, 0.000999, 0.001780, 0.001780, 0.001780, 0.001780, 0.000999, 0.000999, 0.000999, 0.000999, 0.000999, 0.000999
1991, 0.632910, 0.000607, 0.000409, 0.000787, 0.000000, 0.001808, 0.000607, 0.000409, 0.000787, 0.000000, 0.001808, 0.000000, 0.000000, 0.000000, 0.000000, 0.000000, 0.001022, 0.001022, 0.001022, 0.001022, 0.001808, 0.001808, 0.001808, 0.001808, 0.001022, 0.001022, 0.001022, 0.001022, 0.001022, 0.001022
1992, 0.591076, 0.000622, 0.000416, 0.000793, 0.000000, 0.001838, 0.000622, 0.000416, 0.000793, 0.000000, 0.001838, 0.000000, 0.000000, 0.000000, 0.000000, 0.000000, 0.001045, 0.001045, 0.001045, 0.001045, 0.001838, 0.001838, 0.001838, 0.001838, 0.001045, 0.001045, 0.001045, 0.001045, 0.001045, 0.001045
1993, 0.495053, 0.000637, 0.000424, 0.000801, 0.000000, 0.001867, 0.000637, 0.000424, 0.000801, 0.000000, 0.001867, 0.000000, 0.000000, 0.000000, 0.000000, 0.000000, 0.001067, 0.001067, 0.001067, 0.001067, 0.001866, 0.001866, 0.001866, 0.001866, 0.001067, 0.001067, 0.001067, 0.001067, 0.001067, 0.001067
1994, 0.509330, 0.000652, 0.000431, 0.000808, 0.000000, 0.001895, 0.000652, 0.000431, 0.000808, 0.000000, 0.001895, 0.000000, 0.000000, 0.000000, 0.000000, 0.000000, 0.001090, 0.001090, 0.001090, 0.001090, 0.001895, 0.001895, 0.001895, 0.001895, 0.001090, 0.001090, 0.001090, 0.001090, 0.001090, 0.001090
1995, 0.579168, 0.000667, 0.000439, 0.000815, 0.000000, 0.001924, 0.000667, 0.000439, 0.000815, 0.000000, 0.001924, 0.000000, 0.000000, 0.000000, 0.000000, 0.000000, 0.001114, 0.001114, 0.001114, 0.001114, 0.001924, 0.001924, 0.001924, 0.001924, 0.001114, 0.001114, 0.001114, 0.001114, 0.001114, 0.001114
1996, 0.638556, 0.000682, 0.000447, 0.000821, 0.000000, 0.001955, 0.000682, 0.000447, 0.000821, 0.000000, 0.001955, 0.000000, 0.000000, 0.000000, 0.000000, 0.000000, 0.001138, 0.001138, 0.001138, 0.001138, 0.001955, 0.001955, 0.001955, 0.001955, 0.001138, 0.001138, 0.001138, 0.001138, 0.001138, 0.001138
1997, 0.681976, 0.000698, 0.000454, 0.000828, 0.000000, 0.001986, 0.000698, 0.000454, 0.000828, 0.000000, 0.001986, 0.000000, 0.000000, 0.000000, 0.000000, 0.000000, 0.001163, 0.001163, 0.001163, 0.001163, 0.001986, 0.001986, 0.001986, 0.001986, 0.001163, 0.001163, 0.001163, 0.001163, 0.001163, 0.001163
1998, 0.707210, 0.000714, 0.000462, 0.000835, 0.000000, 0.002020, 0.000714, 0.000462, 0.000835, 0.000000, 0.002020, 0.000000, 0.000000, 0.000000, 0.000000, 0.000000, 0.001188, 0.001188, 0.001188, 0.001188, 0.002020, 0.002020, 0.002020, 0.002020, 0.001188, 0.001188, 0.001188, 0.001188, 0.001188, 0.001188
1999, 0.736988, 0.000731, 0.000470, 0.000842, 0.000000, 0.002054, 0.000731, 0.000470, 0.000842, 0.000000, 0.002054, 0.000000, 0.000000, 0.000000, 0.000000, 0.000000, 0.001212, 0.001212, 0.001212, 0.001212, 0.002053, 0.002053, 0.002053, 0.002053, 0.001212, 0.001212, 0.001212, 0.001212, 0.001212, 0.001212
2000, 0.781756, 0.000750, 0.000478, 0.000849, 0.000000, 0.002087, 0.000750, 0.000478, 0.000849, 0.000000, 0.002087, 0.000000, 0.000000, 0.000000, 0.000000, 0.000000, 0.001238, 0.001238, 0.001238, 0.001238, 0.002087, 0.002087, 0.002087, 0.002087, 0.001238, 0.001238, 0.001238, 0.001238, 0.001238, 0.001238
2001, 0.821889, 0.000769, 0.000486, 0.000855, 0.000000, 0.002122, 0.000769, 0.000486, 0.000855, 0.000000, 0.002122, 0.000000, 0.000000, 0.000000, 0.000000, 0.000000, 0.001266, 0.001266, 0.001266, 0.001266, 0.002122, 0.002122, 0.002122, 0.002122, 0.001266, 0.001266, 0.001266, 0.001266, 0.001266, 0.001266
2002, 0.851104, 0.000788, 0.000493, 0.000860, 0.000000, 0.002154, 0.000788, 0.000493, 0.000860, 0.000000, 0.002154, 0.000000, 0.000000, 0.000000, 0.000000, 0.000000, 0.001293, 0.001293, 0.001293, 0.001293, 0.002154, 0.002154, 0.002154, 0.002154, 0.001293, 0.001293, 0.001293, 0.001293, 0.001293, 0.001293
2003, 0.871050, 0.000808, 0.000500, 0.000865, 0.000000, 0.002185, 0.000808, 0.000500, 0.000865, 0.000000, 0.002185, 0.000000, 0.000000, 0.000000, 0.000000, 0.000000, 0.001321, 0.001321, 0.001321, 0.001321, 0.002185, 0.002185, 0.002185, 0.002185, 0.001321, 0.001321, 0.001321, 0.001321, 0.001321, 0.001321
2004, 0.872212, 0.000828, 0.000507, 0.000871, 0.000000, 0.002218, 0.000828, 0.000507, 0.000871, 0.000000, 0.002218, 0.000000, 0.000000, 0.000000, 0.000000, 0.000000, 0.001348, 0.001348, 0.001348, 0.001348, 0.002218, 0.002218, 0.002218, 0.002218, 0.001348, 0.001348, 0.001348, 0.001348, 0.001348, 0.001348
2005, 0.890078, 0.000847, 0.000513, 0.000875, 0.000000, 0.002249, 0.000847, 0.000513, 0.000875, 0.000000, 0.002249, 0.000000, 0.000000, 0.000000, 0.000000, 0.000000, 0.001375, 0.001375, 0.001375, 0.001375, 0.002249, 0.002249, 0.002249, 0.002249, 0.001375, 0.001375, 0.001375, 0.001375, 0.001375, 0.001375
2006, 0.894429, 0.000867, 0.000519, 0.000877, 0.000000, 0.002279, 0.000867, 0.000519, 0.000877, 0.000000, 0.002279, 0.000000, 0.000000, 0.000000, 0.000000, 0.000000, 0.001401, 0.001401, 0.001401, 0.001401, 0.002279, 0.002279, 0.002279, 0.002279, 0.001401, 0.001401, 0.001401, 0.001401, 0.001401, 0.001401
2007, 0.907959, 0.000887, 0.000525, 0.000878, 0.000000, 0.002308, 0.000887, 0.000525, 0.000878, 0.000000, 0.002308, 0.000000, 0.000000, 0.000000, 0.000000, 0.000000, 0.001427, 0.001427, 0.001427, 0.001427, 0.002308, 0.002308, 0.002308, 0.002308, 0.001427, 0.001427, 0.001427, 0.001427, 0.001427, 0.001427
2008, 0.919839, 0.000907, 0.000531, 0.000878, 0.000000, 0.002332, 0.000907, 0.000531, 0.000878, 0.000000, 0.002332, 0.000000, 0.000000, 0.000000, 0.000000, 0.000000, 0.001453, 0.001453, 0.001453, 0.001453, 0.002332, 0.002332, 0.002332, 0.002332, 0.001453, 0.001453, 0.001453, 0.001453, 0.001453, 0.001453
2009, 0.933987, 0.000926, 0.000536, 0.000878, 0.000000, 0.002357, 0.000926, 0.000536, 0.000878, 0.000000, 0.002357, 0.000000, 0.000000, 0.000000, 0.000000, 0.000000, 0.001478, 0.001478, 0.001478, 0.001478, 0.002357, 0.002357, 0.002357, 0.002357, 0.001478, 0.001478, 0.001478, 0.001478, 0.001478, 0.001478
2010, 0.960946, 0.000946, 0.000540, 0.000877, 0.000000, 0.002381, 0.000946, 0.000540, 0.000877, 0.000000, 0.002381, 0.000000, 0.000000, 0.000000, 0.000000, 0.000000, 0.001502, 0.001502, 0.001502, 0.001502, 0.002381, 0.002381, 0.002381, 0.002381, 0.001502, 0.001502, 0.001502, 0.001502, 0.001502, 0.001502
2011, 0.980475, 0.000963, 0.000546, 0.000873, 0.000000, 0.002400, 0.000963, 0.000546, 0.000873, 0.000000, 0.002400, 0.000000, 0.000000, 0.000000, 0.000000, 0.000000, 0.001524, 0.001524, 0.001524, 0.001524, 0.002400, 0.002400, 0.002400, 0.002400, 0.001524, 0.001524, 0.001524, 0.001524, 0.001524, 0.001524
2012, 1.000761, 0.000980, 0.000550, 0.000870, 0.000000, 0.002418, 0.000980, 0.000550, 0.000870, 0.000000, 0.002418, 0.000000, 0.000000, 0.000000, 0.000000, 0.000000, 0.001547, 0.001547, 0.001547, 0.001547, 0.002417, 0.002417, 0.002417, 0.002417, 0.001547, 0.001547, 0.001547, 0.001547, 0.001547, 0.001547
2013, 1.039564, 0.000995, 0.000554, 0.000866, 0.000000, 0.002435, 0.000995, 0.000554, 0.000866, 0.000000, 0.002435, 0.000000, 0.000000, 0.000000, 0.000000, 0.000000, 0.001569, 0.001569, 0.001569, 0.001569, 0.002434, 0.002434, 0.002434, 0.002434, 0.001569, 0.001569, 0.001569, 0.001569, 0.001569, 0.001569
2014, 1.061671, 0.001009, 0.000558, 0.000864, 0.000000, 0.002453, 0.001009, 0.000558, 0.000864, 0.000000, 0.002453, 0.000000, 0.000000, 0.000000, 0.000000, 0.000000, 0.001588, 0.001588, 0.001588, 0.001588, 0.002453, 0.002453, 0.002453, 0.002453, 0.001588, 0.001588, 0.001588, 0.001588, 0.001588, 0.001588
2015, 1.086301, 0.001024, 0.000562, 0.000863, 0.000000, 0.002468, 0.001024, 0.000562, 0.000863, 0.000000, 0.002468, 0.000000, 0.000000, 0.000000, 0.000000, 0.000000, 0.001607, 0.001607, 0.001607, 0.001607, 0.002468, 0.002468, 0.002468, 0.002468, 0.001607, 0.001607, 0.001607, 0.001607, 0.001607, 0.001607
2016, 1.115474, 0.001039, 0.000567, 0.000863, 0.000000, 0.002482, 0.001039, 0.000567, 0.000863, 0.000000, 0.002482, 0.000000, 0.000000, 0.000000, 0.000000, 0.000000, 0.001624, 0.001624, 0.001624, 0.001624, 0.002482, 0.002482, 0.002482, 0.002482, 0.001624, 0.001624, 0.001624, 0.001624, 0.001624, 0.001624
2017, 1.145055, 0.001054, 0.000572, 0.000864, 0.000000, 0.002503, 0.001054, 0.000572, 0.000864, 0.000000, 0.002503, 0.000000, 0.000000, 0.000000, 0.000000, 0.000000, 0.001641, 0.001641, 0.001641, 0.001641, 0.002503, 0.002503, 0.002503, 0.002503, 0.001641, 0.001641, 0.001641, 0.001641, 0.001641, 0.001641
2018, 1.178432, 0.001069, 0.000576, 0.000867, 0.000000, 0.002525, 0.001069, 0.000576, 0.000867, 0.000000, 0.002525, 0.000000, 0.000000, 0.000000, 0.000000, 0.000000, 0.001659, 0.001659, 0.001659, 0.001659, 0.002525, 0.002525, 0.002525, 0.002525, 0.001659, 0.001659, 0.001659, 0.001659, 0.001659, 0.001659
2019, 1.201447, 0.001084, 0.000580, 0.000870, 0.000000, 0.002551, 0.001084, 0.000580, 0.000870, 0.000000, 0.002551, 0.000000, 0.000000, 0.000000, 0.000000, 0.000000, 0.001678, 0.001678, 0.001678, 0.001678, 0.002551, 0.002551, 0.002551, 0.002551, 0.001678, 0.001678, 0.001678, 0.001678, 0.001678, 0.001678
2020, 1.228001, 0.001099, 0.000585, 0.000874, 0.000000, 0.002575, 0.001099, 0.000585, 0.000874, 0.000000, 0.002575, 0.000000, 0.000000, 0.000000, 0.000000, 0.000000, 0.001696, 0.001696, 0.001696, 0.001696, 0.002575, 0.002575, 0.002575, 0.002575, 0.001696, 0.001696, 0.001696, 0.001696, 0.001696, 0.001696
2021, 1.250708, 0.001113, 0.000587, 0.000880, 0.000000, 0.002591, 0.001113, 0.000587, 0.000880, 0.000000, 0.002591, 0.000000, 0.000000, 0.000000, 0.000000, 0.000000, 0.001710, 0.001710, 0.001710, 0.001710, 0.002591, 0.002591, 0.002591, 0.002591, 0.001710, 0.001710, 0.001710, 0.001710, 0.001710, 0.001710
2022, 1.285921, 0.001127, 0.000588, 0.000888, 0.000000, 0.002611, 0.001119, 0.000586, 0.000867, 0.000000, 0.002581, 0.000020, 0.000008, 0.000001, 0.000000, 0.000029, 0.001722, 0.001722, 0.001721, 0.001722, 0.002591, 0.002590, 0.002591, 0.002591, 0.001715, 0.001715, 0.001716, 0.001716, 0.001721, 0.001722
2023, 1.316637, 0.001140, 0.000587, 0.000897, 0.000000, 0.002634, 0.001121, 0.000584, 0.000844, 0.000000, 0.002560, 0.000050, 0.000020, 0.000003, 0.000000, 0.000072, 0.001734, 0.001734, 0.001731, 0.001734, 0.002582, 0.002579, 0.002582, 0.002582, 0.001711, 0.001711, 0.001714, 0.001714, 0.001731, 0.001734
2024, 1.336863, 0.001151, 0.000587, 0.000907, 0.000000, 0.002658, 0.001119, 0.000582, 0.000818, 0.000000, 0.002534, 0.000085, 0.000032, 0.000005, 0.000000, 0.000122, 0.001743, 0.001743, 0.001738, 0.001743, 0.002570, 0.002565, 0.002570, 0.002570, 0.001704, 0.001704, 0.001709, 0.001709, 0.001738, 0.001743
2025, 1.379905, 0.001162, 0.000587, 0.000916, 0.000000, 0.002681, 0.001119, 0.000580, 0.000793, 0.000000, 0.002507, 0.000121, 0.000046, 0.000007, 0.000000, 0.000174, 0.001751, 0.001751, 0.001743, 0.001751, 0.002557, 0.002548, 0.002557, 0.002557, 0.001699, 0.001699, 0.001706, 0.001706, 0.001743, 0.001751
2026, 1.406300, 0.001173, 0.000586, 0.000927, 0.000000, 0.002703, 0.001115, 0.000577, 0.000762, 0.000000, 0.002473, 0.000160, 0.000059, 0.000010, 0.000000, 0.000228, 0.001759, 0.001759, 0.001750, 0.001759, 0.002536, 0.002528, 0.002536, 0.002536, 0.001691, 0.001691, 0.001703, 0.001703, 0.001750, 0.001759
2027, 1.426938, 0.001185, 0.000586, 0.000937, 0.000000, 0.002725, 0.001113, 0.000574, 0.000732, 0.000000, 0.002437, 0.000197, 0.000073, 0.000012, 0.000000, 0.000282, 0.001769, 0.001769, 0.001756, 0.001769, 0.002519, 0.002507, 0.002519, 0.002519, 0.001683, 0.001683, 0.001696, 0.001696, 0.001756, 0.001769
2028, 1.438307, 0.001197, 0.000584, 0.000948, 0.000000, 0.002746, 0.001110, 0.000570, 0.000704, 0.000000, 0.002401, 0.000235, 0.000086, 0.000015, 0.000000, 0.000335, 0.001775, 0.001775, 0.001759, 0.001775, 0.002499, 0.002484, 0.002499, 0.002499, 0.001676, 0.001676, 0.001690, 0.001690, 0.001759, 0.001775
2029, 1.455436, 0.001206, 0.000584, 0.000958, 0.000000, 0.002763, 0.001105, 0.000565, 0.000678, 0.000000, 0.002367, 0.000272, 0.000099, 0.000017, 0.000000, 0.000388, 0.001782, 0.001782, 0.001764, 0.001782, 0.002482, 0.002464, 0.002482, 0.002482, 0.001669, 0.001669, 0.001685, 0.001685, 0.001764, 0.001782
2030, 1.479049, 0.001216, 0.000583, 0.000968, 0.000000, 0.002782, 0.001103, 0.000562, 0.000654, 0.000000, 0.002332, 0.000308, 0.000112, 0.000020, 0.000000, 0.000439, 0.001790, 0.001790, 0.001769, 0.001790, 0.002463, 0.002446, 0.002463, 0.002463, 0.001661, 0.001661, 0.001681, 0.001681, 0.001769, 0.001790
2031, 1.499422, 0.001225, 0.000581, 0.000977, 0.000000, 0.002798, 0.001100, 0.000558, 0.000630, 0.000000, 0.002298, 0.000342, 0.000124, 0.000023, 0.000000, 0.000489, 0.001797, 0.001797, 0.001775, 0.001797, 0.002448, 0.002424, 0.002448, 0.002448, 0.001654, 0.001654, 0.001676, 0.001676, 0.001775, 0.001797
2032, 1.515501, 0.001233, 0.000580, 0.000986, 0.000000, 0.002816, 0.001095, 0.000554, 0.000606, 0.000000, 0.002267, 0.000376, 0.000135, 0.000026, 0.000000, 0.000537, 0.001804, 0.001804, 0.001779, 0.001804, 0.002429, 0.002403, 0.002429, 0.002429, 0.001650, 0.001650, 0.001674, 0.001674, 0.001779, 0.001804
2033, 1.531932, 0.001240, 0.000579, 0.000995, 0.000000, 0.002833, 0.001093, 0.000549, 0.000580, 0.000000, 0.002234, 0.000408, 0.000146, 0.000028, 0.000000, 0.000581, 0.001811, 0.001811, 0.001785, 0.001811, 0.002413, 0.002382, 0.002413, 0.002413, 0.001643, 0.001643, 0.001670, 0.001670, 0.001785, 0.001811
2034, 1.551293, 0.001246, 0.000578, 0.001004, 0.000000, 0.002849, 0.001089, 0.000546, 0.000558, 0.000000, 0.002201, 0.000440, 0.000156, 0.000031, 0.000000, 0.000625, 0.001819, 0.001819, 0.001788, 0.001819, 0.002396, 0.002363, 0.002396, 0.002396, 0.001638, 0.001638, 0.001667, 0.001667, 0.001788, 0.001819
2035, 1.575958, 0.001251, 0.000576, 0.001014, 0.000000, 0.002864, 0.001088, 0.000542, 0.000535, 0.000000, 0.002171, 0.000470, 0.000166, 0.000034, 0.000000, 0.000668, 0.001825, 0.001825, 0.001790, 0.001825, 0.002379, 0.002342, 0.002379, 0.002379, 0.001630, 0.001630, 0.001664, 0.001664, 0.001790, 0.001825
2036, 1.600773, 0.001258, 0.000575, 0.001023, 0.000000, 0.002881, 0.001086, 0.000538, 0.000516, 0.000000, 0.002145, 0.000499, 0.000174, 0.000037, 0.000000, 0.000709, 0.001829, 0.001829, 0.001795, 0.001829, 0.002360, 0.002321, 0.002360, 0.002360, 0.001625, 0.001625, 0.001662, 0.001662, 0.001795, 0.001829
2037, 1.613818, 0.001263, 0.000575, 0.001032, 0.000000, 0.002896, 0.001084, 0.000534, 0.000496, 0.000000, 0.002117, 0.000527, 0.000183, 0.000040, 0.000000, 0.000749, 0.001835, 0.001835, 0.001799, 0.001835, 0.002344, 0.002303, 0.002344, 0.002344, 0.001620, 0.001620, 0.001659, 0.001659, 0.001799, 0.001835
2038, 1.627065, 0.001268, 0.000574, 0.001041, 0.000000, 0.002908, 0.001082, 0.000530, 0.000476, 0.000000, 0.002093, 0.000554, 0.000191, 0.000043, 0.000000, 0.000787, 0.001842, 0.001842, 0.001802, 0.001842, 0.002328, 0.002287, 0.002328, 0.002328, 0.001613, 0.001613, 0.001657, 0.001657, 0.001802, 0.001842
2039, 1.639733, 0.001275, 0.000573, 0.001050, 0.000000, 0.002921, 0.001081, 0.000527, 0.000456, 0.000000, 0.002070, 0.000580, 0.000198, 0.000045, 0.000000, 0.000825, 0.001848, 0.001848, 0.001803, 0.001848, 0.002315, 0.002271, 0.002315, 0.002315, 0.001607, 0.001607, 0.001654, 0.001654, 0.001803, 0.001848
2040, 1.647431, 0.001281, 0.000573, 0.001058, 0.000000, 0.002934, 0.001078, 0.000524, 0.000439, 0.000000, 0.002046, 0.000604, 0.000205, 0.000048, 0.000000, 0.000859, 0.001852, 0.001852, 0.001806, 0.001852, 0.002302, 0.002255, 0.002302, 0.002302, 0.001601, 0.001601, 0.001650, 0.001650, 0.001806, 0.001852
2041, 1.665928, 0.001285, 0.000573, 0.001067, 0.000000, 0.002946, 0.001075, 0.000521, 0.000424, 0.000000, 0.002021, 0.000629, 0.000211, 0.000051, 0.000000, 0.000891, 0.001857, 0.001857, 0.001807, 0.001857, 0.002291, 0.002238, 0.002291, 0.002291, 0.001594, 0.001594, 0.001647, 0.001647, 0.001807, 0.001857
2042, 1.674124, 0.001288, 0.000572, 0.001076, 0.000000, 0.002960, 0.001072, 0.000518, 0.000410, 0.000000, 0.002003, 0.000652, 0.000217, 0.000054, 0.000000, 0.000923, 0.001862, 0.001862, 0.001806, 0.001862, 0.002279, 0.002224, 0.002279, 0.002279, 0.001589, 0.001589, 0.001644, 0.001644, 0.001806, 0.001862
2043, 1.676160, 0.001292, 0.000572, 0.001084, 0.000000, 0.002970, 0.001070, 0.000515, 0.000395, 0.000000, 0.001985, 0.000675, 0.000223, 0.000057, 0.000000, 0.000953, 0.001865, 0.001865, 0.001807, 0.001865, 0.002266, 0.002209, 0.002266, 0.002266, 0.001585, 0.001585, 0.001641, 0.001641, 0.001807, 0.001865
2044, 1.680683, 0.001295, 0.000571, 0.001092, 0.000000, 0.002981, 0.001069, 0.000512, 0.000382, 0.000000, 0.001968, 0.000696, 0.000228, 0.000060, 0.000000, 0.000982, 0.001868, 0.001868, 0.001808, 0.001868, 0.002255, 0.002196, 0.002255, 0.002255, 0.001581, 0.001581, 0.001639, 0.001639, 0.001808, 0.001868
2045, 1.689613, 0.001300, 0.000571, 0.001100, 0.000000, 0.002993, 0.001067, 0.000509, 0.000369, 0.000000, 0.001951, 0.000716, 0.000233, 0.000062, 0.000000, 0.001011, 0.001871, 0.001871, 0.001809, 0.001871, 0.002246, 0.002183, 0.002246, 0.002246, 0.001577, 0.001577, 0.001637, 0.001637, 0.001809, 0.001871
2046, 1.701715, 0.001303, 0.000570, 0.001109, 0.000000, 0.003003, 0.001066, 0.000506, 0.000358, 0.000000, 0.001933, 0.000736, 0.000238, 0.000065, 0.000000, 0.001037, 0.001874, 0.001874, 0.001808, 0.001874, 0.002238, 0.002172, 0.002238, 0.002238, 0.001574, 0.001574, 0.001637, 0.001637, 0.001808, 0.001874
2047, 1.727243, 0.001305, 0.000570, 0.001116, 0.000000, 0.003015, 0.001064, 0.000503, 0.000347, 0.000000, 0.001915, 0.000755, 0.000242, 0.000068, 0.000000, 0.001063, 0.001877, 0.001877, 0.001809, 0.001877, 0.002230, 0.002164, 0.002230, 0.002230, 0.001569, 0.001569, 0.001636, 0.001636, 0.001809, 0.001877
2048, 1.727505, 0.001309, 0.000570, 0.001124, 0.000000, 0.003026, 0.001063, 0.000499, 0.000337, 0.000000, 0.001900, 0.000773, 0.000247, 0.000071, 0.000000, 0.001090, 0.001880, 0.001880, 0.001809, 0.001880, 0.002222, 0.002154, 0.002222, 0.002222, 0.001565, 0.001565, 0.001635, 0.001635, 0.001809, 0.001880
2049, 1.753774, 0.001313, 0.000571, 0.001132, 0.000000, 0.003036, 0.001061, 0.000496, 0.000328, 0.000000, 0.001885, 0.000790, 0.000251, 0.000074, 0.000000, 0.001114, 0.001885, 0.001885, 0.001811, 0.001885, 0.002213, 0.002145, 0.002213, 0.002213, 0.001561, 0.001561, 0.001634, 0.001634, 0.001811, 0.001885
2050, 1.757911, 0.001316, 0.000571, 0.001139, 0.000000, 0.003047, 0.001059, 0.000493, 0.000319, 0.000000, 0.001872, 0.000806, 0.000255, 0.000077, 0.000000, 0.001137, 0.001889, 0.001889, 0.001813, 0.001889, 0.002206, 0.002137, 0.002206, 0.002206, 0.001556, 0.001556, 0.001632, 0.001632, 0.001813, 0.001889
2051, 1.757590, 0.001317, 0.000571, 0.001146, 0.000000, 0.003058, 0.001057, 0.000489, 0.000311, 0.000000, 0.001862, 0.000822, 0.000258, 0.000079, 0.000000, 0.001157, 0.001891, 0.001891, 0.001814, 0.001891, 0.002200, 0.002126, 0.002200, 0.002200, 0.001551, 0.001551, 0.001633, 0.001633, 0.001814, 0.001891
2052, 1.757044, 0.001321, 0.000571, 0.001153, 0.000000, 0.003068, 0.001056, 0.000486, 0.000303, 0.000000, 0.001849, 0.000837, 0.000262, 0.000082, 0.000000, 0.001176, 0.001894, 0.001894, 0.001813, 0.001894, 0.002199, 0.002117, 0.002199, 0.002199, 0.001545, 0.001545, 0.001633, 0.001633, 0.001813, 0.001894
2053, 1.774206, 0.001325, 0.000571, 0.001160, 0.000000, 0.003076, 0.001055, 0.000484, 0.000295, 0.000000, 0.001838, 0.000850, 0.000265, 0.000085, 0.000000, 0.001197, 0.001897, 0.001897, 0.001812, 0.001897, 0.002198, 0.002108, 0.002198, 0.002198, 0.001540, 0.001540, 0.001632, 0.001632, 0.001812, 0.001897
2054, 1.774612, 0.001326, 0.000571, 0.001166, 0.000000, 0.003084, 0.001055, 0.000481, 0.000287, 0.000000, 0.001829, 0.000864, 0.000269, 0.000088, 0.000000, 0.001217, 0.001901, 0.001901, 0.001812, 0.001901, 0.002195, 0.002100, 0.002195, 0.002195, 0.001537, 0.001537, 0.001632, 0.001632, 0.001812, 0.001901
2055, 1.774207, 0.001330, 0.000571, 0.001172, 0.000000, 0.003092, 0.001055, 0.000478, 0.000280, 0.000000, 0.001818, 0.000878, 0.000273, 0.000090, 0.000000, 0.001237, 0.001903, 0.001903, 0.001810, 0.001903, 0.002190, 0.002093, 0.002190, 0.002190, 0.001533, 0.001533, 0.001632, 0.001632, 0.001810, 0.001903
2056, 1.787161, 0.001333, 0.000571, 0.001177, 0.000000, 0.003100, 0.001054, 0.000475, 0.000273, 0.000000, 0.001807, 0.000889, 0.000276, 0.000093, 0.000000, 0.001256, 0.001905, 0.001905, 0.001811, 0.001905, 0.002185, 0.002089, 0.002185, 0.002185, 0.001531, 0.001531, 0.001632, 0.001632, 0.001811, 0.001905
2057, 1.796054, 0.001336, 0.000571, 0.001182, 0.000000, 0.003107, 0.001054, 0.000472, 0.000267, 0.000000, 0.001797, 0.000902, 0.000279, 0.000096, 0.000000, 0.001273, 0.001908, 0.001908, 0.001811, 0.001908, 0.002182, 0.002082, 0.002182, 0.002182, 0.001529, 0.001529, 0.001631, 0.001631, 0.001811, 0.001908
2058, 1.789107, 0.001338, 0.000571, 0.001187, 0.000000, 0.003114, 0.001054, 0.000469, 0.000262, 0.000000, 0.001791, 0.000914, 0.000282, 0.000099, 0.000000, 0.001292, 0.001910, 0.001910, 0.001812, 0.001910, 0.002179, 0.002075, 0.002179, 0.002179, 0.001524, 0.001524, 0.001631, 0.001631, 0.001812, 0.001910
2059, 1.797334, 0.001342, 0.000571, 0.001192, 0.000000, 0.003122, 0.001054, 0.000467, 0.000256, 0.000000, 0.001783, 0.000924, 0.000286, 0.000101, 0.000000, 0.001308, 0.001914, 0.001914, 0.001813, 0.001914, 0.002176, 0.002070, 0.002176, 0.002176, 0.001522, 0.001522, 0.001630, 0.001630, 0.001813, 0.001914
2060, 1.804622, 0.001344, 0.000571, 0.001197, 0.000000, 0.003131, 0.001054, 0.000464, 0.000251, 0.000000, 0.001773, 0.000932, 0.000289, 0.000104, 0.000000, 0.001323, 0.001918, 0.001918, 0.001815, 0.001918, 0.002175, 0.002063, 0.002175, 0.002175, 0.001521, 0.001521, 0.001630, 0.001630, 0.001815, 0.001918
2061, 1.810238, 0.001346, 0.000570, 0.001201, 0.000000, 0.003139, 0.001054, 0.000462, 0.000246, 0.000000, 0.001764, 0.000939, 0.000293, 0.000107, 0.000000, 0.001339, 0.001921, 0.001921, 0.001814, 0.001921, 0.002175, 0.002058, 0.002175, 0.002175, 0.001518, 0.001518, 0.001630, 0.001630, 0.001814, 0.001921
2062, 1.805399, 0.001349, 0.000570, 0.001205, 0.000000, 0.003147, 0.001055, 0.000459, 0.000241, 0.000000, 0.001756, 0.000949, 0.000296, 0.000109, 0.000000, 0.001354, 0.001923, 0.001923, 0.001815, 0.001923, 0.002174, 0.002055, 0.002174, 0.002174, 0.001516, 0.001516, 0.001629, 0.001629, 0.001815, 0.001923
2063, 1.799467, 0.001352, 0.000570, 0.001209, 0.000000, 0.003154, 0.001055, 0.000456, 0.000237, 0.000000, 0.001751, 0.000958, 0.000299, 0.000112, 0.000000, 0.001368, 0.001926, 0.001926, 0.001815, 0.001926, 0.002172, 0.002051, 0.002172, 0.002172, 0.001514, 0.001514, 0.001628, 0.001628, 0.001815, 0.001926
2064, 1.803146, 0.001356, 0.000571, 0.001212, 0.000000, 0.003163, 0.001054, 0.000453, 0.000233, 0.000000, 0.001744, 0.000967, 0.000302, 0.000115, 0.000000, 0.001383, 0.001930, 0.001930, 0.001816, 0.001930, 0.002171, 0.002048, 0.002171, 0.002171, 0.001511, 0.001511, 0.001630, 0.001630, 0.001816, 0.001930
2065, 1.793394, 0.001359, 0.000570, 0.001216, 0.000000, 0.003170, 0.001054, 0.000451, 0.000229, 0.000000, 0.001739, 0.000975, 0.000306, 0.000117, 0.000000, 0.001396, 0.001934, 0.001934, 0.001816, 0.001934, 0.002171, 0.002046, 0.002171, 0.002171, 0.001509, 0.001509, 0.001629, 0.001629, 0.001816, 0.001934
2066, 1.799616, 0.001361, 0.000570, 0.001219, 0.000000, 0.003178, 0.001055, 0.000448, 0.000225, 0.000000, 0.001732, 0.000983, 0.000309, 0.000120, 0.000000, 0.001408, 0.001938, 0.001938, 0.001816, 0.001938, 0.002169, 0.002043, 0.002169, 0.002169, 0.001506, 0.001506, 0.001629, 0.001629, 0.001816, 0.001938
2067, 1.810083, 0.001366, 0.000570, 0.001222, 0.000000, 0.003186, 0.001055, 0.000445, 0.000222, 0.000000, 0.001724, 0.000990, 0.000312, 0.000123, 0.000000, 0.001421, 0.001941, 0.001941, 0.001816, 0.001941, 0.002169, 0.002041, 0.002169, 0.002169, 0.001505, 0.001505, 0.001629, 0.001629, 0.001816, 0.001941
2068, 1.810548, 0.001370, 0.000570, 0.001225, 0.000000, 0.003194, 0.001056, 0.000442, 0.000219, 0.000000, 0.001716, 0.000996, 0.000315, 0.000125, 0.000000, 0.001433, 0.001944, 0.001944, 0.001817, 0.001944, 0.002170, 0.002040, 0.002170, 0.002170, 0.001504, 0.001504, 0.001629, 0.001629, 0.001817, 0.001944
2069, 1.820294, 0.001373, 0.000570, 0.001229, 0.000000, 0.003202, 0.001056, 0.000440, 0.000216, 0.000000, 0.001712, 0.001003, 0.000319, 0.000128, 0.000000, 0.001444, 0.001946, 0.001946, 0.001817, 0.001946, 0.002169, 0.002039, 0.002169, 0.002169, 0.001502, 0.001502, 0.001628, 0.001628, 0.001817, 0.001946
2070, 1.821653, 0.001377, 0.000570, 0.001232, 0.000000, 0.003209, 0.001056, 0.000437, 0.000213, 0.000000, 0.001706, 0.001009, 0.000321, 0.000130, 0.000000, 0.001457, 0.001950, 0.001950, 0.001817, 0.001950, 0.002169, 0.002036, 0.002169, 0.002169, 0.001501, 0.001501, 0.001629, 0.001629, 0.001817, 0.001950
2071, 1.832305, 0.001380, 0.000570, 0.001234, 0.000000, 0.003214, 0.001056, 0.000434, 0.000211, 0.000000, 0.001701, 0.001014, 0.000324, 0.000133, 0.000000, 0.001467, 0.001953, 0.001953, 0.001817, 0.001953, 0.002169, 0.002032, 0.002169, 0.002169, 0.001497, 0.001497, 0.001628, 0.001628, 0.001817, 0.001953
2072, 1.830622, 0.001383, 0.000570, 0.001238, 0.000000, 0.003220, 0.001057, 0.000432, 0.000208, 0.000000, 0.001698, 0.001019, 0.000326, 0.000135, 0.000000, 0.001478, 0.001957, 0.001957, 0.001817, 0.001957, 0.002170, 0.002030, 0.002170, 0.002170, 0.001496, 0.001496, 0.001627, 0.001627, 0.001817, 0.001957
2073, 1.822522, 0.001387, 0.000570, 0.001241, 0.000000, 0.003228, 0.001058, 0.000429, 0.000206, 0.000000, 0.001694, 0.001025, 0.000328, 0.000138, 0.000000, 0.001488, 0.001961, 0.001961, 0.001817, 0.001961, 0.002170, 0.002027, 0.002170, 0.002170, 0.001493, 0.001493, 0.001627, 0.001627, 0.001817, 0.001961
2074, 1.816115, 0.001390, 0.000570, 0.001243, 0.000000, 0.003234, 0.001058, 0.000426, 0.000203, 0.000000, 0.001690, 0.001029, 0.000331, 0.000141, 0.000000, 0.001499, 0.001964, 0.001964, 0.001817, 0.001964, 0.002172, 0.002025, 0.002172, 0.002172, 0.001490, 0.001490, 0.001627, 0.001627, 0.001817, 0.001964
2075, 1.803737, 0.001392, 0.000570, 0.001245, 0.000000, 0.003239, 0.001059, 0.000424, 0.000201, 0.000000, 0.001685, 0.001034, 0.000334, 0.000143, 0.000000, 0.001509, 0.001968, 0.001968, 0.001818, 0.001968, 0.002172, 0.002021, 0.002172, 0.002172, 0.001488, 0.001488, 0.001627, 0.001627, 0.001818, 0.001968
2076, 1.804060, 0.001395, 0.000571, 0.001247, 0.000000, 0.003244, 0.001060, 0.000422, 0.000199, 0.000000, 0.001681, 0.001039, 0.000336, 0.000146, 0.000000, 0.001518, 0.001971, 0.001971, 0.001818, 0.001971, 0.002174, 0.002020, 0.002174, 0.002174, 0.001484, 0.001484, 0.001627, 0.001627, 0.001818, 0.001971
2077, 1.800391, 0.001398, 0.000571, 0.001249, 0.000000, 0.003249, 0.001060, 0.000419, 0.000197, 0.000000, 0.001678, 0.001043, 0.000339, 0.000148, 0.000000, 0.001529, 0.001974, 0.001974, 0.001819, 0.001974, 0.002174, 0.002018, 0.002174, 0.002174, 0.001482, 0.001482, 0.001628, 0.001628, 0.001819, 0.001974
2078, 1.795864, 0.001401, 0.000571, 0.001251, 0.000000, 0.003252, 0.001060, 0.000416, 0.000195, 0.000000, 0.001675, 0.001048, 0.000341, 0.000151, 0.000000, 0.001538, 0.001977, 0.001977, 0.001820, 0.001977, 0.002175, 0.002017, 0.002175, 0.002175, 0.001481, 0.001481, 0.001629, 0.001629, 0.001820, 0.001977
2079, 1.806088, 0.001405, 0.000571, 0.001253, 0.000000, 0.003258, 0.001060, 0.000414, 0.000193, 0.000000, 0.001671, 0.001052, 0.000343, 0.000153, 0.000000, 0.001546, 0.001979, 0.001979, 0.001821, 0.001979, 0.002177, 0.002016, 0.002177, 0.002177, 0.001479, 0.001479, 0.001631, 0.001631, 0.001821, 0.001979
2080, 1.818640, 0.001407, 0.000571, 0.001256, 0.000000, 0.003265, 0.001061, 0.000411, 0.000191, 0.000000, 0.001668, 0.001056, 0.000346, 0.000156, 0.000000, 0.001555, 0.001983, 0.001983, 0.001822, 0.001983, 0.002178, 0.002014, 0.002178, 0.002178, 0.001479, 0.001479, 0.001634, 0.001634, 0.001822, 0.001983
2081, 1.805492, 0.001411, 0.000570, 0.001259, 0.000000, 0.003269, 0.001062, 0.000409, 0.000189, 0.000000, 0.001666, 0.001060, 0.000348, 0.000158, 0.000000, 0.001563, 0.001985, 0.001985, 0.001823, 0.001985, 0.002180, 0.002012, 0.002180, 0.002180, 0.001477, 0.001477, 0.001636, 0.001636, 0.001823, 0.001985
2082, 1.810064, 0.001415, 0.000570, 0.001261, 0.000000, 0.003274, 0.001063, 0.000406, 0.000187, 0.000000, 0.001663, 0.001063, 0.000351, 0.000161, 0.000000, 0.001572, 0.001988, 0.001988, 0.001823, 0.001988, 0.002181, 0.002011, 0.002181, 0.002181, 0.001474, 0.001474, 0.001638, 0.001638, 0.001823, 0.001988
2083, 1.816603, 0.001419, 0.000570, 0.001263, 0.000000, 0.003280, 0.001064, 0.000404, 0.000186, 0.000000, 0.001661, 0.001067, 0.000353, 0.000163, 0.000000, 0.001580, 0.001991, 0.001991, 0.001824, 0.001991, 0.002183, 0.002011, 0.002183, 0.002183, 0.001472, 0.001472, 0.001640, 0.001640, 0.001824, 0.001991
2084, 1.804695, 0.001421, 0.000570, 0.001265, 0.000000, 0.003284, 0.001065, 0.000402, 0.000184, 0.000000, 0.001659, 0.001070, 0.000356, 0.000165, 0.000000, 0.001588, 0.001994, 0.001994, 0.001826, 0.001994, 0.002185, 0.002010, 0.002185, 0.002185, 0.001469, 0.001469, 0.001642, 0.001642, 0.001826, 0.001994
2085, 1.799650, 0.001424, 0.000570, 0.001266, 0.000000, 0.003290, 0.001066, 0.000399, 0.000183, 0.000000, 0.001657, 0.001072, 0.000358, 0.000168, 0.000000, 0.001595, 0.001998, 0.001998, 0.001827, 0.001998, 0.002187, 0.002009, 0.002187, 0.002187, 0.001468, 0.001468, 0.001643, 0.001643, 0.001827, 0.001998
2086, 1.785212, 0.001427, 0.000570, 0.001267, 0.000000, 0.003296, 0.001067, 0.000396, 0.000181, 0.000000, 0.001653, 0.001074, 0.000361, 0.000170, 0.000000, 0.001603, 0.002001, 0.002001, 0.001830, 0.002001, 0.002190, 0.002008, 0.002190, 0.002190, 0.001467, 0.001467, 0.001645, 0.001645, 0.001830, 0.002001
2087, 1.783052, 0.001431, 0.000570, 0.001269, 0.000000, 0.003300, 0.001067, 0.000394, 0.000180, 0.000000, 0.001650, 0.001076, 0.000364, 0.000172, 0.000000, 0.001612, 0.002005, 0.002005, 0.001831, 0.002005, 0.002193, 0.002008, 0.002193, 0.002193, 0.001465, 0.001465, 0.001646, 0.001646, 0.001831, 0.002005
2088, 1.772829, 0.001435, 0.000570, 0.001270, 0.000000, 0.003303, 0.001068, 0.000392, 0.000178, 0.000000, 0.001646, 0.001078, 0.000366, 0.000175, 0.000000, 0.001620, 0.002009, 0.002009, 0.001832, 0.002009, 0.002196, 0.002008, 0.002196, 0.002196, 0.001461, 0.001461, 0.001647, 0.001647, 0.001832, 0.002009
2089, 1.771910, 0.001438, 0.000570, 0.001272, 0.000000, 0.003308, 0.001069, 0.000390, 0.000177, 0.000000, 0.001643, 0.001080, 0.000369, 0.000177, 0.000000, 0.001629, 0.002013, 0.002013, 0.001833, 0.002013, 0.002197, 0.002008, 0.002197, 0.002197, 0.001458, 0.001458, 0.001649, 0.001649, 0.001833, 0.002013
2090, 1.779367, 0.001442, 0.000570, 0.001273, 0.000000, 0.003313, 0.001070, 0.000387, 0.000175, 0.000000, 0.001641, 0.001082, 0.000372, 0.000179, 0.000000, 0.001638, 0.002016, 0.002016, 0.001833, 0.002016, 0.002199, 0.002009, 0.002199, 0.002199, 0.001456, 0.001456, 0.001649, 0.001649, 0.001833, 0.002016
2091, 1.780785, 0.001446, 0.000570, 0.001274, 0.000000, 0.003318, 0.001071, 0.000385, 0.000174, 0.000000, 0.001638, 0.001085, 0.000374, 0.000182, 0.000000, 0.001647, 0.002020, 0.002020, 0.001835, 0.002020, 0.002201, 0.002009, 0.002201, 0.002201, 0.001454, 0.001454, 0.001650, 0.001650, 0.001835, 0.002020
2092, 1.780639, 0.001449, 0.000569, 0.001274, 0.000000, 0.003321, 0.001072, 0.000383, 0.000173, 0.000000, 0.001635, 0.001087, 0.000377, 0.000184, 0.000000, 0.001655, 0.002024, 0.002024, 0.001837, 0.002024, 0.002205, 0.002009, 0.002205, 0.002205, 0.001453, 0.001453, 0.001650, 0.001650, 0.001837, 0.002024
2093, 1.785902, 0.001453, 0.000569, 0.001274, 0.000000, 0.003325, 0.001074, 0.000380, 0.000172, 0.000000, 0.001632, 0.001089, 0.000380, 0.000187, 0.000000, 0.001661, 0.002028, 0.002028, 0.001838, 0.002028, 0.002208, 0.002009, 0.002208, 0.002208, 0.001452, 0.001452, 0.001650, 0.001650, 0.001838, 0.002028
2094, 1.780247, 0.001457, 0.000569, 0.001275, 0.000000, 0.003328, 0.001075, 0.000378, 0.000171, 0.000000, 0.001629, 0.001091, 0.000382, 0.000189, 0.000000, 0.001669, 0.002032, 0.002032, 0.001839, 0.002032, 0.002211, 0.002009, 0.002211, 0.002211, 0.001452, 0.001452, 0.001650, 0.001650, 0.001839, 0.002032
2095, 1.772516, 0.001461, 0.000568, 0.001275, 0.000000, 0.003332, 0.001077, 0.000376, 0.000170, 0.000000, 0.001627, 0.001094, 0.000385, 0.000191, 0.000000, 0.001675, 0.002037, 0.002037, 0.001841, 0.002037, 0.002215, 0.002008, 0.002215, 0.002215, 0.001452, 0.001452, 0.001651, 0.001651, 0.001841, 0.002037
2096, 1.768461, 0.001464, 0.000568, 0.001276, 0.000000, 0.003336, 0.001078, 0.000373, 0.000169, 0.000000, 0.001626, 0.001097, 0.000388, 0.000193, 0.000000, 0.001681, 0.002041, 0.002041, 0.001843, 0.002041, 0.002217, 0.002008, 0.002217, 0.002217, 0.001450, 0.001450, 0.001653, 0.001653, 0.001843, 0.002041
2097, 1.760453, 0.001468, 0.000569, 0.001277, 0.000000, 0.003340, 0.001079, 0.000370, 0.000168, 0.000000, 0.001625, 0.001100, 0.000391, 0.000195, 0.000000, 0.001686, 0.002045, 0.002045, 0.001844, 0.002045, 0.002220, 0.002008, 0.002220, 0.002220, 0.001449, 0.001449, 0.001653, 0.001653, 0.001844, 0.002045
2098, 1.757847, 0.001472, 0.000569, 0.001278, 0.000000, 0.003345, 0.001080, 0.000368, 0.000167, 0.000000, 0.001623, 0.001103, 0.000393, 0.000198, 0.000000, 0.001693, 0.002049, 0.002049, 0.001845, 0.002049, 0.002222, 0.002006, 0.002222, 0.002222, 0.001447, 0.001447, 0.001654, 0.001654, 0.001845, 0.002049
2099, 1.754501, 0.001476, 0.000569, 0.001279, 0.000000, 0.003351, 0.001081, 0.000365, 0.000166, 0.000000, 0.001620, 0.001106, 0.000396, 0.000200, 0.000000, 0.001702, 0.002052, 0.002052, 0.001846, 0.002052, 0.002224, 0.002005, 0.002224, 0.002224, 0.001445, 0.001445, 0.001655, 0.001655, 0.001846, 0.002052
2100, 1.756658, 0.001480, 0.000569, 0.001280, 0.000000, 0.003355, 0.001082, 0.000363, 0.000165, 0.000000, 0.001617, 0.001108, 0.000399, 0.000202, 0.000000, 0.001709, 0.002056, 0.002056, 0.001848, 0.002056, 0.002226, 0.002005, 0.002226, 0.002226, 0.001443, 0.001443, 0.001656, 0.001656, 0.001848, 0.002056
2101, 1.748380, 0.001484, 0.000569, 0.001280, 0.000000, 0.003359, 0.001083, 0.000361, 0.000164, 0.000000, 0.001615, 0.001109, 0.000402, 0.000205, 0.000000, 0.001714, 0.002058, 0.002058, 0.001849, 0.002058, 0.002227, 0.002004, 0.002227, 0.002227, 0.001442, 0.001442, 0.001657, 0.001657, 0.001849, 0.002058
2102, 1.750593, 0.001488, 0.000568, 0.001280, 0.000000, 0.003365, 0.001083, 0.000358, 0.000163, 0.000000, 0.001612, 0.001110, 0.000405, 0.000207, 0.000000, 0.001721, 0.002061, 0.002061, 0.001850, 0.002061, 0.002229, 0.002004, 0.002229, 0.002229, 0.001441, 0.001441, 0.001658, 0.001658, 0.001850, 0.002061
2103, 1.763512, 0.001492, 0.000568, 0.001280, 0.000000, 0.003370, 0.001084, 0.000356, 0.000163, 0.000000, 0.001609, 0.001112, 0.000407, 0.000209, 0.000000, 0.001727, 0.002064, 0.002064, 0.001852, 0.002064, 0.002231, 0.002005, 0.002231, 0.002231, 0.001440, 0.001440, 0.001658, 0.001658, 0.001852, 0.002064
2104, 1.765876, 0.001496, 0.000567, 0.001280, 0.000000, 0.003374, 0.001085, 0.000355, 0.000162, 0.000000, 0.001606, 0.001113, 0.000410, 0.000211, 0.000000, 0.001735, 0.002068, 0.002068, 0.001854, 0.002068, 0.002233, 0.002006, 0.002233, 0.002233, 0.001438, 0.001438, 0.001659, 0.001659, 0.001854, 0.002068
2105, 1.760420, 0.001500, 0.000566, 0.001281, 0.000000, 0.003378, 0.001086, 0.000352, 0.000161, 0.000000, 0.001604, 0.001115, 0.000413, 0.000213, 0.000000, 0.001742, 0.002072, 0.002072, 0.001855, 0.002072, 0.002234, 0.002007, 0.002234, 0.002234, 0.001437, 0.001437, 0.001659, 0.001659, 0.001855, 0.002072
2106, 1.744979, 0.001504, 0.000566, 0.001281, 0.000000, 0.003383, 0.001087, 0.000350, 0.000160, 0.000000, 0.001602, 0.001117, 0.000415, 0.000215, 0.000000, 0.001748, 0.002075, 0.002075, 0.001856, 0.002075, 0.002236, 0.002008, 0.002236, 0.002236, 0.001435, 0.001435, 0.001660, 0.001660, 0.001856, 0.002075
2107, 1.732638, 0.001508, 0.000565, 0.001282, 0.000000, 0.003388, 0.001088, 0.000348, 0.000159, 0.000000, 0.001600, 0.001118, 0.000418, 0.000217, 0.000000, 0.001756, 0.002079, 0.002079, 0.001857, 0.002079, 0.002238, 0.002010, 0.002238, 0.002238, 0.001434, 0.001434, 0.001659, 0.001659, 0.001857, 0.002079
2108, 1.728161, 0.001512, 0.000564, 0.001282, 0.000000, 0.003392, 0.001089, 0.000345, 0.000158, 0.000000, 0.001598, 0.001119, 0.000421, 0.000219, 0.000000, 0.001762, 0.002083, 0.002083, 0.001858, 0.002083, 0.002239, 0.002011, 0.002239, 0.002239, 0.001433, 0.001433, 0.001658, 0.001658, 0.001858, 0.002083
2109, 1.710227, 0.001516, 0.000564, 0.001283, 0.000000, 0.003396, 0.001090, 0.000343, 0.000158, 0.000000, 0.001596, 0.001120, 0.000424, 0.000221, 0.000000, 0.001768, 0.002087, 0.002087, 0.001858, 0.002087, 0.002242, 0.002012, 0.002242, 0.002242, 0.001431, 0.001431, 0.001658, 0.001658, 0.001858, 0.002087
2110, 1.701909, 0.001519, 0.000564, 0.001285, 0.000000, 0.003401, 0.001091, 0.000341, 0.000157, 0.000000, 0.001594, 0.001122, 0.000426, 0.000223, 0.000000, 0.001774, 0.002091, 0.002091, 0.001859, 0.002091, 0.002244, 0.002013, 0.002244, 0.002244, 0.001430, 0.001430, 0.001659, 0.001659, 0.001859, 0.002091
2111, 1.694114, 0.001523, 0.000563, 0.001286, 0.000000, 0.003406, 0.001091, 0.000338, 0.000156, 0.000000, 0.001592, 0.001123, 0.000429, 0.000225, 0.000000, 0.001781, 0.002094, 0.002094, 0.001861, 0.002094, 0.002246, 0.002014, 0.002246, 0.002246, 0.001428, 0.001428, 0.001659, 0.001659, 0.001861, 0.002094
2112, 1.701594, 0.001526, 0.000563, 0.001287, 0.000000, 0.003409, 0.001092, 0.000336, 0.000155, 0.000000, 0.001589, 0.001125, 0.000432, 0.000227, 0.000000, 0.001788, 0.002098, 0.002098, 0.001861, 0.002098, 0.002249, 0.002015, 0.002249, 0.002249, 0.001426, 0.001426, 0.001659, 0.001659, 0.001861, 0.002098
2113, 1.694140, 0.001530, 0.000563, 0.001288, 0.000000, 0.003413, 0.001093, 0.000333, 0.000154, 0.000000, 0.001586, 0.001126, 0.000435, 0.000229, 0.000000, 0.001795, 0.002100, 0.002100, 0.001862, 0.002100, 0.002251, 0.002015, 0.002251, 0.002251, 0.001425, 0.001425, 0.001658, 0.001658, 0.001862, 0.002100
2114, 1.710724, 0.001534, 0.000563, 0.001288, 0.000000, 0.003417, 0.001095, 0.000331, 0.000154, 0.000000, 0.001583, 0.001128, 0.000437, 0.000230, 0.000000, 0.001802, 0.002103, 0.002103, 0.001865, 0.002103, 0.002252, 0.002015, 0.002252, 0.002252, 0.001424, 0.001424, 0.001658, 0.001658, 0.001865, 0.002103
2115, 1.719075, 0.001537, 0.000562, 0.001289, 0.000000, 0.003420, 0.001096, 0.000329, 0.000153, 0.000000, 0.001580, 0.001130, 0.000440, 0.000232, 0.000000, 0.001808, 0.002106, 0.002106, 0.001866, 0.002106, 0.002253, 0.002015, 0.002253, 0.002253, 0.001423, 0.001423, 0.001657, 0.001657, 0.001866, 0.002106
2116, 1.706175, 0.001540, 0.000562, 0.001290, 0.000000, 0.003423, 0.001097, 0.000326, 0.000153, 0.000000, 0.001577, 0.001132, 0.000443, 0.000234, 0.000000, 0.001815, 0.002109, 0.002109, 0.001866, 0.002109, 0.002254, 0.002015, 0.002254, 0.002254, 0.001421, 0.001421, 0.001656, 0.001656, 0.001866, 0.002109
2117, 1.707152, 0.001543, 0.000562, 0.001291, 0.000000, 0.003426, 0.001098, 0.000324, 0.000152, 0.000000, 0.001574, 0.001133, 0.000446, 0.000236, 0.000000, 0.001821, 0.002111, 0.002111, 0.001867, 0.002111, 0.002256, 0.002016, 0.002256, 0.002256, 0.001420, 0.001420, 0.001655, 0.001655, 0.001867, 0.002111
2118, 1.681812, 0.001547, 0.000561, 0.001292, 0.000000, 0.003430, 0.001099, 0.000321, 0.000152, 0.000000, 0.001572, 0.001135, 0.000448, 0.000238, 0.000000, 0.001828, 0.002114, 0.002114, 0.001868, 0.002114, 0.002258, 0.002016, 0.002258, 0.002258, 0.001418, 0.001418, 0.001656, 0.001656, 0.001868, 0.002114
2119, 1.686835, 0.001550, 0.000561, 0.001293, 0.000000, 0.003433, 0.001100, 0.000319, 0.000151, 0.000000, 0.001570, 0.001137, 0.000451, 0.000240, 0.000000, 0.001833, 0.002117, 0.002117, 0.001870, 0.002117, 0.002260, 0.002016, 0.002260, 0.002260, 0.001416, 0.001416, 0.001656, 0.001656, 0.001870, 0.002117
2120, 1.686085, 0.001553, 0.000560, 0.001293, 0.000000, 0.003436, 0.001102, 0.000317, 0.000150, 0.000000, 0.001567, 0.001138, 0.000454, 0.000241, 0.000000, 0.001840, 0.002120, 0.002120, 0.001871, 0.002120, 0.002262, 0.002016, 0.002262, 0.002262, 0.001414, 0.001414, 0.001657, 0.001657, 0.001871, 0.002120
2121, 1.678221, 0.001556, 0.000560, 0.001294, 0.000000, 0.003440, 0.001103, 0.000315, 0.000150, 0.000000, 0.001563, 0.001139, 0.000457, 0.000243, 0.000000, 0.001846, 0.002122, 0.002122, 0.001872, 0.002122, 0.002263, 0.002017, 0.002263, 0.002263, 0.001413, 0.001413, 0.001657, 0.001657, 0.001872, 0.002122
2122, 1.680266, 0.001559, 0.000559, 0.001295, 0.000000, 0.003443, 0.001103, 0.000313, 0.000149, 0.000000, 0.001560, 0.001141, 0.000459, 0.000245, 0.000000, 0.001854, 0.002125, 0.002125, 0.001873, 0.002125, 0.002264, 0.002017, 0.002264, 0.002264, 0.001412, 0.001412, 0.001657, 0.001657, 0.001873, 0.002125
2123, 1.684262, 0.001563, 0.000558, 0.001296, 0.000000, 0.003446, 0.001104, 0.000310, 0.000148, 0.000000, 0.001558, 0.001142, 0.000462, 0.000247, 0.000000, 0.001861, 0.002128, 0.002128, 0.001874, 0.002128, 0.002265, 0.002017, 0.002265, 0.002265, 0.001411, 0.001411, 0.001657, 0.001657, 0.001874, 0.002128
2124, 1.685711, 0.001566, 0.000558, 0.001297, 0.000000, 0.003450, 0.001105, 0.000308, 0.000148, 0.000000, 0.001556, 0.001144, 0.000465, 0.000249, 0.000000, 0.001868, 0.002130, 0.002130, 0.001875, 0.002130, 0.002267, 0.002018, 0.002267, 0.002267, 0.001410, 0.001410, 0.001657, 0.001657, 0.001875, 0.002130
2125, 1.681131, 0.001569, 0.000557, 0.001299, 0.000000, 0.003454, 0.001106, 0.000306, 0.000147, 0.000000, 0.001555, 0.001145, 0.000467, 0.000250, 0.000000, 0.001876, 0.002134, 0.002134, 0.001876, 0.002134, 0.002269, 0.002019, 0.002269, 0.002269, 0.001408, 0.001408, 0.001658, 0.001658, 0.001876, 0.002134
2126, 1.682680, 0.001572, 0.000557, 0.001300, 0.000000, 0.003459, 0.001107, 0.000304, 0.000146, 0.000000, 0.001553, 0.001147, 0.000470, 0.000252, 0.000000, 0.001882, 0.002136, 0.002136, 0.001877, 0.002136, 0.002271, 0.002020, 0.002271, 0.002271, 0.001407, 0.001407, 0.001658, 0.001658, 0.001877, 0.002136
2127, 1.678401, 0.001575, 0.000556, 0.001301, 0.000000, 0.003463, 0.001107, 0.000302, 0.000146, 0.000000, 0.001552, 0.001149, 0.000473, 0.000254, 0.000000, 0.001890, 0.002138, 0.002138, 0.001879, 0.002138, 0.002274, 0.002020, 0.002274, 0.002274, 0.001405, 0.001405, 0.001658, 0.001658, 0.001879, 0.002138
2128, 1.671567, 0.001578, 0.000556, 0.001302, 0.000000, 0.003468, 0.001108, 0.000299, 0.000145, 0.000000, 0.001550, 0.001152, 0.000475, 0.000255, 0.000000, 0.001895, 0.002141, 0.002141, 0.001880, 0.002141, 0.002276, 0.002021, 0.002276, 0.002276, 0.001404, 0.001404, 0.001659, 0.001659, 0.001880, 0.002141
2129, 1.662650, 0.001581, 0.000556, 0.001303, 0.000000, 0.003472, 0.001108, 0.000297, 0.000144, 0.000000, 0.001548, 0.001153, 0.000478, 0.000257, 0.000000, 0.001901, 0.002145, 0.002145, 0.001880, 0.002145, 0.002278, 0.002022, 0.002278, 0.002278, 0.001403, 0.001403, 0.001660, 0.001660, 0.001880, 0.002145
2130, 1.662797, 0.001583, 0.000555, 0.001304, 0.000000, 0.003475, 0.001109, 0.000295, 0.000144, 0.000000, 0.001546, 0.001154, 0.000481, 0.000259, 0.000000, 0.001907, 0.002147, 0.002147, 0.001882, 0.002147, 0.002280, 0.002021, 0.002280, 0.002280, 0.001401, 0.001401, 0.001660, 0.001660, 0.001882, 0.002147
2131, 1.672804, 0.001586, 0.000554, 0.001305, 0.000000, 0.003478, 0.001109, 0.000293, 0.000143, 0.000000, 0.001544, 0.001156, 0.000483, 0.000260, 0.000000, 0.001914, 0.002149, 0.002149, 0.001883, 0.002149, 0.002282, 0.002021, 0.002282, 0.002282, 0.001400, 0.001400, 0.001661, 0.001661, 0.001883, 0.002149
2132, 1.678555, 0.001590, 0.000554, 0.001306, 0.000000, 0.003481, 0.001110, 0.000291, 0.000142, 0.000000, 0.001542, 0.001159, 0.000486, 0.000262, 0.000000, 0.001922, 0.002151, 0.002151, 0.001885, 0.002151, 0.002285, 0.002022, 0.002285, 0.002285, 0.001398, 0.001398, 0.001662, 0.001662, 0.001885, 0.002151
2133, 1.670909, 0.001593, 0.000553, 0.001308, 0.000000, 0.003485, 0.001110, 0.000289, 0.000141, 0.000000, 0.001541, 0.001161, 0.000489, 0.000264, 0.000000, 0.001928, 0.002153, 0.002153, 0.001887, 0.002153, 0.002287, 0.002022, 0.002287, 0.002287, 0.001396, 0.001396, 0.001662, 0.001662, 0.001887, 0.002153
2134, 1.660320, 0.001596, 0.000553, 0.001309, 0.000000, 0.003490, 0.001110, 0.000287, 0.000140, 0.000000, 0.001539, 0.001162, 0.000491, 0.000265, 0.000000, 0.001935, 0.002156, 0.002156, 0.001888, 0.002156, 0.002289, 0.002023, 0.002289, 0.002289, 0.001394, 0.001394, 0.001663, 0.001663, 0.001888, 0.002156
2135, 1.666706, 0.001600, 0.000552, 0.001310, 0.000000, 0.003493, 0.001111, 0.000285, 0.000140, 0.000000, 0.001537, 0.001165, 0.000494, 0.000266, 0.000000, 0.001941, 0.002159, 0.002159, 0.001889, 0.002159, 0.002291, 0.002024, 0.002291, 0.002291, 0.001393, 0.001393, 0.001664, 0.001664, 0.001889, 0.002159
2136, 1.670662, 0.001604, 0.000552, 0.001310, 0.000000, 0.003496, 0.001111, 0.000283, 0.000139, 0.000000, 0.001535, 0.001166, 0.000497, 0.000268, 0.000000, 0.001947, 0.002162, 0.002162, 0.001890, 0.002162, 0.002293, 0.002024, 0.002293, 0.002293, 0.001393, 0.001393, 0.001665, 0.001665, 0.001890, 0.002162
2137, 1.662040, 0.001608, 0.000552, 0.001311, 0.000000, 0.003501, 0.001112, 0.000281, 0.000139, 0.000000, 0.001533, 0.001168, 0.000500, 0.000270, 0.000000, 0.001954, 0.002165, 0.002165, 0.001891, 0.002165, 0.002296, 0.002025, 0.002296, 0.002296, 0.001392, 0.001392, 0.001665, 0.001665, 0.001891, 0.002165
2138, 1.654882, 0.001612, 0.000551, 0.001312, 0.000000, 0.003505, 0.001112, 0.000280, 0.000138, 0.000000, 0.001531, 0.001169, 0.000503, 0.000271, 0.000000, 0.001960, 0.002168, 0.002168, 0.001892, 0.002168, 0.002298, 0.002025, 0.002298, 0.002298, 0.001390, 0.001390, 0.001666, 0.001666, 0.001892, 0.002168
2139, 1.655551, 0.001615, 0.000551, 0.001313, 0.000000, 0.003510, 0.001112, 0.000278, 0.000138, 0.000000, 0.001530, 0.001170, 0.000506, 0.000273, 0.000000, 0.001965, 0.002171, 0.002171, 0.001893, 0.002171, 0.002300, 0.002025, 0.002300, 0.002300, 0.001389, 0.001389, 0.001667, 0.001667, 0.001893, 0.002171
2140, 1.648042, 0.001619, 0.000551, 0.001314, 0.000000, 0.003513, 0.001113, 0.000276, 0.000137, 0.000000, 0.001528, 0.001170, 0.000509, 0.000275, 0.000000, 0.001971, 0.002173, 0.002173, 0.001895, 0.002173, 0.002301, 0.002026, 0.002301, 0.002301, 0.001388, 0.001388, 0.001667, 0.001667, 0.001895, 0.002173
2141, 1.637211, 0.001622, 0.000550, 0.001315, 0.000000, 0.003516, 0.001114, 0.000275, 0.000136, 0.000000, 0.001525, 0.001171, 0.000512, 0.000276, 0.000000, 0.001978, 0.002176, 0.002176, 0.001896, 0.002176, 0.002302, 0.002027, 0.002302, 0.002302, 0.001387, 0.001387, 0.001667, 0.001667, 0.001896, 0.002176
2142, 1.620906, 0.001626, 0.000550, 0.001316, 0.000000, 0.003519, 0.001115, 0.000273, 0.000136, 0.000000, 0.001523, 0.001173, 0.000514, 0.000278, 0.000000, 0.001984, 0.002178, 0.002178, 0.001897, 0.002178, 0.002303, 0.002027, 0.002303, 0.002303, 0.001386, 0.001386, 0.001667, 0.001667, 0.001897, 0.002178
2143, 1.627899, 0.001630, 0.000550, 0.001317, 0.000000, 0.003523, 0.001115, 0.000271, 0.000135, 0.000000, 0.001520, 0.001175, 0.000517, 0.000279, 0.000000, 0.001989, 0.002181, 0.002181, 0.001899, 0.002181, 0.002305, 0.002028, 0.002305, 0.002305, 0.001385, 0.001385, 0.001667, 0.001667, 0.001899, 0.002181
2144, 1.641402, 0.001634, 0.000550, 0.001318, 0.000000, 0.003526, 0.001116, 0.000270, 0.000135, 0.000000, 0.001517, 0.001176, 0.000519, 0.000280, 0.000000, 0.001995, 0.002184, 0.002184, 0.001900, 0.002184, 0.002307, 0.002029, 0.002307, 0.002307, 0.001384, 0.001384, 0.001666, 0.001666, 0.001900, 0.002184
2145, 1.644231, 0.001638, 0.000549, 0.001319, 0.000000, 0.003530, 0.001116, 0.000268, 0.000134, 0.000000, 0.001514, 0.001179, 0.000522, 0.000282, 0.000000, 0.002000, 0.002187, 0.002187, 0.001902, 0.002187, 0.002309, 0.002030, 0.002309, 0.002309, 0.001382, 0.001382, 0.001666, 0.001666, 0.001902, 0.002187
2146, 1.650499, 0.001642, 0.000549, 0.001321, 0.000000, 0.003533, 0.001116, 0.000266, 0.000134, 0.000000, 0.001512, 0.001181, 0.000524, 0.000283, 0.000000, 0.002006, 0.002190, 0.002190, 0.001903, 0.002190, 0.002312, 0.002031, 0.002312, 0.002312, 0.001380, 0.001380, 0.001666, 0.001666, 0.001903, 0.002190
2147, 1.635778, 0.001645, 0.000549, 0.001321, 0.000000, 0.003537, 0.001116, 0.000265, 0.000133, 0.000000, 0.001510, 0.001183, 0.000527, 0.000285, 0.000000, 0.002013, 0.002193, 0.002193, 0.001905, 0.002193, 0.002314, 0.002032, 0.002314, 0.002314, 0.001377, 0.001377, 0.001666, 0.001666, 0.001905, 0.002193
2148, 1.642508, 0.001648, 0.000548, 0.001322, 0.000000, 0.003541, 0.001116, 0.000263, 0.000133, 0.000000, 0.001508, 0.001185, 0.000529, 0.000286, 0.000000, 0.002019, 0.002195, 0.002195, 0.001906, 0.002195, 0.002317, 0.002033, 0.002317, 0.002317, 0.001376, 0.001376, 0.001666, 0.001666, 0.001906, 0.002195
2149, 1.634098, 0.001651, 0.000548, 0.001323, 0.000000, 0.003545, 0.001117, 0.000261, 0.000132, 0.000000, 0.001505, 0.001187, 0.000532, 0.000287, 0.000000, 0.002024, 0.002197, 0.002197, 0.001908, 0.002197, 0.002320, 0.002034, 0.002320, 0.002320, 0.001376, 0.001376, 0.001667, 0.001667, 0.001908, 0.002197
2150, 1.626733, 0.001655, 0.000548, 0.001325, 0.000000, 0.003549, 0.001118, 0.000259, 0.000131, 0.000000, 0.001503, 0.001189, 0.000535, 0.000289, 0.000000, 0.002031, 0.002199, 0.002199, 0.001909, 0.002199, 0.002321, 0.002035, 0.002321, 0.002321, 0.001375, 0.001375, 0.001667, 0.001667, 0.001909, 0.002199
2151, 1.632161, 0.001658, 0.000547, 0.001326, 0.000000, 0.003553, 0.001118, 0.000258, 0.000131, 0.000000, 0.001501, 0.001192, 0.000537, 0.000290, 0.000000, 0.002037, 0.002201, 0.002201, 0.001911, 0.002201, 0.002323, 0.002036, 0.002323, 0.002323, 0.001375, 0.001375, 0.001667, 0.001667, 0.001911, 0.002201
2152, 1.619455, 0.001661, 0.000547, 0.001327, 0.000000, 0.003558, 0.001118, 0.000256, 0.000130, 0.000000, 0.001500, 0.001193, 0.000540, 0.000292, 0.000000, 0.002043, 0.002204, 0.002204, 0.001912, 0.002204, 0.002325, 0.002037, 0.002325, 0.002325, 0.001374, 0.001374, 0.001667, 0.001667, 0.001912, 0.002204
2153, 1.613000, 0.001664, 0.000547, 0.001329, 0.000000, 0.003563, 0.001118, 0.000254, 0.000130, 0.000000, 0.001498, 0.001194, 0.000543, 0.000293, 0.000000, 0.002049, 0.002206, 0.002206, 0.001914, 0.002206, 0.002328, 0.002038, 0.002328, 0.002328, 0.001373, 0.001373, 0.001667, 0.001667, 0.001914, 0.002206
2154, 1.613859, 0.001666, 0.000546, 0.001331, 0.000000, 0.003567, 0.001118, 0.000253, 0.000129, 0.000000, 0.001497, 0.001196, 0.000545, 0.000295, 0.000000, 0.002055, 0.002209, 0.002209, 0.001915, 0.002209, 0.002330, 0.002039, 0.002330, 0.002330, 0.001372, 0.001372, 0.001667, 0.001667, 0.001915, 0.002209
2155, 1.634130, 0.001669, 0.000546, 0.001332, 0.000000, 0.003570, 0.001118, 0.000251, 0.000128, 0.000000, 0.001495, 0.001198, 0.000548, 0.000296, 0.000000, 0.002061, 0.002212, 0.002212, 0.001917, 0.002212, 0.002333, 0.002039, 0.002333, 0.002333, 0.001371, 0.001371, 0.001667, 0.001667, 0.001917, 0.002212
2156, 1.639055, 0.001671, 0.000546, 0.001334, 0.000000, 0.003574, 0.001119, 0.000250, 0.000128, 0.000000, 0.001493, 0.001200, 0.000551, 0.000297, 0.000000, 0.002068, 0.002215, 0.002215, 0.001918, 0.002215, 0.002334, 0.002041, 0.002334, 0.002334, 0.001370, 0.001370, 0.001668, 0.001668, 0.001918, 0.002215
2157, 1.643991, 0.001674, 0.000545, 0.001335, 0.000000, 0.003577, 0.001119, 0.000248, 0.000127, 0.000000, 0.001492, 0.001202, 0.000554, 0.000299, 0.000000, 0.002074, 0.002218, 0.002218, 0.001920, 0.002218, 0.002337, 0.002042, 0.002337, 0.002337, 0.001368, 0.001368, 0.001668, 0.001668, 0.001920, 0.002218
2158, 1.625913, 0.001677, 0.000545, 0.001337, 0.000000, 0.003581, 0.001120, 0.000247, 0.000126, 0.000000, 0.001491, 0.001205, 0.000556, 0.000300, 0.000000, 0.002080, 0.002222, 0.002222, 0.001922, 0.002222, 0.002340, 0.002043, 0.002340, 0.002340, 0.001368, 0.001368, 0.001667, 0.001667, 0.001922, 0.002222
2159, 1.618651, 0.001680, 0.000545, 0.001337, 0.000000, 0.003584, 0.001120, 0.000245, 0.000126, 0.000000, 0.001489, 0.001207, 0.000559, 0.000301, 0.000000, 0.002086, 0.002225, 0.002225, 0.001923, 0.002225, 0.002342, 0.002044, 0.002342, 0.002342, 0.001367, 0.001367, 0.001667, 0.001667, 0.001923, 0.002225
2160, 1.615861, 0.001683, 0.000545, 0.001338, 0.000000, 0.003588, 0.001121, 0.000243, 0.000125, 0.000000, 0.001486, 0.001209, 0.000561, 0.000303, 0.000000, 0.002091, 0.002228, 0.002228, 0.001925, 0.002228, 0.002345, 0.002046, 0.002345, 0.002345, 0.001366, 0.001366, 0.001667, 0.001667, 0.001925, 0.002228
2161, 1.614963, 0.001686, 0.000545, 0.001339, 0.000000, 0.003592, 0.001121, 0.000242, 0.000124, 0.000000, 0.001484, 0.001211, 0.000564, 0.000304, 0.000000, 0.002097, 0.002231, 0.002231, 0.001927, 0.002231, 0.002348, 0.002048, 0.002348, 0.002348, 0.001365, 0.001365, 0.001667, 0.001667, 0.001927, 0.002231
2162, 1.600098, 0.001690, 0.000544, 0.001341, 0.000000, 0.003596, 0.001122, 0.000240, 0.000124, 0.000000, 0.001482, 0.001213, 0.000567, 0.000305, 0.000000, 0.002102, 0.002234, 0.002234, 0.001929, 0.002234, 0.002350, 0.002050, 0.002350, 0.002350, 0.001364, 0.001364, 0.001668, 0.001668, 0.001929, 0.002234
2163, 1.607395, 0.001693, 0.000544, 0.001342, 0.000000, 0.003600, 0.001122, 0.000239, 0.000123, 0.000000, 0.001480, 0.001215, 0.000570, 0.000306, 0.000000, 0.002107, 0.002237, 0.002237, 0.001931, 0.002237, 0.002352, 0.002051, 0.002352, 0.002352, 0.001363, 0.001363, 0.001668, 0.001668, 0.001931, 0.002237
2164, 1.614944, 0.001696, 0.000544, 0.001343, 0.000000, 0.003604, 0.001123, 0.000237, 0.000123, 0.000000, 0.001478, 0.001217, 0.000572, 0.000308, 0.000000, 0.002113, 0.002239, 0.002239, 0.001933, 0.002239, 0.002354, 0.002051, 0.002354, 0.002354, 0.001362, 0.001362, 0.001669, 0.001669, 0.001933, 0.002239
2165, 1.630546, 0.001698, 0.000543, 0.001344, 0.000000, 0.003608, 0.001123, 0.000236, 0.000122, 0.000000, 0.001476, 0.001219, 0.000575, 0.000309, 0.000000, 0.002119, 0.002242, 0.002242, 0.001935, 0.002242, 0.002357, 0.002051, 0.002357, 0.002357, 0.001361, 0.001361, 0.001668, 0.001668, 0.001935, 0.002242
2166, 1.639501, 0.001701, 0.000543, 0.001346, 0.000000, 0.003612, 0.001124, 0.000234, 0.000122, 0.000000, 0.001474, 0.001220, 0.000578, 0.000311, 0.000000, 0.002126, 0.002244, 0.002244, 0.001937, 0.002244, 0.002358, 0.002052, 0.002358, 0.002358, 0.001360, 0.001360, 0.001668, 0.001668, 0.001937, 0.002244
2167, 1.628711, 0.001704, 0.000543, 0.001347, 0.000000, 0.003616, 0.001124, 0.000233, 0.000121, 0.000000, 0.001472, 0.001222, 0.000580, 0.000312, 0.000000, 0.002132, 0.002247, 0.002247, 0.001939, 0.002247, 0.002360, 0.002053, 0.002360, 0.002360, 0.001358, 0.001358, 0.001668, 0.001668, 0.001939, 0.002247
2168, 1.632055, 0.001707, 0.000543, 0.001348, 0.000000, 0.003620, 0.001125, 0.000231, 0.000120, 0.000000, 0.001470, 0.001224, 0.000583, 0.000313, 0.000000, 0.002139, 0.002250, 0.002250, 0.001941, 0.002250, 0.002363, 0.002054, 0.002363, 0.002363, 0.001357, 0.001357, 0.001667, 0.001667, 0.001941, 0.002250
2169, 1.615132, 0.001710, 0.000542, 0.001349, 0.000000, 0.003624, 0.001125, 0.000229, 0.000120, 0.000000, 0.001469, 0.001226, 0.000586, 0.000315, 0.000000, 0.002145, 0.002252, 0.002252, 0.001941, 0.002252, 0.002365, 0.002056, 0.002365, 0.002365, 0.001356, 0.001356, 0.001667, 0.001667, 0.001941, 0.002252
2170, 1.616897, 0.001712, 0.000542, 0.001350, 0.000000, 0.003628, 0.001126, 0.000228, 0.000120, 0.000000, 0.001467, 0.001228, 0.000588, 0.000316, 0.000000, 0.002152, 0.002254, 0.002254, 0.001942, 0.002254, 0.002367, 0.002057, 0.002367, 0.002367, 0.001355, 0.001355, 0.001667, 0.001667, 0.001942, 0.002254
2171, 1.610527, 0.001715, 0.000542, 0.001351, 0.000000, 0.003632, 0.001126, 0.000226, 0.000119, 0.000000, 0.001464, 0.001230, 0.000591, 0.000317, 0.000000, 0.002159, 0.002257, 0.002257, 0.001944, 0.002257, 0.002369, 0.002058, 0.002369, 0.002369, 0.001354, 0.001354, 0.001666, 0.001666, 0.001944, 0.002257
2172, 1.600332, 0.001718, 0.000541, 0.001352, 0.000000, 0.003635, 0.001126, 0.000225, 0.000119, 0.000000, 0.001462, 0.001232, 0.000594, 0.000318, 0.000000, 0.002165, 0.002259, 0.002259, 0.001945, 0.002259, 0.002371, 0.002058, 0.002371, 0.002371, 0.001353, 0.001353, 0.001666, 0.001666, 0.001945, 0.002259
2173, 1.594117, 0.001722, 0.000541, 0.001354, 0.000000, 0.003639, 0.001126, 0.000224, 0.000118, 0.000000, 0.001460, 0.001234, 0.000596, 0.000319, 0.000000, 0.002171, 0.002262, 0.002262, 0.001946, 0.002262, 0.002374, 0.002060, 0.002374, 0.002374, 0.001353, 0.001353, 0.001667, 0.001667, 0.001946, 0.002262
2174, 1.606624, 0.001725, 0.000541, 0.001355, 0.000000, 0.003642, 0.001127, 0.000222, 0.000117, 0.000000, 0.001459, 0.001235, 0.000599, 0.000320, 0.000000, 0.002177, 0.002264, 0.002264, 0.001948, 0.002264, 0.002376, 0.002061, 0.002376, 0.002376, 0.001351, 0.001351, 0.001667, 0.001667, 0.001948, 0.002264
2175, 1.599089, 0.001728, 0.000540, 0.001356, 0.000000, 0.003646, 0.001127, 0.000221, 0.000117, 0.000000, 0.001457, 0.001237, 0.000602, 0.000321, 0.000000, 0.002182, 0.002267, 0.002267, 0.001949, 0.002267, 0.002379, 0.002062, 0.002379, 0.002379, 0.001350, 0.001350, 0.001667, 0.001667, 0.001949, 0.002267
2176, 1.621244, 0.001731, 0.000540, 0.001358, 0.000000, 0.003651, 0.001127, 0.000220, 0.000116, 0.000000, 0.001455, 0.001238, 0.000604, 0.000322, 0.000000, 0.002187, 0.002270, 0.002270, 0.001951, 0.002270, 0.002381, 0.002064, 0.002381, 0.002381, 0.001349, 0.001349, 0.001668, 0.001668, 0.001951, 0.002270
2177, 1.628668, 0.001734, 0.000540, 0.001359, 0.000000, 0.003654, 0.001127, 0.000218, 0.000116, 0.000000, 0.001453, 0.001240, 0.000607, 0.000323, 0.000000, 0.002192, 0.002273, 0.002273, 0.001953, 0.002273, 0.002384, 0.002065, 0.002384, 0.002384, 0.001348, 0.001348, 0.001669, 0.001669, 0.001953, 0.002273
2178, 1.632242, 0.001737, 0.000539, 0.001361, 0.000000, 0.003657, 0.001128, 0.000217, 0.000115, 0.000000, 0.001452, 0.001241, 0.000610, 0.000325, 0.000000, 0.002198, 0.002276, 0.002276, 0.001955, 0.002276, 0.002386, 0.002065, 0.002386, 0.002386, 0.001346, 0.001346, 0.001668, 0.001668, 0.001955, 0.002276
2179, 1.621326, 0.001739, 0.000539, 0.001362, 0.000000, 0.003660, 0.001128, 0.000215, 0.000115, 0.000000, 0.001449, 0.001243, 0.000613, 0.000326, 0.000000, 0.002204, 0.002278, 0.002278, 0.001957, 0.002278, 0.002389, 0.002066, 0.002389, 0.002389, 0.001345, 0.001345, 0.001668, 0.001668, 0.001957, 0.002278
2180, 1.626481, 0.001742, 0.000539, 0.001364, 0.000000, 0.003664, 0.001128, 0.000214, 0.000114, 0.000000, 0.001447, 0.001245, 0.000615, 0.000327, 0.000000, 0.002211, 0.002281, 0.002281, 0.001958, 0.002281, 0.002392, 0.002067, 0.002392, 0.002392, 0.001343, 0.001343, 0.001668, 0.001668, 0.001958, 0.002281
2181, 1.611496, 0.001744, 0.000538, 0.001365, 0.000000, 0.003668, 0.001128, 0.000213, 0.000113, 0.000000, 0.001446, 0.001247, 0.000618, 0.000328, 0.000000, 0.002217, 0.002284, 0.002284, 0.001960, 0.002284, 0.002394, 0.002068, 0.002394, 0.002394, 0.001342, 0.001342, 0.001669, 0.001669, 0.001960, 0.002284
2182, 1.608963, 0.001746, 0.000538, 0.001366, 0.000000, 0.003672, 0.001128, 0.000212, 0.000113, 0.000000, 0.001444, 0.001249, 0.000620, 0.000329, 0.000000, 0.002224, 0.002286, 0.002286, 0.001962, 0.002286, 0.002396, 0.002068, 0.002396, 0.002396, 0.001340, 0.001340, 0.001669, 0.001669, 0.001962, 0.002286
2183, 1.593543, 0.001749, 0.000538, 0.001368, 0.000000, 0.003676, 0.001129, 0.000210, 0.000112, 0.000000, 0.001443, 0.001251, 0.000623, 0.000330, 0.000000, 0.002229, 0.002289, 0.002289, 0.001964, 0.002289, 0.002398, 0.002069, 0.002398, 0.002398, 0.001339, 0.001339, 0.001670, 0.001670, 0.001964, 0.002289
2184, 1.600748, 0.001752, 0.000538, 0.001369, 0.000000, 0.003681, 0.001130, 0.000209, 0.000112, 0.000000, 0.001441, 0.001252, 0.000625, 0.000332, 0.000000, 0.002236, 0.002292, 0.002292, 0.001966, 0.002292, 0.002401, 0.002070, 0.002401, 0.002401, 0.001338, 0.001338, 0.001670, 0.001670, 0.001966, 0.002292
2185, 1.602303, 0.001755, 0.000538, 0.001370, 0.000000, 0.003685, 0.001130, 0.000208, 0.000111, 0.000000, 0.001440, 0.001254, 0.000628, 0.000333, 0.000000, 0.002242, 0.002294, 0.002294, 0.001967, 0.002294, 0.002403, 0.002072, 0.002403, 0.002403, 0.001337, 0.001337, 0.001671, 0.001671, 0.001967, 0.002294
2186, 1.595017, 0.001758, 0.000538, 0.001371, 0.000000, 0.003689, 0.001130, 0.000206, 0.000111, 0.000000, 0.001439, 0.001256, 0.000631, 0.000334, 0.000000, 0.002247, 0.002297, 0.002297, 0.001969, 0.002297, 0.002405, 0.002072, 0.002405, 0.002405, 0.001336, 0.001336, 0.001671, 0.001671, 0.001969, 0.002297
2187, 1.603566, 0.001762, 0.000538, 0.001373, 0.000000, 0.003693, 0.001131, 0.000205, 0.000110, 0.000000, 0.001437, 0.001257, 0.000633, 0.000335, 0.000000, 0.002251, 0.002300, 0.002300, 0.001970, 0.002300, 0.002408, 0.002072, 0.002408, 0.002408, 0.001335, 0.001335, 0.001670, 0.001670, 0.001970, 0.002300
2188, 1.617770, 0.001765, 0.000538, 0.001374, 0.000000, 0.003697, 0.001131, 0.000204, 0.000110, 0.000000, 0.001436, 0.001258, 0.000636, 0.000336, 0.000000, 0.002256, 0.002302, 0.002302, 0.001971, 0.002302, 0.002410, 0.002072, 0.002410, 0.002410, 0.001334, 0.001334, 0.001670, 0.001670, 0.001971, 0.002302
2189, 1.612396, 0.001768, 0.000538, 0.001375, 0.000000, 0.003701, 0.001132, 0.000202, 0.000109, 0.000000, 0.001434, 0.001260, 0.000639, 0.000337, 0.000000, 0.002261, 0.002305, 0.002305, 0.001973, 0.002305, 0.002412, 0.002072, 0.002412, 0.002412, 0.001333, 0.001333, 0.001670, 0.001670, 0.001973, 0.002305
2190, 1.612434, 0.001771, 0.000538, 0.001376, 0.000000, 0.003705, 0.001132, 0.000201, 0.000109, 0.000000, 0.001433, 0.001261, 0.000641, 0.000338, 0.000000, 0.002266, 0.002307, 0.002307, 0.001975, 0.002307, 0.002414, 0.002073, 0.002414, 0.002414, 0.001332, 0.001332, 0.001669, 0.001669, 0.001975, 0.002307
2191, 1.613065, 0.001774, 0.000538, 0.001377, 0.000000, 0.003710, 0.001132, 0.000200, 0.000109, 0.000000, 0.001432, 0.001262, 0.000644, 0.000339, 0.000000, 0.002272, 0.002310, 0.002310, 0.001976, 0.002310, 0.002416, 0.002073, 0.002416, 0.002416, 0.001331, 0.001331, 0.001670, 0.001670, 0.001976, 0.002310
2192, 1.610914, 0.001777, 0.000538, 0.001378, 0.000000, 0.003714, 0.001132, 0.000198, 0.000108, 0.000000, 0.001430, 0.001264, 0.000647, 0.000340, 0.000000, 0.002278, 0.002313, 0.002313, 0.001978, 0.002313, 0.002418, 0.002074, 0.002418, 0.002418, 0.001329, 0.001329, 0.001670, 0.001670, 0.001978, 0.002313
2193, 1.603502, 0.001780, 0.000538, 0.001379, 0.000000, 0.003719, 0.001132, 0.000197, 0.000108, 0.000000, 0.001429, 0.001265, 0.000650, 0.000341, 0.000000, 0.002283, 0.002315, 0.002315, 0.001980, 0.002315, 0.002421, 0.002076, 0.002421, 0.002421, 0.001328, 0.001328, 0.001670, 0.001670, 0.001980, 0.002315
2194, 1.622116, 0.001782, 0.000538, 0.001381, 0.000000, 0.003723, 0.001132, 0.000196, 0.000108, 0.000000, 0.001428, 0.001267, 0.000652, 0.000342, 0.000000, 0.002287, 0.002317, 0.002317, 0.001982, 0.002317, 0.002424, 0.002077, 0.002424, 0.002424, 0.001327, 0.001327, 0.001670, 0.001670, 0.001982, 0.002317
2195, 1.613283, 0.001785, 0.000538, 0.001382, 0.000000, 0.003727, 0.001132, 0.000195, 0.000107, 0.000000, 0.001426, 0.001268, 0.000655, 0.000343, 0.000000, 0.002291, 0.002320, 0.002320, 0.001983, 0.002320, 0.002426, 0.002078, 0.002426, 0.002426, 0.001326, 0.001326, 0.001670, 0.001670, 0.001983, 0.002320
2196, 1.604527, 0.001788, 0.000538, 0.001384, 0.000000, 0.003731, 0.001132, 0.000193, 0.000107, 0.000000, 0.001425, 0.001270, 0.000657, 0.000344, 0.000000, 0.002296, 0.002322, 0.002322, 0.001985, 0.002322, 0.002429, 0.002080, 0.002429, 0.002429, 0.001326, 0.001326, 0.001670, 0.001670, 0.001985, 0.002322
2197, 1.614927, 0.001791, 0.000537, 0.001385, 0.000000, 0.003735, 0.001132, 0.000192, 0.000106, 0.000000, 0.001423, 0.001272, 0.000660, 0.000345, 0.000000, 0.002302, 0.002324, 0.002324, 0.001987, 0.002324, 0.002432, 0.002081, 0.002432, 0.002432, 0.001325, 0.001325, 0.001670, 0.001670, 0.001987, 0.002324
2198, 1.622899, 0.001793, 0.000537, 0.001387, 0.000000, 0.003739, 0.001132, 0.000191, 0.000106, 0.000000, 0.001422, 0.001274, 0.000662, 0.000346, 0.000000, 0.002308, 0.002327, 0.002327, 0.001989, 0.002327, 0.002434, 0.002082, 0.002434, 0.002434, 0.001324, 0.001324, 0.001670, 0.001670, 0.001989, 0.002327
2199, 1.633103, 0.001795, 0.000537, 0.001388, 0.000000, 0.003743, 0.001132, 0.000190, 0.000105, 0.000000, 0.001420, 0.001276, 0.000665, 0.000347, 0.000000, 0.002313, 0.002330, 0.002330, 0.001991, 0.002330, 0.002436, 0.002084, 0.002436, 0.002436, 0.001323, 0.001323, 0.001669, 0.001669, 0.001991, 0.002330
2200, 1.625271, 0.001797, 0.000537, 0.001389, 0.000000, 0.003747, 0.001132, 0.000189, 0.000105, 0.000000, 0.001419, 0.001277, 0.000668, 0.000348, 0.000000, 0.002319, 0.002333, 0.002333, 0.001992, 0.002333, 0.002439, 0.002084, 0.002439, 0.002439, 0.001322, 0.001322, 0.001669, 0.001669, 0.001992, 0.002333
2201, 1.626471, 0.001800, 0.000537, 0.001391, 0.000000, 0.003751, 0.001132, 0.000187, 0.000104, 0.000000, 0.001417, 0.001279, 0.000670, 0.000349, 0.000000, 0.002324, 0.002336, 0.002336, 0.001993, 0.002336, 0.002441, 0.002085, 0.002441, 0.002441, 0.001321, 0.001321, 0.001669, 0.001669, 0.001993, 0.002336
2202, 1.619122, 0.001803, 0.000537, 0.001392, 0.000000, 0.003756, 0.001133, 0.000186, 0.000104, 0.000000, 0.001416, 0.001281, 0.000672, 0.000350, 0.000000, 0.002330, 0.002339, 0.002339, 0.001995, 0.002339, 0.002442, 0.002086, 0.002442, 0.002442, 0.001319, 0.001319, 0.001669, 0.001669, 0.001995, 0.002339
2203, 1.644977, 0.001806, 0.000537, 0.001393, 0.000000, 0.003760, 0.001133, 0.000185, 0.000104, 0.000000, 0.001414, 0.001283, 0.000675, 0.000351, 0.000000, 0.002335, 0.002343, 0.002343, 0.001997, 0.002343, 0.002445, 0.002086, 0.002445, 0.002445, 0.001318, 0.001318, 0.001670, 0.001670, 0.001997, 0.002343
2204, 1.622142, 0.001809, 0.000537, 0.001394, 0.000000, 0.003765, 0.001133, 0.000184, 0.000103, 0.000000, 0.001413, 0.001284, 0.000677, 0.000352, 0.000000, 0.002340, 0.002347, 0.002347, 0.002000, 0.002347, 0.002447, 0.002087, 0.002447, 0.002447, 0.001317, 0.001317, 0.001670, 0.001670, 0.002000, 0.002347
2205, 1.613447, 0.001812, 0.000537, 0.001396, 0.000000, 0.003769, 0.001134, 0.000183, 0.000103, 0.000000, 0.001411, 0.001286, 0.000680, 0.000353, 0.000000, 0.002346, 0.002350, 0.002350, 0.002002, 0.002350, 0.002449, 0.002088, 0.002449, 0.002449, 0.001316, 0.001316, 0.001670, 0.001670, 0.002002, 0.002350
2206, 1.618504, 0.001816, 0.000537, 0.001397, 0.000000, 0.003774, 0.001134, 0.000181, 0.000103, 0.000000, 0.001410, 0.001288, 0.000683, 0.000355, 0.000000, 0.002351, 0.002354, 0.002354, 0.002004, 0.002354, 0.002452, 0.002089, 0.002452, 0.002452, 0.001315, 0.001315, 0.001671, 0.001671, 0.002004, 0.002354
2207, 1.635082, 0.001818, 0.000537, 0.001398, 0.000000, 0.003778, 0.001134, 0.000180, 0.000102, 0.000000, 0.001408, 0.001289, 0.000685, 0.000356, 0.000000, 0.002356, 0.002357, 0.002357, 0.002005, 0.002357, 0.002454, 0.002091, 0.002454, 0.002454, 0.001314, 0.001314, 0.001671, 0.001671, 0.002005, 0.002357
2208, 1.602954, 0.001822, 0.000537, 0.001399, 0.000000, 0.003782, 0.001134, 0.000179, 0.000102, 0.000000, 0.001407, 0.001291, 0.000688, 0.000357, 0.000000, 0.002361, 0.002360, 0.002360, 0.002007, 0.002360, 0.002456, 0.002092, 0.002456, 0.002456, 0.001312, 0.001312, 0.001671, 0.001671, 0.002007, 0.002360
2209, 1.611825, 0.001825, 0.000537, 0.001400, 0.000000, 0.003785, 0.001135, 0.000178, 0.000101, 0.000000, 0.001405, 0.001293, 0.000691, 0.000358, 0.000000, 0.002367, 0.002363, 0.002363, 0.002009, 0.002363, 0.002458, 0.002094, 0.002458, 0.002458, 0.001311, 0.001311, 0.001672, 0.001672, 0.002009, 0.002363
2210, 1.621527, 0.001829, 0.000537, 0.001401, 0.000000, 0.003789, 0.001134, 0.000177, 0.000101, 0.000000, 0.001404, 0.001295, 0.000693, 0.000359, 0.000000, 0.002372, 0.002367, 0.002367, 0.002009, 0.002367, 0.002460, 0.002096, 0.002460, 0.002460, 0.001309, 0.001309, 0.001672, 0.001672, 0.002009, 0.002367
2211, 1.631121, 0.001832, 0.000537, 0.001402, 0.000000, 0.003792, 0.001134, 0.000176, 0.000100, 0.000000, 0.001403, 0.001296, 0.000696, 0.000360, 0.000000, 0.002377, 0.002370, 0.002370, 0.002010, 0.002370, 0.002462, 0.002098, 0.002462, 0.002462, 0.001308, 0.001308, 0.001672, 0.001672, 0.002010, 0.002370
2212, 1.624274, 0.001835, 0.000536, 0.001403, 0.000000, 0.003796, 0.001134, 0.000175, 0.000100, 0.000000, 0.001402, 0.001298, 0.000699, 0.000361, 0.000000, 0.002383, 0.002373, 0.002373, 0.002011, 0.002373, 0.002464, 0.002099, 0.002464, 0.002464, 0.001307, 0.001307, 0.001671, 0.001671, 0.002011, 0.002373
2213, 1.633618, 0.001838, 0.000536, 0.001405, 0.000000, 0.003800, 0.001134, 0.000174, 0.000100, 0.000000, 0.001401, 0.001299, 0.000701, 0.000361, 0.000000, 0.002389, 0.002376, 0.002376, 0.002012, 0.002376, 0.002466, 0.002101, 0.002466, 0.002466, 0.001307, 0.001307, 0.001672, 0.001672, 0.002012, 0.002376
2214, 1.615587, 0.001841, 0.000536, 0.001406, 0.000000, 0.003805, 0.001134, 0.000173, 0.000099, 0.000000, 0.001400, 0.001301, 0.000704, 0.000362, 0.000000, 0.002395, 0.002378, 0.002378, 0.002013, 0.002378, 0.002469, 0.002102, 0.002469, 0.002469, 0.001306, 0.001306, 0.001672, 0.001672, 0.002013, 0.002378
2215, 1.618178, 0.001843, 0.000536, 0.001407, 0.000000, 0.003809, 0.001134, 0.000173, 0.000099, 0.000000, 0.001398, 0.001303, 0.000707, 0.000364, 0.000000, 0.002400, 0.002381, 0.002381, 0.002014, 0.002381, 0.002472, 0.002104, 0.002472, 0.002472, 0.001304, 0.001304, 0.001671, 0.001671, 0.002014, 0.002381
2216, 1.621328, 0.001846, 0.000536, 0.001408, 0.000000, 0.003813, 0.001134, 0.000171, 0.000098, 0.000000, 0.001397, 0.001305, 0.000709, 0.000365, 0.000000, 0.002405, 0.002384, 0.002384, 0.002016, 0.002384, 0.002475, 0.002105, 0.002475, 0.002475, 0.001303, 0.001303, 0.001671, 0.001671, 0.002016, 0.002384
2217, 1.610663, 0.001850, 0.000536, 0.001410, 0.000000, 0.003817, 0.001134, 0.000170, 0.000098, 0.000000, 0.001395, 0.001307, 0.000712, 0.000365, 0.000000, 0.002410, 0.002385, 0.002385, 0.002018, 0.002385, 0.002478, 0.002107, 0.002478, 0.002478, 0.001302, 0.001302, 0.001671, 0.001671, 0.002018, 0.002385
2218, 1.609854, 0.001853, 0.000536, 0.001411, 0.000000, 0.003821, 0.001133, 0.000170, 0.000097, 0.000000, 0.001394, 0.001309, 0.000714, 0.000366, 0.000000, 0.002415, 0.002387, 0.002387, 0.002020, 0.002387, 0.002481, 0.002110, 0.002481, 0.002481, 0.001301, 0.001301, 0.001671, 0.001671, 0.002020, 0.002387
2219, 1.612866, 0.001856, 0.000536, 0.001412, 0.000000, 0.003825, 0.001133, 0.000169, 0.000097, 0.000000, 0.001393, 0.001310, 0.000717, 0.000367, 0.000000, 0.002420, 0.002389, 0.002389, 0.002022, 0.002389, 0.002484, 0.002111, 0.002484, 0.002484, 0.001300, 0.001300, 0.001671, 0.001671, 0.002022, 0.002389
2220, 1.621604, 0.001859, 0.000536, 0.001413, 0.000000, 0.003828, 0.001133, 0.000168, 0.000097, 0.000000, 0.001390, 0.001312, 0.000720, 0.000368, 0.000000, 0.002424, 0.002391, 0.002391, 0.002024, 0.002391, 0.002487, 0.002113, 0.002487, 0.002487, 0.001299, 0.001299, 0.001671, 0.001671, 0.002024, 0.002391
2221, 1.634475, 0.001861, 0.000536, 0.001414, 0.000000, 0.003831, 0.001134, 0.000167, 0.000096, 0.000000, 0.001388, 0.001314, 0.000722, 0.000369, 0.000000, 0.002429, 0.002393, 0.002393, 0.002026, 0.002393, 0.002489, 0.002114, 0.002489, 0.002489, 0.001297, 0.001297, 0.001671, 0.001671, 0.002026, 0.002393
2222, 1.629029, 0.001863, 0.000536, 0.001415, 0.000000, 0.003835, 0.001134, 0.000166, 0.000096, 0.000000, 0.001387, 0.001316, 0.000725, 0.000370, 0.000000, 0.002433, 0.002395, 0.002395, 0.002028, 0.002395, 0.002491, 0.002115, 0.002491, 0.002491, 0.001296, 0.001296, 0.001670, 0.001670, 0.002028, 0.002395
2223, 1.646873, 0.001866, 0.000536, 0.001416, 0.000000, 0.003838, 0.001134, 0.000165, 0.000095, 0.000000, 0.001385, 0.001318, 0.000728, 0.000371, 0.000000, 0.002437, 0.002398, 0.002398, 0.002030, 0.002398, 0.002494, 0.002117, 0.002494, 0.002494, 0.001295, 0.001295, 0.001671, 0.001671, 0.002030, 0.002398
2224, 1.637319, 0.001868, 0.000536, 0.001417, 0.000000, 0.003840, 0.001134, 0.000164, 0.000095, 0.000000, 0.001384, 0.001320, 0.000731, 0.000372, 0.000000, 0.002441, 0.002401, 0.002401, 0.002032, 0.002401, 0.002496, 0.002119, 0.002496, 0.002496, 0.001294, 0.001294, 0.001671, 0.001671, 0.002032, 0.002401
2225, 1.621612, 0.001871, 0.000536, 0.001418, 0.000000, 0.003843, 0.001135, 0.000163, 0.000094, 0.000000, 0.001383, 0.001321, 0.000733, 0.000373, 0.000000, 0.002446, 0.002404, 0.002404, 0.002033, 0.002404, 0.002499, 0.002121, 0.002499, 0.002499, 0.001292, 0.001292, 0.001672, 0.001672, 0.002033, 0.002404
2226, 1.619266, 0.001874, 0.000536, 0.001420, 0.000000, 0.003847, 0.001135, 0.000162, 0.000094, 0.000000, 0.001382, 0.001323, 0.000736, 0.000374, 0.000000, 0.002451, 0.002408, 0.002408, 0.002035, 0.002408, 0.002502, 0.002123, 0.002502, 0.002502, 0.001291, 0.001291, 0.001672, 0.001672, 0.002035, 0.002408
2227, 1.627940, 0.001877, 0.000536, 0.001420, 0.000000, 0.003850, 0.001135, 0.000161, 0.000093, 0.000000, 0.001381, 0.001324, 0.000739, 0.000375, 0.000000, 0.002455, 0.002410, 0.002410, 0.002037, 0.002410, 0.002504, 0.002124, 0.002504, 0.002504, 0.001290, 0.001290, 0.001673, 0.001673, 0.002037, 0.002410
2228, 1.619202, 0.001880, 0.000536, 0.001421, 0.000000, 0.003854, 0.001135, 0.000160, 0.000093, 0.000000, 0.001380, 0.001326, 0.000741, 0.000376, 0.000000, 0.002460, 0.002413, 0.002413, 0.002039, 0.002413, 0.002506, 0.002125, 0.002506, 0.002506, 0.001288, 0.001288, 0.001673, 0.001673, 0.002039, 0.002413
2229, 1.631100, 0.001883, 0.000536, 0.001422, 0.000000, 0.003859, 0.001134, 0.000159, 0.000093, 0.000000, 0.001378, 0.001328, 0.000744, 0.000377, 0.000000, 0.002465, 0.002415, 0.002415, 0.002041, 0.002415, 0.002508, 0.002126, 0.002508, 0.002508, 0.001287, 0.001287, 0.001672, 0.001672, 0.002041, 0.002415
2230, 1.615603, 0.001887, 0.000536, 0.001423, 0.000000, 0.003864, 0.001133, 0.000158, 0.000092, 0.000000, 0.001377, 0.001329, 0.000747, 0.000378, 0.000000, 0.002470, 0.002417, 0.002417, 0.002043, 0.002417, 0.002510, 0.002128, 0.002510, 0.002510, 0.001286, 0.001286, 0.001672, 0.001672, 0.002043, 0.002417
2231, 1.620219, 0.001890, 0.000536, 0.001424, 0.000000, 0.003867, 0.001132, 0.000157, 0.000092, 0.000000, 0.001376, 0.001331, 0.000750, 0.000379, 0.000000, 0.002474, 0.002420, 0.002420, 0.002044, 0.002420, 0.002511, 0.002130, 0.002511, 0.002511, 0.001285, 0.001285, 0.001671, 0.001671, 0.002044, 0.002420
2232, 1.626357, 0.001894, 0.000536, 0.001425, 0.000000, 0.003871, 0.001132, 0.000156, 0.000091, 0.000000, 0.001374, 0.001332, 0.000752, 0.000380, 0.000000, 0.002479, 0.002421, 0.002421, 0.002046, 0.002421, 0.002513, 0.002132, 0.002513, 0.002513, 0.001284, 0.001284, 0.001671, 0.001671, 0.002046, 0.002421
2233, 1.620525, 0.001897, 0.000536, 0.001426, 0.000000, 0.003874, 0.001132, 0.000156, 0.000091, 0.000000, 0.001372, 0.001333, 0.000755, 0.000381, 0.000000, 0.002484, 0.002424, 0.002424, 0.002048, 0.002424, 0.002515, 0.002133, 0.002515, 0.002515, 0.001283, 0.001283, 0.001670, 0.001670, 0.002048, 0.002424
2234, 1.634988, 0.001900, 0.000536, 0.001428, 0.000000, 0.003878, 0.001132, 0.000155, 0.000091, 0.000000, 0.001370, 0.001335, 0.000758, 0.000382, 0.000000, 0.002488, 0.002427, 0.002427, 0.002051, 0.002427, 0.002517, 0.002134, 0.002517, 0.002517, 0.001282, 0.001282, 0.001670, 0.001670, 0.002051, 0.002427
2235, 1.636898, 0.001904, 0.000536, 0.001429, 0.000000, 0.003881, 0.001133, 0.000154, 0.000090, 0.000000, 0.001368, 0.001336, 0.000761, 0.000383, 0.000000, 0.002493, 0.002431, 0.002431, 0.002053, 0.002431, 0.002520, 0.002135, 0.002520, 0.002520, 0.001281, 0.001281, 0.001670, 0.001670, 0.002053, 0.002431
2236, 1.626255, 0.001907, 0.000536, 0.001430, 0.000000, 0.003885, 0.001133, 0.000153, 0.000089, 0.000000, 0.001367, 0.001337, 0.000763, 0.000383, 0.000000, 0.002498, 0.002434, 0.002434, 0.002055, 0.002434, 0.002522, 0.002137, 0.002522, 0.002522, 0.001280, 0.001280, 0.001669, 0.001669, 0.002055, 0.002434
2237, 1.637809, 0.001910, 0.000536, 0.001431, 0.000000, 0.003888, 0.001133, 0.000152, 0.000089, 0.000000, 0.001366, 0.001338, 0.000766, 0.000384, 0.000000, 0.002503, 0.002437, 0.002437, 0.002057, 0.002437, 0.002524, 0.002139, 0.002524, 0.002524, 0.001279, 0.001279, 0.001669, 0.001669, 0.002057, 0.002437
2238, 1.614625, 0.001912, 0.000536, 0.001431, 0.000000, 0.003892, 0.001133, 0.000151, 0.000089, 0.000000, 0.001364, 0.001340, 0.000769, 0.000385, 0.000000, 0.002507, 0.002440, 0.002440, 0.002059, 0.002440, 0.002526, 0.002141, 0.002526, 0.002526, 0.001278, 0.001278, 0.001669, 0.001669, 0.002059, 0.002440
2239, 1.616727, 0.001915, 0.000536, 0.001432, 0.000000, 0.003895, 0.001133, 0.000150, 0.000088, 0.000000, 0.001363, 0.001341, 0.000772, 0.000386, 0.000000, 0.002512, 0.002443, 0.002443, 0.002061, 0.002443, 0.002528, 0.002142, 0.002528, 0.002528, 0.001277, 0.001277, 0.001669, 0.001669, 0.002061, 0.002443
2240, 1.611246, 0.001917, 0.000535, 0.001433, 0.000000, 0.003898, 0.001133, 0.000149, 0.000088, 0.000000, 0.001362, 0.001342, 0.000774, 0.000387, 0.000000, 0.002517, 0.002445, 0.002445, 0.002063, 0.002445, 0.002531, 0.002143, 0.002531, 0.002531, 0.001277, 0.001277, 0.001669, 0.001669, 0.002063, 0.002445
2241, 1.618901, 0.001920, 0.000535, 0.001434, 0.000000, 0.003902, 0.001133, 0.000148, 0.000087, 0.000000, 0.001361, 0.001344, 0.000777, 0.000388, 0.000000, 0.002522, 0.002447, 0.002447, 0.002065, 0.002447, 0.002533, 0.002144, 0.002533, 0.002533, 0.001276, 0.001276, 0.001669, 0.001669, 0.002065, 0.002447
2242, 1.623312, 0.001922, 0.000535, 0.001436, 0.000000, 0.003905, 0.001133, 0.000148, 0.000087, 0.000000, 0.001360, 0.001346, 0.000780, 0.000389, 0.000000, 0.002527, 0.002449, 0.002449, 0.002066, 0.002449, 0.002535, 0.002146, 0.002535, 0.002535, 0.001276, 0.001276, 0.001669, 0.001669, 0.002066, 0.002449
2243, 1.638820, 0.001924, 0.000536, 0.001437, 0.000000, 0.003908, 0.001133, 0.000147, 0.000087, 0.000000, 0.001359, 0.001347, 0.000782, 0.000390, 0.000000, 0.002533, 0.002451, 0.002451, 0.002067, 0.002451, 0.002537, 0.002148, 0.002537, 0.002537, 0.001275, 0.001275, 0.001669, 0.001669, 0.002067, 0.002451
2244, 1.645145, 0.001926, 0.000536, 0.001438, 0.000000, 0.003911, 0.001133, 0.000146, 0.000086, 0.000000, 0.001357, 0.001349, 0.000785, 0.000391, 0.000000, 0.002538, 0.002454, 0.002454, 0.002069, 0.002454, 0.002538, 0.002150, 0.002538, 0.002538, 0.001275, 0.001275, 0.001669, 0.001669, 0.002069, 0.002454
2245, 1.648680, 0.001928, 0.000536, 0.001439, 0.000000, 0.003915, 0.001133, 0.000145, 0.000086, 0.000000, 0.001356, 0.001350, 0.000788, 0.000391, 0.000000, 0.002543, 0.002456, 0.002456, 0.002071, 0.002456, 0.002540, 0.002151, 0.002540, 0.002540, 0.001275, 0.001275, 0.001669, 0.001669, 0.002071, 0.002456
2246, 1.630622, 0.001931, 0.000536, 0.001440, 0.000000, 0.003917, 0.001132, 0.000145, 0.000086, 0.000000, 0.001354, 0.001352, 0.000791, 0.000392, 0.000000, 0.002548, 0.002459, 0.002459, 0.002072, 0.002459, 0.002543, 0.002152, 0.002543, 0.002543, 0.001275, 0.001275, 0.001669, 0.001669, 0.002072, 0.002459
2247, 1.626799, 0.001933, 0.000536, 0.001442, 0.000000, 0.003919, 0.001132, 0.000144, 0.000085, 0.000000, 0.001352, 0.001353, 0.000793, 0.000393, 0.000000, 0.002553, 0.002461, 0.002461, 0.002073, 0.002461, 0.002545, 0.002153, 0.002545, 0.002545, 0.001274, 0.001274, 0.001668, 0.001668, 0.002073, 0.002461
2248, 1.615155, 0.001935, 0.000536, 0.001443, 0.000000, 0.003922, 0.001132, 0.000143, 0.000085, 0.000000, 0.001351, 0.001355, 0.000796, 0.000394, 0.000000, 0.002559, 0.002463, 0.002463, 0.002075, 0.002463, 0.002548, 0.002155, 0.002548, 0.002548, 0.001273, 0.001273, 0.001668, 0.001668, 0.002075, 0.002463
2249, 1.630463, 0.001937, 0.000536, 0.001444, 0.000000, 0.003925, 0.001132, 0.000142, 0.000085, 0.000000, 0.001349, 0.001357, 0.000799, 0.000395, 0.000000, 0.002564, 0.002466, 0.002466, 0.002078, 0.002466, 0.002551, 0.002157, 0.002551, 0.002551, 0.001272, 0.001272, 0.001667, 0.001667, 0.002078, 0.002466
2250, 1.607780, 0.001940, 0.000536, 0.001445, 0.000000, 0.003928, 0.001132, 0.000142, 0.000084, 0.000000, 0.001348, 0.001359, 0.000801, 0.000396, 0.000000, 0.002569, 0.002468, 0.002468, 0.002080, 0.002468, 0.002554, 0.002159, 0.002554, 0.002554, 0.001271, 0.001271, 0.001667, 0.001667, 0.002080, 0.002468
2251, 1.613306, 0.001943, 0.000536, 0.001446, 0.000000, 0.003930, 0.001132, 0.000141, 0.000084, 0.000000, 0.001347, 0.001361, 0.000804, 0.000397, 0.000000, 0.002574, 0.002471, 0.002471, 0.002082, 0.002471, 0.002557, 0.002161, 0.002557, 0.002557, 0.001270, 0.001270, 0.001666, 0.001666, 0.002082, 0.002471
2252, 1.601024, 0.001945, 0.000536, 0.001446, 0.000000, 0.003933, 0.001132, 0.000140, 0.000083, 0.000000, 0.001345, 0.001362, 0.000806, 0.000397, 0.000000, 0.002580, 0.002473, 0.002473, 0.002085, 0.002473, 0.002559, 0.002162, 0.002559, 0.002559, 0.001269, 0.001269, 0.001666, 0.001666, 0.002085, 0.002473
2253, 1.610500, 0.001947, 0.000536, 0.001447, 0.000000, 0.003935, 0.001132, 0.000139, 0.000083, 0.000000, 0.001344, 0.001364, 0.000809, 0.000398, 0.000000, 0.002585, 0.002476, 0.002476, 0.002087, 0.002476, 0.002562, 0.002163, 0.002562, 0.002562, 0.001268, 0.001268, 0.001666, 0.001666, 0.002087, 0.002476
2254, 1.604368, 0.001949, 0.000536, 0.001448, 0.000000, 0.003937, 0.001132, 0.000138, 0.000083, 0.000000, 0.001343, 0.001365, 0.000812, 0.000399, 0.000000, 0.002588, 0.002480, 0.002480, 0.002089, 0.002480, 0.002565, 0.002163, 0.002565, 0.002565, 0.001267, 0.001267, 0.001667, 0.001667, 0.002089, 0.002480
2255, 1.626099, 0.001952, 0.000536, 0.001449, 0.000000, 0.003940, 0.001132, 0.000138, 0.000082, 0.000000, 0.001342, 0.001366, 0.000815, 0.000400, 0.000000, 0.002593, 0.002484, 0.002484, 0.002090, 0.002484, 0.002568, 0.002164, 0.002568, 0.002568, 0.001266, 0.001266, 0.001667, 0.001667, 0.002090, 0.002484
2256, 1.633545, 0.001955, 0.000536, 0.001449, 0.000000, 0.003943, 0.001131, 0.000137, 0.000082, 0.000000, 0.001340, 0.001367, 0.000817, 0.000400, 0.000000, 0.002598, 0.002487, 0.002487, 0.002092, 0.002487, 0.002570, 0.002165, 0.002570, 0.002570, 0.001266, 0.001266, 0.001667, 0.001667, 0.002092, 0.002487
2257, 1.624476, 0.001958, 0.000536, 0.001450, 0.000000, 0.003946, 0.001131, 0.000136, 0.000082, 0.000000, 0.001339, 0.001368, 0.000820, 0.000401, 0.000000, 0.002603, 0.002490, 0.002490, 0.002093, 0.002490, 0.002573, 0.002167, 0.002573, 0.002573, 0.001265, 0.001265, 0.001666, 0.001666, 0.002093, 0.002490
2258, 1.632690, 0.001960, 0.000536, 0.001451, 0.000000, 0.003950, 0.001130, 0.000135, 0.000081, 0.000000, 0.001338, 0.001369, 0.000823, 0.000402, 0.000000, 0.002607, 0.002493, 0.002493, 0.002094, 0.002493, 0.002576, 0.002168, 0.002576, 0.002576, 0.001265, 0.001265, 0.001666, 0.001666, 0.002094, 0.002493
2259, 1.626807, 0.001963, 0.000536, 0.001451, 0.000000, 0.003954, 0.001130, 0.000134, 0.000081, 0.000000, 0.001337, 0.001369, 0.000825, 0.000402, 0.000000, 0.002611, 0.002495, 0.002495, 0.002095, 0.002495, 0.002578, 0.002169, 0.002578, 0.002578, 0.001264, 0.001264, 0.001666, 0.001666, 0.002095, 0.002495
2260, 1.607837, 0.001966, 0.000536, 0.001452, 0.000000, 0.003957, 0.001130, 0.000134, 0.000081, 0.000000, 0.001336, 0.001371, 0.000828, 0.000403, 0.000000, 0.002616, 0.002496, 0.002496, 0.002096, 0.002496, 0.002580, 0.002170, 0.002580, 0.002580, 0.001263, 0.001263, 0.001666, 0.001666, 0.002096, 0.002496
2261, 1.616472, 0.001969, 0.000536, 0.001453, 0.000000, 0.003960, 0.001130, 0.000133, 0.000081, 0.000000, 0.001335, 0.001371, 0.000831, 0.000404, 0.000000, 0.002621, 0.002498, 0.002498, 0.002097, 0.002498, 0.002582, 0.002172, 0.002582, 0.002582, 0.001262, 0.001262, 0.001666, 0.001666, 0.002097, 0.002498
2262, 1.598612, 0.001971, 0.000536, 0.001454, 0.000000, 0.003963, 0.001130, 0.000132, 0.000080, 0.000000, 0.001335, 0.001372, 0.000833, 0.000405, 0.000000, 0.002626, 0.002501, 0.002501, 0.002099, 0.002501, 0.002584, 0.002174, 0.002584, 0.002584, 0.001261, 0.001261, 0.001665, 0.001665, 0.002099, 0.002501
2263, 1.611861, 0.001973, 0.000536, 0.001454, 0.000000, 0.003966, 0.001130, 0.000132, 0.000080, 0.000000, 0.001334, 0.001373, 0.000835, 0.000406, 0.000000, 0.002631, 0.002503, 0.002503, 0.002100, 0.002503, 0.002587, 0.002176, 0.002587, 0.002587, 0.001260, 0.001260, 0.001665, 0.001665, 0.002100, 0.002503
2264, 1.607438, 0.001975, 0.000536, 0.001455, 0.000000, 0.003968, 0.001130, 0.000131, 0.000080, 0.000000, 0.001333, 0.001374, 0.000838, 0.000407, 0.000000, 0.002635, 0.002506, 0.002506, 0.002102, 0.002506, 0.002589, 0.002177, 0.002589, 0.002589, 0.001258, 0.001258, 0.001665, 0.001665, 0.002102, 0.002506
2265, 1.628222, 0.001977, 0.000536, 0.001456, 0.000000, 0.003970, 0.001130, 0.000130, 0.000079, 0.000000, 0.001332, 0.001375, 0.000840, 0.000407, 0.000000, 0.002640, 0.002508, 0.002508, 0.002104, 0.002508, 0.002591, 0.002179, 0.002591, 0.002591, 0.001257, 0.001257, 0.001665, 0.001665, 0.002104, 0.002508
2266, 1.627209, 0.001979, 0.000536, 0.001456, 0.000000, 0.003974, 0.001130, 0.000130, 0.000079, 0.000000, 0.001331, 0.001376, 0.000843, 0.000408, 0.000000, 0.002644, 0.002509, 0.002509, 0.002105, 0.002509, 0.002593, 0.002181, 0.002593, 0.002593, 0.001256, 0.001256, 0.001665, 0.001665, 0.002105, 0.002509
2267, 1.631549, 0.001981, 0.000536, 0.001457, 0.000000, 0.003977, 0.001130, 0.000129, 0.000079, 0.000000, 0.001330, 0.001378, 0.000845, 0.000409, 0.000000, 0.002649, 0.002511, 0.002511, 0.002107, 0.002511, 0.002595, 0.002182, 0.002595, 0.002595, 0.001255, 0.001255, 0.001665, 0.001665, 0.002107, 0.002511
2268, 1.638173, 0.001983, 0.000536, 0.001458, 0.000000, 0.003980, 0.001130, 0.000128, 0.000078, 0.000000, 0.001328, 0.001379, 0.000847, 0.000410, 0.000000, 0.002653, 0.002513, 0.002513, 0.002108, 0.002513, 0.002597, 0.002184, 0.002597, 0.002597, 0.001255, 0.001255, 0.001666, 0.001666, 0.002108, 0.002513
2269, 1.635314, 0.001986, 0.000536, 0.001458, 0.000000, 0.003983, 0.001130, 0.000127, 0.000078, 0.000000, 0.001327, 0.001381, 0.000850, 0.000410, 0.000000, 0.002658, 0.002515, 0.002515, 0.002109, 0.002515, 0.002599, 0.002185, 0.002599, 0.002599, 0.001254, 0.001254, 0.001666, 0.001666, 0.002109, 0.002515
2270, 1.640222, 0.001988, 0.000536, 0.001459, 0.000000, 0.003985, 0.001130, 0.000127, 0.000078, 0.000000, 0.001326, 0.001382, 0.000852, 0.000411, 0.000000, 0.002663, 0.002518, 0.002518, 0.002111, 0.002518, 0.002602, 0.002187, 0.002602, 0.002602, 0.001254, 0.001254, 0.001666, 0.001666, 0.002111, 0.002518
2271, 1.640510, 0.001991, 0.000536, 0.001459, 0.000000, 0.003988, 0.001130, 0.000126, 0.000078, 0.000000, 0.001326, 0.001382, 0.000855, 0.000411, 0.000000, 0.002668, 0.002521, 0.002521, 0.002112, 0.002521, 0.002605, 0.002188, 0.002605, 0.002605, 0.001253, 0.001253, 0.001666, 0.001666, 0.002112, 0.002521
2272, 1.633185, 0.001993, 0.000536, 0.001460, 0.000000, 0.003991, 0.001130, 0.000125, 0.000077, 0.000000, 0.001325, 0.001384, 0.000857, 0.000412, 0.000000, 0.002673, 0.002524, 0.002524, 0.002113, 0.002524, 0.002607, 0.002189, 0.002607, 0.002607, 0.001252, 0.001252, 0.001666, 0.001666, 0.002113, 0.002524
2273, 1.625622, 0.001996, 0.000536, 0.001461, 0.000000, 0.003994, 0.001130, 0.000125, 0.000077, 0.000000, 0.001325, 0.001385, 0.000860, 0.000412, 0.000000, 0.002678, 0.002526, 0.002526, 0.002114, 0.002526, 0.002609, 0.002191, 0.002609, 0.002609, 0.001251, 0.001251, 0.001666, 0.001666, 0.002114, 0.002526
2274, 1.619736, 0.001999, 0.000536, 0.001462, 0.000000, 0.003997, 0.001130, 0.000124, 0.000077, 0.000000, 0.001324, 0.001386, 0.000862, 0.000413, 0.000000, 0.002683, 0.002528, 0.002528, 0.002116, 0.002528, 0.002611, 0.002193, 0.002611, 0.002611, 0.001250, 0.001250, 0.001667, 0.001667, 0.002116, 0.002528
2275, 1.615517, 0.002002, 0.000536, 0.001463, 0.000000, 0.004000, 0.001131, 0.000123, 0.000076, 0.000000, 0.001323, 0.001387, 0.000865, 0.000414, 0.000000, 0.002686, 0.002531, 0.002531, 0.002117, 0.002531, 0.002613, 0.002195, 0.002613, 0.002613, 0.001250, 0.001250, 0.001667, 0.001667, 0.002117, 0.002531
2276, 1.631435, 0.002004, 0.000536, 0.001464, 0.000000, 0.004003, 0.001130, 0.000123, 0.000076, 0.000000, 0.001322, 0.001388, 0.000867, 0.000414, 0.000000, 0.002691, 0.002533, 0.002533, 0.002119, 0.002533, 0.002615, 0.002196, 0.002615, 0.002615, 0.001249, 0.001249, 0.001666, 0.001666, 0.002119, 0.002533
2277, 1.622578, 0.002007, 0.000536, 0.001464, 0.000000, 0.004007, 0.001130, 0.000122, 0.000076, 0.000000, 0.001321, 0.001390, 0.000869, 0.000415, 0.000000, 0.002696, 0.002535, 0.002535, 0.002121, 0.002535, 0.002616, 0.002198, 0.002616, 0.002616, 0.001248, 0.001248, 0.001666, 0.001666, 0.002121, 0.002535
2278, 1.631701, 0.002010, 0.000536, 0.001465, 0.000000, 0.004010, 0.001130, 0.000121, 0.000075, 0.000000, 0.001321, 0.001391, 0.000872, 0.000415, 0.000000, 0.002701, 0.002538, 0.002538, 0.002123, 0.002538, 0.002617, 0.002199, 0.002617, 0.002617, 0.001247, 0.001247, 0.001666, 0.001666, 0.002123, 0.002538
2279, 1.632546, 0.002012, 0.000536, 0.001466, 0.000000, 0.004014, 0.001130, 0.000121, 0.000075, 0.000000, 0.001320, 0.001391, 0.000875, 0.000416, 0.000000, 0.002706, 0.002540, 0.002540, 0.002125, 0.002540, 0.002619, 0.002201, 0.002619, 0.002619, 0.001246, 0.001246, 0.001666, 0.001666, 0.002125, 0.002540
2280, 1.643126, 0.002014, 0.000536, 0.001467, 0.000000, 0.004018, 0.001130, 0.000120, 0.000075, 0.000000, 0.001319, 0.001392, 0.000877, 0.000417, 0.000000, 0.002710, 0.002542, 0.002542, 0.002127, 0.002542, 0.002620, 0.002203, 0.002620, 0.002620, 0.001245, 0.001245, 0.001666, 0.001666, 0.002127, 0.002542
2281, 1.604716, 0.002017, 0.000536, 0.001468, 0.000000, 0.004021, 0.001131, 0.000119, 0.000074, 0.000000, 0.001318, 0.001393, 0.000880, 0.000418, 0.000000, 0.002714, 0.002544, 0.002544, 0.002129, 0.002544, 0.002621, 0.002205, 0.002621, 0.002621, 0.001244, 0.001244, 0.001666, 0.001666, 0.002129, 0.002544
2282, 1.614917, 0.002019, 0.000536, 0.001469, 0.000000, 0.004024, 0.001131, 0.000119, 0.000074, 0.000000, 0.001317, 0.001394, 0.000883, 0.000418, 0.000000, 0.002718, 0.002547, 0.002547, 0.002130, 0.002547, 0.002622, 0.002207, 0.002622, 0.002622, 0.001243, 0.001243, 0.001665, 0.001665, 0.002130, 0.002547
2283, 1.615481, 0.002021, 0.000536, 0.001470, 0.000000, 0.004027, 0.001131, 0.000118, 0.000074, 0.000000, 0.001316, 0.001395, 0.000885, 0.000419, 0.000000, 0.002722, 0.002549, 0.002549, 0.002132, 0.002549, 0.002624, 0.002209, 0.002624, 0.002624, 0.001242, 0.001242, 0.001664, 0.001664, 0.002132, 0.002549
2284, 1.623906, 0.002024, 0.000535, 0.001470, 0.000000, 0.004029, 0.001131, 0.000118, 0.000073, 0.000000, 0.001315, 0.001396, 0.000888, 0.000420, 0.000000, 0.002726, 0.002551, 0.002551, 0.002134, 0.002551, 0.002627, 0.002210, 0.002627, 0.002627, 0.001241, 0.001241, 0.001664, 0.001664, 0.002134, 0.002551
2285, 1.606725, 0.002026, 0.000535, 0.001471, 0.000000, 0.004032, 0.001131, 0.000117, 0.000073, 0.000000, 0.001314, 0.001397, 0.000890, 0.000420, 0.000000, 0.002730, 0.002554, 0.002554, 0.002136, 0.002554, 0.002629, 0.002212, 0.002629, 0.002629, 0.001240, 0.001240, 0.001664, 0.001664, 0.002136, 0.002554
2286, 1.614261, 0.002028, 0.000535, 0.001472, 0.000000, 0.004034, 0.001131, 0.000117, 0.000073, 0.000000, 0.001314, 0.001398, 0.000893, 0.000421, 0.000000, 0.002734, 0.002556, 0.002556, 0.002137, 0.002556, 0.002631, 0.002213, 0.002631, 0.002631, 0.001239, 0.001239, 0.001664, 0.001664, 0.002137, 0.002556
2287, 1.626652, 0.002031, 0.000535, 0.001473, 0.000000, 0.004037, 0.001131, 0.000116, 0.000073, 0.000000, 0.001313, 0.001399, 0.000895, 0.000421, 0.000000, 0.002739, 0.002558, 0.002558, 0.002139, 0.002558, 0.002634, 0.002214, 0.002634, 0.002634, 0.001238, 0.001238, 0.001664, 0.001664, 0.002139, 0.002558
2288, 1.640168, 0.002033, 0.000535, 0.001474, 0.000000, 0.004040, 0.001131, 0.000115, 0.000072, 0.000000, 0.001312, 0.001400, 0.000897, 0.000422, 0.000000, 0.002743, 0.002561, 0.002561, 0.002141, 0.002561, 0.002636, 0.002215, 0.002636, 0.002636, 0.001237, 0.001237, 0.001663, 0.001663, 0.002141, 0.002561
2289, 1.639533, 0.002035, 0.000535, 0.001474, 0.000000, 0.004043, 0.001131, 0.000115, 0.000072, 0.000000, 0.001311, 0.001401, 0.000900, 0.000423, 0.000000, 0.002748, 0.002563, 0.002563, 0.002143, 0.002563, 0.002637, 0.002216, 0.002637, 0.002637, 0.001236, 0.001236, 0.001663, 0.001663, 0.002143, 0.002563
2290, 1.638149, 0.002037, 0.000535, 0.001475, 0.000000, 0.004046, 0.001131, 0.000114, 0.000072, 0.000000, 0.001310, 0.001402, 0.000902, 0.000423, 0.000000, 0.002752, 0.002565, 0.002565, 0.002144, 0.002565, 0.002639, 0.002217, 0.002639, 0.002639, 0.001236, 0.001236, 0.001663, 0.001663, 0.002144, 0.002565
2291, 1.632737, 0.002040, 0.000535, 0.001475, 0.000000, 0.004050, 0.001130, 0.000114, 0.000071, 0.000000, 0.001309, 0.001403, 0.000904, 0.000424, 0.000000, 0.002757, 0.002568, 0.002568, 0.002146, 0.002568, 0.002641, 0.002218, 0.002641, 0.002641, 0.001235, 0.001235, 0.001663, 0.001663, 0.002146, 0.002568
2292, 1.615110, 0.002043, 0.000535, 0.001476, 0.000000, 0.004053, 0.001130, 0.000113, 0.000071, 0.000000, 0.001308, 0.001404, 0.000907, 0.000424, 0.000000, 0.002761, 0.002570, 0.002570, 0.002147, 0.002570, 0.002643, 0.002220, 0.002643, 0.002643, 0.001235, 0.001235, 0.001662, 0.001662, 0.002147, 0.002570
2293, 1.616098, 0.002046, 0.000535, 0.001476, 0.000000, 0.004057, 0.001130, 0.000113, 0.000071, 0.000000, 0.001307, 0.001405, 0.000909, 0.000425, 0.000000, 0.002765, 0.002572, 0.002572, 0.002148, 0.002572, 0.002644, 0.002221, 0.002644, 0.002644, 0.001234, 0.001234, 0.001662, 0.001662, 0.002148, 0.002572
2294, 1.617241, 0.002048, 0.000535, 0.001476, 0.000000, 0.004061, 0.001130, 0.000112, 0.000071, 0.000000, 0.001306, 0.001406, 0.000912, 0.000425, 0.000000, 0.002769, 0.002574, 0.002574, 0.002150, 0.002574, 0.002646, 0.002222, 0.002646, 0.002646, 0.001234, 0.001234, 0.001662, 0.001662, 0.002150, 0.002574
2295, 1.601209, 0.002051, 0.000535, 0.001477, 0.000000, 0.004064, 0.001130, 0.000111, 0.000070, 0.000000, 0.001305, 0.001407, 0.000915, 0.000426, 0.000000, 0.002773, 0.002577, 0.002577, 0.002151, 0.002577, 0.002648, 0.002224, 0.002648, 0.002648, 0.001233, 0.001233, 0.001662, 0.001662, 0.002151, 0.002577
2296, 1.581669, 0.002054, 0.000535, 0.001477, 0.000000, 0.004068, 0.001129, 0.000111, 0.000070, 0.000000, 0.001304, 0.001408, 0.000917, 0.000426, 0.000000, 0.002777, 0.002579, 0.002579, 0.002153, 0.002579, 0.002649, 0.002225, 0.002649, 0.002649, 0.001232, 0.001232, 0.001661, 0.001661, 0.002153, 0.002579
2297, 1.608094, 0.002057, 0.000535, 0.001478, 0.000000, 0.004071, 0.001129, 0.000110, 0.000070, 0.000000, 0.001302, 0.001409, 0.000920, 0.000427, 0.000000, 0.002781, 0.002581, 0.002581, 0.002154, 0.002581, 0.002651, 0.002227, 0.002651, 0.002651, 0.001231, 0.001231, 0.001661, 0.001661, 0.002154, 0.002581
2298, 1.620534, 0.002060, 0.000535, 0.001479, 0.000000, 0.004075, 0.001129, 0.000110, 0.000070, 0.000000, 0.001301, 0.001411, 0.000922, 0.000427, 0.000000, 0.002785, 0.002583, 0.002583, 0.002155, 0.002583, 0.002653, 0.002228, 0.002653, 0.002653, 0.001230, 0.001230, 0.001661, 0.001661, 0.002155, 0.002583
2299, 1.634569, 0.002062, 0.000536, 0.001480, 0.000000, 0.004078, 0.001128, 0.000109, 0.000069, 0.000000, 0.001300, 0.001412, 0.000925, 0.000428, 0.000000, 0.002789, 0.002585, 0.002585, 0.002157, 0.002585, 0.002655, 0.002229, 0.002655, 0.002655, 0.001230, 0.001230, 0.001661, 0.001661, 0.002157, 0.002585
2300, 1.626464, 0.002064, 0.000536, 0.001480, 0.000000, 0.004081, 0.001128, 0.000109, 0.000069, 0.000000, 0.001299, 0.001412, 0.000927, 0.000428, 0.000000, 0.002793, 0.002587, 0.002587, 0.002158, 0.002587, 0.002657, 0.002231, 0.002657, 0.002657, 0.001229, 0.001229, 0.001660, 0.001660, 0.002158, 0.002587
