,clim_gamma,clim_c1,clim_c2,clim_c3,clim_kappa1,clim_kappa2,clim_kappa3,clim_epsilon,clim_sigma_eta,clim_sigma_xi,clim_F_4xCO2,cc_r0,cc_rU,cc_rT,cc_rA,ari_BC,ari_OC,ari_Sulfur,ari_NOx,ari_VOC,ari_NH3,ari_CH4,ari_N2O,ari_Equivalent effective stratospheric chlorine,aci_shape_so2,aci_shape_bc,aci_shape_oc,aci_beta,o3_CH4,o3_N2O,o3_Equivalent effective stratospheric chlorine,o3_CO,o3_VOC,o3_NOx,fscale_CH4,fscale_N2O,fscale_minorGHG,fscale_Stratospheric water vapour,fscale_Land use,fscale_Volcanic,fscale_solar_amplitude,fscale_solar_trend,fscale_Light absorbing particles on snow and ice,fscale_Contrails,fscale_CO2,cc_co2_concentration_1750,seed
1987,4.719983423,5.153047969,34.27336252,121.2337916,1.305106703,1.984386778,1.491136285,1.482092423,0.907685005,0.443819095,8.135466275,36.02857005,0.001126305,2.710755648,0.001612496,0.019476274,-0.003665286,-0.000454645,-5.37E-05,-1.75E-05,-0.000528676,-1.22E-06,-2.39E-05,-5.71E-06,0.000974365,0.270732791,2.90E-27,-0.731092193,0.000257765,0.000919998,-0.000242099,8.67E-05,5.78E-05,-0.000281916,1.035063163,1.096974537,0.965177323,0.384802159,0.814571212,1.036014954,1.215395477,0,0.778666431,0,1.024538566,276.3197669,2148576
5183,12.30017977,3.585753286,10.90495157,84.18223566,0.872374975,2.432661337,0.765480361,1.107788212,1.330539362,0.389368098,6.694523702,33.35105145,0.002410008,2.436873699,0.002826991,0.025084681,-0.003655528,-0.002265569,-6.43E-05,-1.99E-05,-0.000510971,-2.08E-06,-4.23E-05,-7.10E-06,0.079044235,9.78E-35,0.898397393,-1.569522514,0.00021413,0.001554703,-5.55E-05,6.63E-05,0.000213226,0.001061242,0.943680522,1.084593546,0.672172639,0.171390497,0.365729707,1.14049422,1.337610625,0,1.661953965,0,0.91968907,279.025924,3423780
6255,9.731072461,6.115407229,21.4009094,84.56115745,1.27330504,1.845869061,1.594582633,1.762281468,0.819526467,0.509385111,7.462268616,36.5244395,0.000731165,1.188568057,0.003442838,0.037799579,-0.004623653,-0.003230544,-4.95E-05,-2.51E-05,-0.00055576,-2.99E-06,-4.90E-05,-8.03E-06,0.053810907,6.21E-43,0.90446583,-1.127669332,0.000215974,0.001220831,-4.93E-05,0.000111456,0.000141308,0.000236347,1.101507778,1.224876377,1.1674758,0.515078328,1.071870357,0.942000954,0.934828237,0,1.374137347,0,0.976194233,275.8210078,3851508
6996,3.424370584,3.11670029,4.427311312,92.09515575,1.02562881,2.483696083,0.832422243,1.136192258,0.545717945,0.447184778,8.226755049,32.40517263,0.003003939,5.930111113,-0.001477196,0.011822122,-0.004393218,-0.002757737,-5.59E-05,-1.59E-05,-0.000493957,-2.23E-06,-4.52E-05,-7.35E-06,0.062695372,2.48E-38,1.913144507,-0.840073027,0.000235608,0.001336001,-0.000114434,4.09E-05,0.000398171,4.46E-05,0.944320193,0.918377463,0.865325941,1.39690042,1.177520495,0.992984581,0.727182493,0,-0.219467366,0,1.030956683,278.0064409,4147167
9988,11.44940677,4.68110311,31.61413471,114.0261414,1.572870736,1.200265706,1.362470007,0.995381409,1.174086389,0.556607218,8.764228586,32.61686499,0.001378683,3.170698626,0.001990761,0.026864162,-0.003836118,-0.002590535,-7.81E-05,7.44E-06,-0.000595827,-2.01E-06,-5.40E-06,-8.01E-06,0.026301331,7616.111319,7.28E-17,-0.37721375,0.000221367,0.00125417,-0.000121342,3.33E-05,0.000108123,0.001987897,0.9955941,0.969672261,0.908892763,0.960303023,1.372307753,1.053962186,0.908225491,0,0.16568737,0,1.070121863,282.5412165,5340975
11476,9.629387242,5.233500483,20.76738084,84.79803163,0.875340831,2.436392118,1.171934879,1.039845531,1.042513528,0.565095277,8.732703678,29.08858737,0.009832144,1.825128866,-0.000506571,0.02146781,-0.00687379,-0.002934799,-9.46E-05,-3.90E-06,-0.000499202,-1.99E-06,-2.18E-05,-7.61E-06,9.08E-07,1.98E-89,9.66E-06,-4329.526311,0.000286942,0.000475394,-0.000167542,0.000183933,5.35E-05,0.00065794,1.126649355,0.987644687,1.150075487,1.177799078,1.5371352,0.679199222,1.320704608,0,1.246972949,0,1.068030482,276.6183501,5934687
13136,4.172414438,5.614488934,8.464178825,93.44635961,1.712821292,1.895776486,0.80928182,1.445250788,0.663800785,0.40014647,8.278352338,30.32056946,0.003788259,1.160265328,0.004647791,0.009177492,-0.006015073,-0.001550378,-3.67E-05,2.00E-05,-0.000494246,-2.10E-06,-4.98E-05,-7.81E-06,0.133501259,3.37E-39,0.0722847,-0.576571706,0.000221692,0.001068765,3.60E-05,0.000176945,-0.000103148,0.002117014,1.014547221,1.106999097,1.22041303,1.101644909,0.830771031,0.782873642,1.21954467,0,1.827498572,0,1.034592251,280.6585207,6597027
15562,13.17498977,3.815791398,10.62967986,109.3867387,1.23873679,3.337851033,1.000526059,1.361471382,1.804080101,0.629603094,9.193402897,34.65182489,0.000592388,2.193885555,0.002612788,0.015305678,-0.002518306,-0.002473578,-5.68E-05,-2.64E-07,-0.00064179,-3.39E-06,-6.39E-05,-6.48E-06,0.00879767,6401.222987,6.24E-18,-0.531907503,0.00014648,0.0008223,2.49E-06,1.89E-05,-3.83E-05,0.000581615,0.926815318,0.865912477,1.223509778,0.945383247,0.568289976,0.982526966,1.402422115,0,0.230327711,0,1.100016747,280.2037212,7565001
17101,7.298170778,3.794356792,16.95463764,113.9383625,1.05034129,2.618197988,0.817947428,1.008176609,0.644284715,0.246026372,6.674400831,34.59978215,-0.000390237,0.288605095,0.005491746,0.030063053,-0.003738336,-0.003894353,-6.32E-05,1.39E-05,-0.000539214,-1.27E-06,-3.44E-05,-5.63E-06,1.33E-06,0.000304897,6.41E-07,-429.3123341,0.000211558,0.001579961,1.09E-05,8.38E-05,0.000112914,0.000887817,0.929171451,1.16545219,1.006313363,2.608973464,1.578030654,1.033998486,1.075991372,0,0.556292905,0,0.918369472,281.8975263,8179062
22575,2.266433743,3.626157448,12.58430055,61.32125839,1.333437445,2.871881407,0.522390491,1.214343307,0.884066285,0.504647845,7.912782339,35.23172949,0.00023654,0.952761972,0.003239507,0.011596624,-0.0050131,-0.001654276,-5.63E-05,-1.43E-05,-0.000507857,-2.70E-07,-2.22E-05,-5.73E-06,0.028840362,5.13E-35,8.41E-14,-0.710522247,0.000233069,0.001552744,-5.34E-05,9.02E-05,-0.000143747,0.002128406,0.981258374,1.135502308,1.004307587,1.015379459,1.045160566,1.019836308,0.657624196,0,1.650528565,0,1.009129496,280.5266297,10363188
24760,7.686270563,2.375584037,14.92666421,88.01495186,0.823811088,3.638211348,0.835406907,0.662433941,1.133145736,0.298015448,5.949313462,30.90501409,0.005640347,6.732518655,-0.001702036,0.023300354,-0.004688606,-0.002689868,-6.01E-05,-3.64E-06,-0.000509256,-1.50E-06,-3.11E-05,-7.20E-06,0.027930541,3.95E-37,0.168168281,-1.298489397,0.000256953,0.001326732,-0.00010849,6.44E-05,0.000216546,0.001832804,0.860607923,1.024725802,0.885634437,0.865931747,0.611437883,0.756463795,0.769129378,0,0.559324252,0,0.867476291,276.0073092,11235003
25419,9.986463259,4.430104356,15.16295837,102.9800639,2.182254551,2.897118556,1.218839026,1.364733676,1.881045709,0.672784685,9.275586328,33.62414254,0.002467723,3.096672011,0.001758252,0.029244227,-0.006310763,-0.001776201,-6.70E-05,-1.51E-05,-0.000585185,-2.77E-06,-3.05E-05,-7.22E-06,0.014792441,3.15E-35,0.024940201,-0.155491013,0.000193321,0.001181683,-6.18E-06,-1.67E-06,1.92E-05,0.001001851,0.94374262,0.986064567,1.086528705,1.014385122,0.461092821,0.9513275,0.700071072,0,0.987508345,0,1.10670985,277.2129035,11497944
27655,7.276861362,4.315996008,18.09526191,135.4955264,0.786060405,2.009775484,0.629155793,0.329112326,0.403431585,0.436679738,6.760142115,35.34045321,0.000700036,4.65441642,0.00051114,0.005635684,-0.002483008,-0.001425128,-5.46E-05,-2.04E-05,-0.000544892,-1.32E-06,-1.99E-05,-6.91E-06,0.006947263,384485.4693,5.14E-18,-1.381040089,0.000220075,0.001296668,-2.85E-05,0.00016421,0.000202849,0.00115214,1.135352217,1.038649471,0.985915776,1.305871392,1.555907307,1.115707568,1.2434336,0,1.374323044,0,0.924297638,279.0712981,12390108
28347,4.094930342,3.385098866,13.77818719,67.71822352,1.204334365,3.529556066,0.965773369,1.103778824,0.598327372,0.541664544,7.104149293,29.28177293,0.006538706,2.144807143,0.003418668,0.006137165,-0.006696026,-0.004772131,-6.72E-05,-1.45E-05,-0.000503756,-1.50E-06,-4.44E-05,-7.51E-06,1.32E-06,1.76E-82,1.50E-07,-2744.083783,0.000273709,0.001314252,-7.83E-05,0.000160723,-0.000297319,0.001850175,0.952089109,0.929493465,0.642169766,1.221385071,0.882545642,0.991481969,1.11854529,0,1.262051964,0,0.948637661,276.4560559,12666216
28694,23.28359136,2.791850172,8.965734424,133.205438,1.139736266,2.851417958,0.393896672,1.035477994,1.709905907,0.357184275,7.884689916,35.03360504,0.002890331,1.831120913,0.000553173,0.019231975,-0.002850072,-0.001199428,-7.51E-05,-9.64E-06,-0.00051064,-3.74E-06,-4.14E-05,-8.75E-06,0.033972566,2.895422337,4.81E-18,-1.266338089,0.000308705,0.001674487,2.64E-06,0.000107028,0.000202815,0.001038333,0.866589455,0.907292604,1.081028333,0.654067507,0.757505293,0.900511344,1.46995697,0,0.719042045,0,1.007079731,278.8338848,12804669
30594,6.703840298,2.865300258,19.84427914,95.5205044,1.166550401,2.307778063,0.476062998,0.920662874,0.652030528,0.2039772,9.141045537,32.93533952,0.003324916,3.398023865,0.001911824,0.000457674,-0.003417884,-0.00140675,-6.55E-05,-1.16E-05,-0.000563248,-1.78E-06,-4.06E-05,-7.21E-06,0.008422696,4.687571493,1.83E-19,-1.001703787,0.000253985,0.000966475,-9.02E-05,0.00013918,-0.000169207,0.001416555,0.886556693,0.971013176,1.191691921,1.542931212,0.68070831,0.974201948,0.907543525,0,0.523872977,0,1.096923488,277.0208642,13562769
31870,3.875120967,5.357814176,16.55346688,50.41381827,0.961466215,3.118880398,1.1105663,1.351300674,0.594875002,0.535176166,8.683192632,38.58462259,-0.003512552,2.992864962,0.003266797,0.008424898,-0.005125186,-0.00170658,-5.81E-05,-3.40E-06,-0.000506938,-1.45E-06,-3.63E-05,-7.05E-06,6.41E-07,4.58E-05,2.52E-07,-3183.431752,0.000224201,0.001654156,-6.66E-06,1.10E-05,0.000334045,0.001729347,0.918116157,0.965158555,1.073930253,1.729020385,0.906608778,0.990666001,1.21532136,0,-0.067502296,0,1.064103232,278.0723691,14071893
32559,14.57546066,2.095709602,17.03812971,31.71794718,1.00049589,3.909945867,0.901798934,1.130352725,1.357754704,0.393458057,7.99170364,37.71564992,-0.002853123,3.245448189,0.002972474,0.007089268,-0.0049066,-0.005459429,-4.84E-05,-5.96E-05,-0.000552022,-2.77E-06,-3.94E-05,-8.47E-06,0.008097075,580.0480724,4.47E-12,-0.728235204,0.000258731,0.001986343,-1.20E-05,5.28E-05,5.80E-05,0.000953232,0.911690826,1.182571867,0.87123557,0.774530112,1.443826821,0.929185117,1.60413939,0,1.682463563,0,1.014668014,278.4293837,14346804
33110,12.74322841,2.908268632,11.81886675,126.8757159,1.58216592,2.168210463,0.515564204,0.770784813,1.380361551,0.517988705,7.999331548,36.10008623,0.001441481,1.601977265,0.003015717,0.019743814,-0.004135046,-0.000853846,-7.87E-05,-2.59E-06,-0.000580696,-3.50E-06,-5.03E-05,-5.95E-06,0.023070243,0.003507716,1.18E-15,-0.867342621,0.000245105,0.00135456,-0.000104488,4.13E-05,6.71E-05,0.000119744,1.199238283,1.03757804,1.141955616,0.080637307,0.63592466,0.823349476,1.194719733,0,1.835917461,0,1.014951822,274.4545939,14566653
33401,3.937196435,5.165250985,33.81391045,50.49363248,0.837601385,1.248062962,1.421824848,1.25798527,0.812647836,0.445574241,6.539803008,31.75409176,0.002230778,1.464710824,0.004039204,0.027964676,-0.00311123,-0.003010067,-6.30E-05,-3.76E-05,-0.000559883,-3.03E-06,-5.47E-05,-8.94E-06,1.43E-06,0.113367269,1.47E-07,-2.731964281,0.00019128,0.000928993,-8.35E-05,4.78E-05,0.000134872,0.002259577,1.033088908,0.845270301,1.01485689,1.084049374,0.733492796,1.033412957,1.02292918,0,0.974850742,0,0.90849715,282.093875,14682762
39007,9.391501367,3.918998027,26.62209204,55.10213749,1.098734637,2.116894215,1.467257056,0.871628293,1.48718504,0.480258326,6.199186509,37.34220462,0.000176988,0.69063015,0.001692391,0.009071487,-0.004551778,-0.002888413,-5.15E-05,-4.41E-05,-0.000546624,-2.35E-06,-2.01E-05,-8.60E-06,0.001703897,0.000338554,2.45E-27,-5.582437238,0.000237993,0.001181354,-0.000196888,0.000178237,0.000244921,0.002994318,0.97994724,1.071333856,1.075729627,0.917253045,0.834380206,0.98804342,1.524903048,0,0.676454062,0,0.885263914,279.7448581,16919556
40686,0.72636623,6.415922159,35.24100439,98.42129013,1.352096981,1.460725411,1.757951695,1.611162104,0.349433739,0.602263948,9.177177973,30.20229219,0.006338502,-0.103209906,0.0045217,0.006972337,-0.004776696,-0.005306415,-7.03E-05,-2.14E-05,-0.000550123,-5.64E-07,-1.68E-05,-6.88E-06,1.15E-07,4.01E-12,5.93E-06,-9007.561565,0.000272988,0.001193202,-0.00010634,3.41E-05,0.000165912,0.001197748,1.027509451,1.116962245,1.097633092,0.979581352,0.849264122,0.86140699,0.438882164,0,0.985130737,0,1.099284378,279.2460339,17589477
44105,5.674435743,3.437855194,22.45934018,130.7389723,1.608677885,2.176549814,1.421556063,1.259472506,1.335373455,0.463105624,6.751108374,32.38077381,0.005157544,1.222363499,0.002298361,0.040186652,-0.002598658,-0.000420677,-7.34E-05,1.40E-05,-0.000569558,-2.49E-06,-2.58E-05,-7.34E-06,0.001173133,0.001430474,4.70E-26,-6.304023442,0.000188582,0.001234299,-0.000100191,0.000205418,-9.64E-06,0.000441627,1.048027987,0.855661389,1.066347026,0.545310273,0.526252945,0.774835933,0.749044004,0,0.126536263,0,0.923663425,277.1148125,18953658
44990,5.53976993,3.183627972,18.94593235,90.31151929,1.277807933,2.673663327,0.89737073,1.20023275,1.014162192,0.412893424,5.340317338,34.02373665,0.003084639,2.955535701,0.001506115,0.015486761,-0.00435011,-0.002933911,-4.97E-05,-1.32E-05,-0.000546309,-3.13E-06,-5.01E-05,-6.38E-06,3.60E-07,4.06E-08,3.66E-06,-5702.027642,0.000297984,0.001548713,-6.46E-05,7.77E-05,6.62E-05,0.001444628,0.882037649,1.019358524,1.030971236,1.129036239,0.822334081,0.904163175,0.806895846,0,0.693600459,0,0.821594869,275.9934028,19306773
46279,13.45615487,3.196912777,23.89254773,98.0410169,1.968717737,3.285448976,1.548700159,1.078997533,1.943063743,0.529352389,9.284027634,27.42817927,0.007595406,6.502729717,-0.001453228,0.017095,-0.005603486,-0.003216426,-7.28E-05,-4.79E-06,-0.000583096,-2.13E-06,-1.57E-05,-7.05E-06,0.087614575,1.42E-44,2.045571526,-0.552722337,0.000251338,0.0013906,-0.00012906,1.95E-05,0.000306221,0.000252581,1.208911919,0.981338269,1.048964518,0.072018786,0.734083295,1.046612365,1.049018573,0,1.121433954,0,1.107329685,279.5086043,19821084
48459,8.96474249,5.166111092,18.72327933,100.3923189,1.784848413,1.201093228,0.95074292,1.373388449,1.006324487,0.50857044,8.328101553,26.45468848,0.009540148,4.726569973,-0.002458213,0.015967694,-0.00407316,-0.000204366,-3.81E-05,-2.53E-05,-0.000552626,-2.00E-06,-2.02E-05,-7.83E-06,0.009307849,0.020052746,0.028968148,-0.822875468,0.000245062,0.00047882,-5.26E-05,0.000121024,0.000122482,0.000761577,1.111703028,0.94528701,0.901852911,1.441841616,1.68055786,0.922623192,1.154520294,0,2.054382971,0,1.038539475,280.6993537,20690904
48850,14.76319504,2.768105259,12.90646335,62.1998456,0.981893417,2.580423542,0.75057926,1.18560733,1.35312261,0.445852982,7.467347511,33.31047807,0.0061762,-0.318099158,0.001322654,0.026236758,-0.003901573,-0.002406681,-7.83E-05,-1.93E-05,-0.000548491,-1.74E-06,-2.83E-05,-6.37E-06,0.007413614,0.568050711,4.52E-11,-0.974257638,0.000175075,0.000860082,-0.00014726,4.29E-05,0.000130198,0.00058177,1.03574898,0.87447606,1.144621079,0.938571245,0.93517934,1.003996487,1.35118765,0,2.221720133,0,0.976635842,277.4262391,20846913
49069,5.600905189,4.325213205,36.72368398,71.58428718,1.256679426,1.224199564,1.572282988,1.273416155,1.029603359,0.62341512,8.009554353,28.78063097,0.004956576,4.466783253,0.001765075,0.044622566,-0.00246405,-3.32E-05,-5.42E-05,2.79E-06,-0.000526431,-2.89E-06,-1.13E-05,-8.49E-06,0.008208171,3.419720638,1.05E-12,-0.997234262,0.000199457,0.000519177,-2.16E-05,9.76E-05,3.12E-05,0.001614802,0.846608017,1.118969608,0.915448201,0.001411608,0.290036768,0.842684278,1.447388715,0,0.891228431,0,1.015713619,279.7058979,20934294
49668,6.047302262,3.536507968,7.179250187,116.9349443,1.549824452,3.772800546,0.577683809,1.215089838,1.238559898,0.313562101,8.23519774,34.80113953,-0.00195538,4.201718888,0.002988596,0.033995486,-0.001291198,-0.001767308,-7.20E-05,-1.06E-05,-0.000599682,-2.07E-06,-3.88E-05,-8.76E-06,3.76E-07,2.04E-10,1.02E-05,-3299.435895,0.000244138,0.001147757,-0.000229206,3.51E-05,0.000254294,0.001295123,0.893547863,1.103539694,1.040146687,0.980818777,0.827869694,0.921228571,0.495348001,0,0.819578264,0,1.031422832,280.0417034,21173295
54542,8.616954684,4.807497254,14.38694705,202.1141332,1.350882244,1.733899168,0.650511425,0.59864011,0.742365579,0.491481947,8.048893697,32.592627,0.008886965,0.603329299,-0.000929589,0.009461175,-0.006870317,-0.00423896,-6.31E-05,-2.47E-05,-0.000533463,-1.94E-06,-2.34E-05,-6.08E-06,0.012807889,18.12222094,4.69E-11,-0.705145574,0.000225479,0.001389657,5.13E-06,4.33E-05,-0.000142916,0.00063794,0.781604272,0.971472323,1.152708424,0.262647545,0.944974621,0.782188339,0.839868417,0,1.673843455,0,1.018471028,276.0050024,23118021
54860,5.108487035,4.139700893,24.55132416,120.1539695,1.783886742,3.101842456,1.496242543,0.961097083,1.132873055,0.677692496,9.113331515,30.80500757,0.00224815,6.591623825,-0.000589879,0.021466272,-0.004470574,-0.00104005,-5.65E-05,-2.11E-05,-0.000533561,-1.55E-06,-6.11E-05,-8.16E-06,0.006226687,109.7380667,7.80E-18,-0.230623131,0.000233469,0.001288643,2.84E-06,0.000163022,-1.09E-05,0.000754201,0.771954833,1.077834342,0.903583254,0.401791939,1.080450411,0.966880064,0.721254019,0,1.120026251,0,1.095185591,280.393689,23244903
56047,6.681791151,5.984855354,15.02094324,109.7345142,1.438735088,1.583093057,0.654944548,1.503354421,0.664784146,0.524783715,9.475958237,37.83679586,-0.001398586,0.257706618,0.00454334,0.011937286,-0.003106871,-0.00228132,-6.45E-05,-1.10E-05,-0.000506327,-9.79E-07,-6.22E-05,-7.27E-06,3.78E-07,8.91E-05,4.46E-07,-1516.087873,0.000233006,0.001303054,-4.50E-05,0.000122382,0.000130432,0.000840995,1.010419564,0.887552071,0.75258675,0.769947359,1.162936833,0.88543496,1.078034092,0,1.196892623,0,1.120549608,277.0670998,23718516
56187,4.192742394,3.782162417,11.49641901,77.75479733,1.5608164,2.776579115,0.998848238,1.229832738,0.467000855,0.357766495,8.313742656,33.82300205,0.004007064,2.869581675,0.001483792,0.001310773,-0.005609609,-0.002470128,-6.18E-05,-1.84E-05,-0.000525463,-2.45E-06,-4.43E-05,-7.05E-06,0.015842541,309.8985604,3.21E-16,-1.109984339,0.000289367,0.000935428,5.72E-06,6.60E-05,0.000146267,0.002119889,0.95909298,1.047317793,1.110758009,1.947505343,1.422371569,0.840344017,1.254188746,0,0.967429432,0,1.037166388,276.3238012,23774376
56732,3.968967175,3.036609577,11.1898061,62.6521353,0.758697296,3.362561235,0.574906793,0.870785304,0.100947909,0.356691894,7.419582684,37.8395842,-0.000479067,2.605552348,0.002062328,0.020210387,-0.005008539,-0.003749089,-9.72E-05,-2.43E-05,-0.000506406,-3.17E-06,-6.73E-05,-6.17E-06,0.007038521,36.94952531,1.67E-11,-1.050174025,0.000262718,0.000942999,-0.000168628,5.41E-05,0.000186638,0.001554294,0.904910304,0.876172619,0.949252788,1.161745396,1.13770813,1.06952821,1.065189536,0,1.461102291,0,0.972796732,276.9090071,23991831
59560,13.94632813,4.838255621,9.862124835,58.9726837,1.051413772,1.879742863,0.354306777,0.797159644,1.461592049,0.607197438,8.109689196,35.96043648,0.000350255,2.488219045,0.002071885,0.00108453,-0.003743466,-0.002827261,-7.61E-05,-1.03E-05,-0.000569109,-3.13E-06,-4.66E-05,-6.02E-06,0.007808293,20.13871682,2.55E-17,-1.179812955,0.000242231,0.000923009,-7.85E-05,4.57E-05,-0.0001016,0.000768644,1.204971737,1.085550519,1.126381928,1.306351336,1.013276944,0.848712715,0.200224366,0,2.145683957,0,1.02252172,278.2970384,25120203
61148,10.5267958,5.230655296,5.909512051,60.46378496,1.182336595,2.846863819,0.891174154,1.621141834,0.606019944,0.612456771,8.819496833,33.19191549,0.002394605,3.620112399,0.00111657,0.037803008,-0.002543169,-0.001571525,-6.78E-05,-2.36E-05,-0.000559637,-2.97E-06,-5.34E-05,-7.11E-06,0.002697551,1.50E-16,0.00171076,-2.929822837,0.000250559,0.00075575,-0.000117051,0.000136999,-4.12E-05,0.001295502,1.077533102,1.004107411,1.043493051,0.211271441,1.22491232,0.820576931,0.949391046,0,0.855054517,0,1.074072247,278.1734965,25753815
63424,17.75229174,3.753873378,31.5941307,87.55852625,1.282266632,2.827713982,1.316438328,1.302257852,1.602379958,0.436612704,8.292663226,36.6047472,-0.001834811,1.532496212,0.004497537,0.016427288,-0.005916011,-0.002499483,-8.33E-05,-1.01E-05,-0.000533001,-2.08E-06,-9.51E-06,-6.09E-06,0.009250604,1.41E-12,0.124088776,-1.254020742,0.000279716,0.00137322,-2.38E-05,9.94E-05,7.56E-05,0.000560256,0.880210968,0.992303329,0.869571155,1.294038388,0.850904652,0.829304715,1.029580263,0,2.224706995,0,1.035582272,279.4375516,26661939
64335,0.711496812,2.75989564,26.03129358,76.32664424,1.186116308,1.912916222,0.825590899,0.890197188,0.475758889,0.210994516,8.626427187,32.58430881,0.006342853,3.716108794,-0.000533723,0.019539794,-0.004669874,-0.001333521,-5.19E-05,-3.15E-05,-0.000551962,-3.09E-06,-2.91E-05,-7.48E-06,0.015701176,1.812969784,1.03E-17,-1.248649009,0.000192506,0.001422687,3.02E-05,0.000219504,6.65E-05,0.002037966,0.832009068,1.010011643,1.106801856,0.875302239,1.090920911,1.022380484,0.950992437,0,1.115734969,0,1.060280736,275.1299042,27025428
66334,10.74273882,4.588575102,30.91297785,51.67586368,1.042404635,3.605351418,1.427839864,1.622878932,1.395032531,0.472528934,8.269165793,29.74362924,0.006415312,0.077294444,0.004052511,0.046350548,-0.003754978,-0.00042471,-6.64E-05,3.80E-06,-0.000590825,-1.00E-06,-2.93E-05,-6.94E-06,2.04E-07,6.99E-10,3.75E-06,-16233.84253,0.000236951,0.001678346,-4.55E-05,0.00016722,-0.000213475,0.001375384,0.897864156,0.961394751,0.882581095,0.366703249,1.132650717,0.987144533,1.208845242,0,1.038435698,0,1.034132097,280.782705,27823029
66838,13.0825875,5.453394555,19.29285969,66.14365774,1.474517459,2.560134049,0.870904517,1.372192916,1.022005049,0.232491351,7.341564328,35.81421479,0.001743472,1.932965374,0.002924208,0.024039942,-0.003968235,-0.005486479,-8.73E-05,-1.75E-07,-0.00054861,-2.73E-06,-3.08E-05,-7.19E-06,0.003318625,752.9888462,2.57E-11,-0.371120183,0.000217064,0.001511251,-2.25E-05,6.58E-05,-0.000582003,0.000937794,1.026933109,1.051674531,1.122670876,1.532819786,0.483965536,1.186322166,0.729869328,0,1.234785689,0,0.966319302,274.4237978,28024125
68583,5.543957826,4.635072121,9.169770908,47.63679772,0.725989122,3.517940594,0.60301514,1.439682872,0.51787241,0.477562535,7.066062947,29.5859577,0.009459876,1.620995441,-0.000430891,0.031483461,-0.003003464,-0.003321784,-6.61E-05,5.38E-06,-0.000597182,-1.45E-06,-4.88E-05,-7.26E-06,0.004239112,0.375593388,0.011745471,-1.521401497,0.000228885,0.001711669,3.72E-05,0.000207558,-7.94E-05,0.000444301,0.855033434,1.161059026,1.041884697,1.53411263,0.92497278,1.118413957,1.049570718,0,0.806861777,0,0.94607128,276.9242598,28720380
68980,19.34666341,2.591607537,16.10063337,92.75794894,1.491590962,5.156536585,0.66584311,0.97414844,1.738612357,0.31162573,8.343286616,34.81829679,0.002815782,2.228610577,0.001591974,0.024265122,-0.001561329,-0.002188398,-5.11E-05,-1.41E-05,-0.000567187,-2.06E-06,-5.79E-05,-6.76E-06,0.005981312,1.77E-07,0.05204733,-1.968205037,0.000247825,0.001196347,3.99E-05,0.00020567,-6.18E-05,0.000230682,1.002996524,0.92476426,0.98751381,1.496289615,1.113682456,0.915881525,1.630705235,0,1.476630331,0,1.03940097,276.5473398,28878783
70187,12.18713407,4.684038826,21.01105865,61.42754552,1.26157574,1.415239399,0.920881213,1.511593461,1.447044918,0.635883474,8.484074706,33.84871871,0.000491782,3.229221126,0.003233613,0.028146625,-0.002815031,-0.002897483,-6.96E-05,-1.56E-05,-0.000544977,-3.18E-06,-6.08E-05,-7.16E-06,3.70E-07,1.65E-08,4.64E-06,-10121.15765,0.000170604,0.001113381,-5.83E-05,0.000125075,-8.17E-05,0.002512336,0.96291512,0.918220275,1.098352996,1.252123709,0.939738563,0.903098774,1.002763771,0,1.463788683,0,1.050460786,278.5341017,29360376
72720,7.912697272,5.254353598,30.93412743,52.69881627,1.305960582,1.50219846,1.205328608,1.282484564,0.99301509,0.224266445,5.862683216,32.74020362,0.004037343,3.108738293,0.000755771,0.021961036,-0.004519778,-0.001876515,-4.58E-05,-7.10E-06,-0.000516062,-3.19E-07,-2.01E-05,-6.80E-06,0.009431889,7.89E-16,0.001488048,-1.302409304,0.000171615,0.001204649,-3.55E-05,0.000103547,-0.00034789,0.001489576,1.180788671,0.992447039,1.225952102,0.285086039,1.063956115,1.171465513,1.137969176,0,0.375125612,0,0.860238748,278.1472337,30371043
85114,2.132787999,5.232257517,33.64611902,120.4063092,1.431351584,2.007957654,1.543583078,1.151198181,0.644221773,0.459944772,6.47936542,32.45141296,0.003194005,2.897300567,0.001296373,0.024181258,-0.002749131,-0.002630724,-3.10E-05,1.20E-05,-0.000657607,-1.71E-06,-3.59E-05,-5.29E-06,0.002915315,3.56E-17,0.025187998,-1.767352378,0.000218947,0.001593083,-8.70E-05,4.55E-05,0.000142367,0.001962918,1.157361415,0.95037002,0.899249108,2.022422858,1.292967684,1.14991963,1.397716791,0,0.904734924,0,0.903823785,279.9753837,35316249
85326,10.69027428,3.789520775,14.03844403,130.1723547,1.466801522,2.059747594,0.8777104,0.929194076,1.32051833,0.546122709,8.516839651,37.79826064,-0.00203039,-0.93263679,0.005536403,0.015519745,-0.005990381,-0.002334681,-4.57E-05,-1.89E-05,-0.000596795,-1.54E-06,-3.53E-05,-7.48E-06,0.008101123,62.70134026,1.66E-12,-1.162015686,0.000279039,0.001268786,5.68E-06,0.000227739,-0.000254571,0.001217399,1.178775257,0.952645413,1.189787385,1.181520149,1.27301602,0.886660776,0.86807485,0,1.005536072,0,1.052835894,280.1040722,35400837
85937,2.416403327,3.992299686,6.1497651,63.79706989,1.067738717,4.437118896,1.119000543,1.240588967,1.011128536,0.466604749,7.341864978,31.00911807,0.005542234,1.698244669,0.003131516,0.003751948,-0.000564484,-0.000585643,-5.47E-05,-2.23E-05,-0.000571452,-2.51E-06,-6.07E-05,-8.00E-06,0.029173862,0.14812662,6.26E-17,-0.764396861,0.000271087,0.001373888,-3.00E-05,7.76E-05,-0.000172025,0.000871162,1.106609928,1.003270338,0.818570665,1.125007069,0.989364007,1.076959559,1.25200794,0,1.260585965,0,0.966337338,275.9440985,35644626
89888,1.306914569,4.052815972,29.74763624,185.0423483,2.007706256,1.270208917,1.297388044,0.577314431,0.625553312,0.53671618,8.67243288,35.24088576,0.000953683,2.157316531,0.002273464,0.03258141,-0.004807851,-0.002621237,-6.90E-05,-6.79E-06,-0.00054907,-1.87E-06,-5.10E-05,-7.90E-06,0.00146354,9.43E-19,0.012575412,-3.176179562,0.000289571,0.001776115,-6.09E-05,0.000106525,-0.000146527,0.001007769,1.20196644,0.897077867,0.915220425,1.291197847,0.835443435,0.870330737,1.148119525,0,0.463725078,0,1.063575302,278.1213025,37221075
90470,7.16893254,5.243458064,15.58874752,36.73967768,0.718159967,2.295146448,1.127879268,1.338522248,0.915063631,0.727196842,8.028765908,35.09476657,0.002374746,2.479262383,0.001517443,-0.009520271,-0.00189984,-0.004358391,-0.000103336,-7.25E-08,-0.000625292,-1.53E-06,-1.82E-05,-6.19E-06,0.002242263,0.001516874,0.058421899,-3.254005381,0.000243979,0.001033153,3.06E-05,0.000102065,0.000115846,0.00172649,1.040099663,1.114637527,0.949781411,1.803251758,0.318512549,0.904516902,0.838772521,0,0.169780526,0,1.017081692,277.4293999,37453293
92735,1.947461888,3.579433818,11.44100083,221.9339242,1.752659693,3.073626306,1.269529568,0.88060087,0.419394755,0.610663048,7.980767252,33.11324487,0.002969434,0.462370983,0.004277914,0.017510223,-0.001429137,-0.000419121,-6.00E-05,-2.07E-05,-0.000575785,-1.82E-06,-3.85E-05,-7.23E-06,0.015803037,4.16E-47,8.63821683,-1.687248977,0.000249153,0.001987,4.64E-05,-4.14E-05,6.78E-05,0.002382996,0.992869099,1.055822309,1.032301389,1.053337614,1.309645971,1.079731211,1.004587744,0,0.794050133,0,1.013919612,278.9450596,38357028
97963,5.744302895,2.724497663,12.66311972,90.84926035,0.758701662,3.426924526,0.774108334,1.06326421,0.624132913,0.416898193,7.554578784,32.13335255,0.0022779,0.788486394,0.004851768,0.017331847,-0.004450697,-0.001007775,-8.23E-05,-7.71E-06,-0.000564741,-3.02E-06,-4.51E-05,-6.84E-06,3.30E-07,2.83E-05,1.10E-07,-5995.971742,0.000227411,0.001268016,-9.62E-05,8.24E-05,0.000122841,0.001020163,0.755409138,1.026883402,0.861687065,0.976037685,0.618114847,1.154491278,0.997435273,0,1.594572153,0,0.98265627,280.7408026,40443000
100498,9.659036868,5.727195599,19.67194995,50.70265681,0.76622266,1.610940474,1.051475448,1.313768937,0.852563634,0.32343929,6.344255135,34.15564847,0.001814838,-0.246497716,0.004425087,0.024324589,-0.002826501,-0.002080758,-5.91E-05,5.67E-06,-0.000592368,-1.46E-06,-5.15E-05,-6.24E-06,0.030713795,556.2515166,3.39E-16,-0.891586482,0.000193817,0.001264247,1.03E-06,0.000128807,0.000285553,0.000223388,0.869357232,0.841434029,1.278434782,1.28021002,0.693196443,1.171751347,1.324322105,0,1.023662852,0,0.894880921,279.4689032,41454465
102994,25.42648766,2.65882815,14.33578658,139.6544975,1.605295363,6.083590812,0.756590563,1.098845231,2.404029602,0.559985424,9.438924832,33.44735169,0.001242808,3.420679301,0.00247701,0.015043702,-0.003950697,-0.000574436,-6.35E-05,-7.49E-06,-0.000518864,-5.74E-07,5.60E-06,-6.14E-06,0.002474255,0.00157044,0.010056258,-1.841044526,0.000221134,0.000748634,-0.000107229,-1.52E-05,0.000242472,0.00123671,1.022384183,1.017190868,1.020210173,1.017387659,1.319251337,0.666812101,0.976604328,0,0.377114701,0,1.118172086,279.6203929,42450369
105262,2.118442426,4.966183065,22.56259276,52.50932912,0.862412816,4.270733516,1.820554678,1.82295788,0.689693033,0.538534674,8.845433696,39.37707779,-0.004084517,-1.213210641,0.005828674,0.004817104,-0.006306376,-0.003558978,-7.47E-05,-3.59E-05,-0.000566306,-2.40E-06,-4.49E-05,-6.94E-06,0.00704987,0.000147679,6.60E-12,-1.618162191,0.000206751,0.0016097,-8.95E-05,0.000114142,-1.76E-06,0.001907358,0.985975064,1.098352397,0.962981964,1.463934058,1.435677883,1.002975397,1.351071634,0,1.494103914,0,1.076256885,280.1010507,43355301
106901,16.01440098,3.644755832,13.72481075,99.35090057,1.46309278,2.017297292,0.525825526,1.159507792,1.356631171,0.224002953,6.455440078,30.02564047,0.008842075,1.128151402,-0.000395973,0.025593995,-0.003035196,-0.002233548,-8.75E-05,-3.18E-05,-0.00056559,-1.31E-06,-2.36E-05,-7.01E-06,0.007840991,3.90E-15,0.023439374,-1.232763432,0.000220831,0.001484018,-5.56E-06,0.00012914,-0.000268803,0.001681313,0.945685209,0.88207367,0.877097828,1.913544187,0.986122408,0.972357199,1.21031137,0,1.201690903,0,0.902131205,278.0337539,44009262
108645,1.817162554,3.738429817,9.180078106,93.30883304,1.064967395,2.94048159,1.101307075,1.504009763,0.502576519,0.402633346,7.264655832,35.00738071,0.002847768,0.573623411,0.002195242,0.025154816,-0.003540768,-0.001283197,-6.93E-05,-1.78E-05,-0.00054163,-3.81E-06,-1.47E-05,-8.87E-06,0.007501265,52.02705456,0.119158747,-0.693591811,0.000208662,0.001446642,-6.12E-05,0.000139304,7.80E-05,0.000422897,0.897134814,0.961260243,0.993731767,1.778755603,1.788592769,1.012409196,0.850762617,0,1.201807887,0,0.960776056,278.711469,44705118
109132,9.648786908,4.828347452,16.64521117,78.7782166,1.603066464,2.213580505,0.92074224,1.201161642,0.838767715,0.520920965,8.90118942,29.13570123,0.008021509,1.679132447,0.000157691,0.031842137,-0.000594069,-0.004748279,-7.05E-05,-3.07E-06,-0.000541776,-2.81E-06,-4.00E-05,-5.86E-06,4.16E-07,0.000653943,2.05E-05,-85.72853073,0.000213621,0.000951452,-2.97E-05,0.000110696,0.000164302,0.000406354,1.219036076,1.008361793,0.979428327,0.690105716,0.853962358,1.231509302,0.666663593,0,0.765243682,0,1.080159721,279.7940962,44899431
109556,4.850262819,4.632391213,28.56596641,57.35767214,1.029423291,2.418564291,1.261549265,1.45908877,0.372951696,0.397837288,7.453775079,38.59665818,-0.002331329,-0.72717896,0.005297309,0.02707779,-0.003656264,-0.003053628,-5.39E-05,7.41E-07,-0.000585001,-3.67E-06,-3.26E-05,-8.62E-06,2.16E-06,0.000359285,1.02E-05,-484.6055306,0.000236122,0.000868808,-7.77E-05,0.000133959,-0.000363777,0.002051233,1.069753077,0.946992662,0.840774744,0.700630673,0.948425008,0.850797725,0.976812164,0,1.32424855,0,0.975539256,279.0581723,45068607
109622,1.577248661,5.588550357,23.52252021,49.28362073,1.190057742,3.052376027,1.620100498,1.829170106,0.467880416,0.483083263,6.974078028,32.09963836,0.006853334,0.161925503,0.00016611,0.052000726,-0.003529153,9.43E-05,-5.21E-05,-3.38E-05,-0.000599211,-2.46E-06,-4.31E-05,-5.43E-06,5.76E-07,1.99E-85,3.57E-07,-17195.40911,0.000286047,0.001531808,-9.84E-05,2.92E-06,0.000128917,0.001947537,1.038885285,1.16036421,1.126486315,1.284353379,1.411365959,0.88780799,0.554135959,0,0.834629242,0,0.939456999,280.7456468,45094941
110771,12.98309364,4.050534916,18.82942464,37.14216054,1.093615333,2.094792226,1.142345958,1.228621927,1.438480242,0.690967191,8.40030516,39.32554509,-0.002017845,1.111978351,0.003988191,0.003939893,-0.003790935,-0.003487935,-9.85E-05,-1.60E-05,-0.000598632,-1.48E-06,1.76E-06,-8.55E-06,0.007080147,1.438372952,7.96E-18,-0.762357309,0.00021944,0.001240024,-2.61E-05,4.99E-05,8.51E-05,9.63E-05,1.153517516,1.00319393,1.094101063,-0.738149171,1.021721023,1.022351806,0.761666029,0,0.971792663,0,1.044445396,274.7862839,45553392
111823,8.095893427,3.880316313,13.72140681,105.0873573,1.032054415,2.687792989,0.716000128,0.569010562,0.887633257,0.355810451,7.331287401,34.64111014,0.003120616,0.826492671,0.001216795,0.041371935,-0.005655991,-0.003190146,-8.73E-05,-4.74E-06,-0.000537955,-4.45E-06,-2.79E-05,-8.10E-06,0.00503563,0.50387399,0.0235923,-0.753611353,0.000208787,0.001175011,-0.000165777,1.01E-05,-0.000193044,0.00015697,0.907130967,0.974767037,0.815259099,-0.044118588,0.248723514,1.010452009,1.094335153,0,0.638827109,0,0.96555525,279.1469555,45973140
113849,7.120126928,4.188896057,7.519469022,18.32816493,2.131954761,4.330613535,1.242586259,1.680034004,1.467665127,0.45067676,9.246188123,29.31647795,0.005176207,5.601452635,-0.001067988,0.007340871,-0.004835262,8.18E-07,-5.30E-05,-1.98E-05,-0.000582019,-1.43E-06,-1.67E-05,-7.24E-06,0.005065736,0.000482569,1.53E-17,-0.784929436,0.000248725,0.001022143,0.000122164,4.47E-05,-0.000103542,0.000498955,0.975892331,0.993386574,0.94703526,1.456772385,1.176509721,0.869955869,0.905967075,0,2.047551416,0,1.104120408,278.1994163,46781514
113878,7.62960111,2.760413164,17.52684918,26.95277522,0.668001932,3.721835713,1.031308264,1.574318219,1.080604143,0.490552253,5.855118032,36.10644545,0.002391058,0.743420217,0.002308431,0.006793858,-0.002901388,-0.003224148,-4.58E-05,-4.46E-05,-0.000568323,-1.29E-06,-5.22E-05,-6.78E-06,4.07E-07,1.08E-07,0.000127355,-601.4463822,0.000222653,0.001390121,-0.000191729,6.50E-05,4.94E-05,0.001276613,1.068104383,1.106867679,1.171005039,0.936048761,1.221937177,1.088784682,1.434167323,0,0.521141726,0,0.859514713,276.6009868,46793085
114611,4.495696404,5.682974322,26.23041032,67.26112022,1.321831397,1.863076726,1.473068818,1.476791317,0.420954393,0.180689638,5.714944403,29.34954758,0.004927842,2.016869071,0.003345995,0.025852911,-0.003290985,-0.003941923,-6.74E-05,-8.83E-06,-0.000579649,-2.59E-06,-4.99E-05,-7.62E-06,9.53E-07,8.04E-06,2.00E-07,-3395.992795,0.000260229,0.001404303,-8.58E-05,7.96E-05,0.000365595,0.001370895,1.065666085,0.979140244,1.099465642,0.686583284,0.649250093,0.950993108,1.385177308,0,0.657129335,0,0.848693572,281.5976381,47085552
116866,8.114698786,2.531993934,9.124389998,89.6099398,0.834913367,3.573615349,0.8587197,1.318375958,0.85824271,0.440395038,8.153297921,30.19561447,0.006657315,2.125320181,0.00162953,0.023803209,-0.003946377,-0.004993022,-3.78E-05,-8.43E-06,-0.000552175,-2.41E-06,-1.70E-05,-6.42E-06,8.07E-07,0.001691288,5.91E-07,-105.5874371,0.000267154,0.001963889,1.29E-05,0.000138196,0.000280751,0.00076183,1.022143663,1.136327854,1.009581243,0.856202181,0.969869003,0.807450624,1.441565758,0,0.653573672,0,1.025700863,278.0451712,47985297
118146,1.01362219,5.274599923,36.16037605,50.56836729,1.496180336,2.306170857,1.707493904,1.74083744,0.570321092,0.48717447,5.591210443,35.8477923,-0.00061294,0.141884329,0.005442662,0.037395126,-0.004071157,-0.001191555,-7.87E-05,-1.37E-05,-0.000494346,-1.35E-06,-4.91E-05,-6.23E-06,1.00E-06,6.95E-08,7.09E-07,-4327.632708,0.000233735,0.001477798,-7.56E-05,2.48E-05,-0.000228693,0.002673009,0.90791922,1.107211153,1.03535405,-1.535041474,1.340916497,0.839823141,0.915751802,0,1.065055466,0,0.84042501,279.3579947,48496017
118468,4.110607436,6.308489933,12.2594786,83.7596833,1.092698932,2.235706516,1.299750717,1.720466762,0.681820057,0.652381253,8.14419107,32.64473278,0.003471679,2.185987069,0.002799954,0.018779231,-0.002246535,-0.000434986,-6.88E-05,-1.98E-05,-0.000612348,-2.09E-06,-3.96E-05,-8.48E-06,4.62E-07,6.83E-93,6.09E-06,-9404.512765,0.000267258,0.000882849,-0.000120778,9.19E-05,0.000344233,0.001215932,1.168171329,0.823477255,1.033128891,1.571427318,1.006523718,1.008601301,1.11720554,0,2.719470727,0,1.024939692,277.360807,48624495
121328,22.58368099,2.164339032,11.35095864,100.6279632,1.839294964,5.165166814,0.87998992,1.23426817,2.375291709,0.352546916,8.192761906,37.97668114,0.000119206,1.77805833,0.001810259,0.014336048,-0.002689051,-0.001413231,-4.65E-05,-2.61E-05,-0.000592639,-1.57E-06,-2.32E-05,-7.36E-06,0.021018729,0.461654601,1.81E-17,-0.199626347,0.000162261,0.000972549,-0.000103838,0.000139529,3.28E-05,0.001761451,0.850967934,0.84347824,1.008253664,0.953818504,0.714329104,0.953214893,0.609148661,0,1.01866869,0,1.028625518,275.3442468,49765635
122307,3.106069943,4.706892858,4.897714552,52.45077694,0.91767519,5.118556421,0.985004889,1.776348982,0.747835896,0.453597122,9.110766557,34.97706626,0.002063614,3.147813922,0.001718289,0.014421425,-0.00767638,-0.00170476,-4.52E-05,-1.73E-05,-0.000528614,-2.37E-06,-3.52E-05,-6.67E-06,1.10E-06,0.000670761,4.80E-06,-329.9717205,0.000212907,0.001613971,-0.000175204,0.000219905,-0.000537668,0.001082635,1.038328504,1.000583991,1.09287624,2.380653042,0.808401195,0.947279383,0.948314765,0,0.955664195,0,1.095006998,276.1401002,50156256
124359,6.14627644,3.933274586,15.46224642,300.2842871,2.050672221,2.080296156,0.929818089,0.341799705,1.088147458,0.745786546,8.530073269,36.93188482,-0.0013046,3.031380995,0.001660637,-0.00237604,-0.005539674,-0.002104439,-5.37E-05,-2.35E-05,-0.000560979,-1.45E-06,-5.30E-05,-8.40E-06,0.011951155,0.215006061,5.60E-11,-0.633811109,0.000249485,0.001406206,-7.23E-05,6.00E-05,-6.64E-05,0.001730018,1.047636695,1.097315038,0.90745413,0.711402061,0.418668105,0.853467122,1.128370856,0,0.925355418,0,1.053870761,279.6299811,50975004
125036,8.924949847,6.391165691,16.76091498,17.0023544,0.976037306,0.976371811,0.914501443,1.52295938,0.896064412,0.399757105,5.882212078,35.75083151,-0.000258924,3.728233735,0.002742084,0.035870128,-0.002610319,-0.004084736,-4.44E-05,2.02E-05,-0.000546906,-1.71E-06,1.82E-07,-7.09E-06,4.09E-07,1.44E-05,3.54E-07,-9434.413429,0.000169124,0.001344359,-3.64E-05,0.00018241,-7.91E-06,0.001727691,1.055792838,0.976086507,0.926302201,1.604188535,0.887045013,0.893717795,0.712244616,0,0.993415682,0,0.861821177,276.6284295,51245127
125340,3.45445036,3.433064281,9.197691845,70.97921038,0.601723769,3.981035192,0.869286827,1.361748083,0.822273185,0.460146211,8.128797834,37.83587199,-0.003100616,2.828172357,0.003261295,0.025518515,-0.002101987,-0.005027537,-5.62E-05,-1.71E-05,-0.000537942,-2.46E-06,-6.07E-05,-7.17E-06,4.63E-07,1.59E-87,9.40E-06,-5667.898188,0.000259084,0.001406712,-0.000153987,0.000175847,0.000309868,0.000583992,1.271137017,1.035176353,0.921325741,0.70353317,1.035444682,0.802200409,0.787276933,0,0.680918113,0,1.024014733,278.3515324,51366423
125832,5.950662944,4.145168384,12.55855668,58.39341771,1.295639307,2.854783369,1.171128128,1.592655147,0.691782037,0.403022658,6.617451319,35.20257994,0.000736442,2.422357983,0.002840451,0.016084628,-0.003665163,-0.002041405,-7.23E-05,-1.15E-05,-0.000601164,-1.64E-06,-2.95E-05,-9.39E-06,0.037117101,2.23E-32,0.001116192,-0.35954647,0.00020474,0.00175392,-5.40E-05,0.000138161,-6.52E-05,0.000722602,0.936057496,0.924829801,1.119441128,0.547369,0.687890864,0.94897302,0.635684842,0,0.170863558,0,0.914399791,277.0968042,51562731
127561,3.245481324,3.668982945,9.473724516,157.8141735,1.204803756,2.932185588,0.637453266,1.245986165,0.716680635,0.544990311,8.337194229,29.77860728,0.007704088,2.548517145,-0.000913538,0.028725578,-0.005848471,-0.003447234,-5.88E-05,1.50E-07,-0.00057165,-2.93E-06,-4.06E-05,-6.34E-06,0.009651204,0.120310253,1.99E-11,-0.859575761,0.000294079,0.001011311,-0.000157012,9.81E-05,-2.03E-05,0.000578355,0.956540237,0.916750744,1.185988734,2.169561349,1.075123081,1.041030385,0.935747127,0,-0.003357229,0,1.03898002,279.3426105,52252602
129393,19.76470764,3.010443479,10.99864413,16.92362199,1.514087883,4.803302471,1.079732776,1.495794233,2.049906732,0.29752261,9.300696494,36.43570828,-0.00127701,2.573221128,0.003515145,0.006962276,-0.00316318,-0.004814786,-5.21E-05,-2.86E-05,-0.00052153,-7.61E-07,-2.63E-05,-7.52E-06,0.003856691,0.021873854,0.032139841,-1.553684483,0.000317887,0.001150575,-6.69E-05,0.000138918,0.000328431,0.001005861,1.100320421,0.844621983,1.123852219,1.718620689,1.273598701,0.809763212,1.178485638,0,0.096464967,0,1.108633353,278.4510208,52983570
132065,4.288158471,4.669345764,10.55748752,55.11879778,0.635460463,2.248606659,0.842586871,1.324650991,0.644332416,0.387915114,6.809814457,34.09158146,0.003103367,-0.717461997,0.004062785,0.020595596,-0.004779536,-0.002638802,-8.02E-05,-2.68E-06,-0.000538045,-1.62E-06,-5.84E-05,-6.66E-06,0.019329961,1.40E-35,0.353743428,-1.496282573,0.000269672,0.001068119,-0.000207035,0.000133693,-9.42E-06,0.001344653,0.988486613,1.073949941,1.139940525,0.488802155,1.133490876,1.276997977,1.033958712,0,1.026048231,0,0.928074528,278.8528557,54049698
132984,14.83181358,5.165701856,31.91702795,55.66089347,1.335295203,0.992593844,1.255201646,1.210221144,1.242408743,0.430117749,8.26473013,27.51883076,0.011719493,1.95896053,-0.000443231,0.019976109,-0.001772755,-0.002110707,-6.96E-05,-1.14E-05,-0.000486356,-1.58E-06,-2.54E-05,-6.76E-06,0.006461104,7.488936445,2.17E-18,-1.105550108,0.000225337,0.001265926,4.68E-05,6.85E-05,0.000228001,0.001921085,0.875225639,1.066598933,0.890438335,1.053085668,0.376108248,1.110747387,1.004986,0,0.590891373,0,1.033842422,276.5784474,54416379
135852,9.124208367,5.36053743,18.28807617,103.0664864,1.434940727,2.712235479,0.895634221,1.561235052,0.736213853,0.441562703,8.167377015,36.00214777,0.002955596,0.189801157,0.001855326,0.037659392,-0.001265188,-0.000940192,-8.50E-05,-2.02E-05,-0.000593339,-2.59E-06,-2.75E-05,-7.73E-06,0.008697179,0.005006584,0.006141954,-1.630350976,0.000239406,0.001429769,-9.91E-05,0.000129816,-9.37E-05,0.001832319,1.292731633,1.0682928,0.992993336,1.025722579,0.751575192,0.841381022,0.585326822,0,0.317573718,0,1.026802411,276.2296187,55560711
136264,2.164941876,4.096132257,8.323558479,65.06723699,1.055990337,2.606327284,1.218121974,1.551655172,0.311079674,0.447766993,7.181415737,29.42615493,0.007180613,3.115619388,0.001779581,0.021331949,-0.004363885,-0.003616122,-9.29E-05,-2.04E-05,-0.000533761,-1.44E-06,-3.16E-05,-8.53E-06,0.00638597,0.061413361,2.39E-18,-0.952539751,0.000237723,0.001348555,-8.89E-06,4.93E-05,2.79E-05,0.001564165,0.718271927,0.957621343,1.041606117,0.567033348,1.247716522,1.336394802,1.142877629,0,1.290261252,0,0.954538197,276.105204,55725099
138731,9.829372987,4.628847672,15.76662046,123.0603335,1.58310664,1.824549543,0.953798309,1.210466271,1.48540164,0.510174904,7.432601168,31.18330407,0.004797111,3.867359761,0.000470492,0.019811174,-0.00140595,-0.003594888,-7.20E-05,-1.11E-05,-0.000480207,-2.14E-06,-2.33E-06,-6.42E-06,0.031816932,7.76E-34,1.59E-13,-0.297104071,0.000151977,0.000981104,-2.61E-05,0.000242915,-0.000479214,0.001056747,1.025357818,0.891543061,0.978766414,0.508204533,0.543637512,0.92879691,1.402952134,0,1.075891988,0,0.974067812,278.208787,56709432
139323,1.994813603,4.91555218,8.797431765,50.01232333,1.350635587,3.3072642,0.993758057,1.269156561,0.436270456,0.398345071,7.563177579,35.53872095,0.003427894,-0.410058677,0.003311349,0.010119963,-0.002340584,-0.003004922,-7.35E-05,-2.17E-05,-0.000529282,-2.29E-06,-2.86E-05,-5.79E-06,0.027592175,1.13E-36,0.100582892,-0.717101948,0.000226126,0.001299822,-4.23E-05,0.000191616,-0.000103352,9.22E-05,1.036556233,1.060203729,1.042630241,0.974932248,1.291529335,1.213763927,1.024052369,0,0.473634734,0,0.983315495,275.7422938,56945640
140928,4.525547679,6.43920819,19.80723966,78.44670867,0.755050434,0.527506143,1.263706483,1.202171207,0.3789887,0.364703664,6.387207329,33.00861306,0.005316531,4.745541402,-0.001534141,0.026081238,-0.002023126,-0.002610197,-6.03E-05,-1.21E-05,-0.000510215,-3.97E-06,-4.23E-05,-7.17E-06,4.67E-07,1.36E-92,1.16E-05,-5344.352221,0.000251327,0.001255982,-0.000230171,7.39E-05,-0.000205821,0.001376932,0.922980529,0.889631146,1.28150235,0.851891035,1.106834603,1.004325805,0.85377889,0,0.027064493,0,0.897662271,275.5695451,57586035
141240,3.213888391,4.251412193,6.128476472,176.0799251,1.391548902,2.926892105,0.905907069,1.153878255,0.867238833,0.553233285,8.284937698,32.21533758,0.0065144,0.377999846,0.000925813,0.021220568,-0.003469939,-0.001772601,-6.79E-05,-3.62E-05,-0.000497358,-2.24E-06,-1.28E-05,-8.58E-06,0.038901023,1.39E-39,2.50E-12,-0.474687406,0.000224039,0.000869796,-6.58E-05,7.55E-05,0.000142635,0.0008676,0.951689462,1.0531361,0.733844069,0.638133501,0.722554163,1.252402724,1.370026396,0,1.325774862,0,1.035052403,278.7992799,57710523
141672,10.3027703,3.56858241,24.89435763,55.48088884,1.405509719,2.102291558,1.162794813,1.246784351,0.99810866,0.216698859,7.050165861,32.37133256,0.006819415,2.300604332,-0.000993281,0.011979143,-0.003279107,-0.003233614,-6.25E-05,-1.03E-05,-0.000596624,-3.00E-06,-2.94E-06,-6.84E-06,0.003037903,2.20E-18,0.000470183,-3.261940864,0.0002733,0.001414599,9.32E-05,0.000167776,-0.000202851,0.001256065,1.089793105,0.991934456,0.914147117,0.503641152,0.758821066,1.258402735,0.964587318,0,1.082894466,0,0.944468772,277.6187084,57882891
145894,22.69329568,3.098786634,12.06192674,103.1651025,1.189459486,4.040851612,1.065233983,1.230511362,1.468871467,0.550312346,8.196866265,28.60227061,0.006640598,6.120385682,-0.000849306,0.024746749,-0.002686767,-0.003006691,-7.62E-05,-4.43E-05,-0.000543969,-1.13E-07,-1.08E-05,-6.45E-06,0.005128861,0.035995167,0.00759334,-1.704376482,0.000266445,0.001030364,-2.70E-05,8.32E-06,-8.38E-05,0.001636116,1.016363309,0.971544574,0.941756893,-0.274459419,1.240970755,1.032799884,1.279264071,0,2.044105827,0,1.028884622,278.3670803,59567469
146542,6.490199425,2.458185783,19.59200754,165.5684782,1.190195299,2.087600415,0.519385139,0.671795183,0.650789203,0.213780768,8.976738968,41.18756701,-0.005001019,-1.309884142,0.006883483,0.009189356,-0.003538174,-0.003651702,-5.24E-05,-4.81E-06,-0.000561378,-2.37E-06,-3.60E-05,-5.94E-06,0.018430473,1.136129887,3.31E-17,-0.99656857,0.000281669,0.001103004,-7.25E-06,5.12E-05,-0.000380476,0.000802824,0.872417989,1.044363202,1.010151115,1.604544785,0.750874327,0.94369726,1.045621085,0,0.704262786,0,1.085427429,275.7929757,59826021
152169,3.012184197,4.42127663,30.9425236,93.77206191,2.257459963,3.328876589,1.950969382,1.365398402,1.109679299,0.437256415,8.936942911,32.86031101,0.00325054,3.603992433,0.001416107,0.012714349,-0.004851878,-0.001704113,-4.65E-05,1.14E-05,-0.000540929,-2.51E-06,-6.16E-05,-6.00E-06,0.000506645,1.65E-07,6.24E-28,-1.148557465,0.000269425,0.001240264,-8.42E-05,6.29E-05,0.000300721,0.000531266,1.126409133,0.949274491,0.749217368,2.107447933,1.16045501,1.053869436,1.2500792,0,1.74010852,0,1.082729938,277.2322988,62071194
152229,4.67206732,3.290477455,14.62767479,66.86337799,1.34294217,7.382311107,0.917598055,1.328117536,0.393045313,0.504804658,7.509367736,34.32979974,0.001403646,4.099332986,0.000767203,0.042391066,-0.003092534,-0.001690564,-5.25E-05,-2.52E-05,-0.000505568,-3.05E-06,-5.04E-05,-6.86E-06,0.030886943,2.43E-33,2.04E-13,-0.474408644,0.000183231,0.001421737,-0.000207292,0.000185582,-0.000180356,0.001794126,0.827063175,0.90756387,1.009300634,1.004858494,0.583635956,0.852237561,0.850196956,0,-0.219075734,0,0.979456089,278.6274898,62095134
153493,7.82114864,3.447663328,5.070959013,143.4597048,1.695395261,2.980432947,1.076797563,1.115987327,0.738562903,0.410659396,8.665665563,32.14952688,0.005345862,0.43719733,0.003284517,0.003452173,-0.003036305,-0.002732966,-5.32E-05,-6.75E-06,-0.000578271,-1.73E-06,-4.23E-05,-6.15E-06,2.34E-07,0.000520482,1.59E-06,-243.3507787,0.000106221,0.001684026,-6.15E-05,0.000194436,-0.000100494,0.00149649,0.997787935,0.972240978,0.894836154,1.968319116,0.974163649,0.88504979,1.456181815,0,0.877047843,0,1.063243055,277.1065288,62599470
156258,7.431621216,4.618173501,21.45472786,79.78690037,1.775979686,3.504557257,1.125897695,1.573748429,0.889242282,0.54280364,7.028421145,32.04297018,0.005614782,2.446417359,0.001461973,0.037553804,-0.002249106,-0.00122741,-6.00E-05,-1.80E-05,-0.000508551,-1.89E-06,-4.69E-05,-8.42E-06,3.34E-07,1.00E-84,5.27E-07,-15734.64468,0.000227554,0.001511251,-1.11E-05,0.000136474,0.000142057,0.001172832,1.161814458,0.92297619,1.127938729,1.203912356,0.98302704,1.326403556,0.959705245,0,0.914018001,0,0.94307866,275.7884389,63702705
156301,10.94533498,3.606632902,20.90407831,69.44014908,1.292377646,3.472148011,1.212052861,1.202287949,0.997973954,0.519364604,7.065938902,29.21662204,0.007642858,3.853113454,0.001365005,0.030742755,-0.006022811,-0.003555813,-8.04E-05,1.71E-05,-0.000529281,-2.72E-06,-5.98E-05,-7.55E-06,0.05491211,5.56E-46,1.911590687,-1.469025421,0.000244676,0.001667172,-6.02E-05,0.000147177,-0.000247913,0.001893821,0.914148377,1.134323595,0.98666315,1.007520992,1.001631298,1.158061527,1.22551252,0,0.383344509,0,0.946061431,277.1389339,63719862
158327,0.982669996,3.159489484,8.133001184,352.095611,1.980053702,3.06088088,0.658756627,0.444375664,0.392766887,0.374465399,7.917663206,37.97273872,-0.001093035,1.496353688,0.002930032,0.01676912,-0.004652385,-0.000520678,-5.11E-05,-2.72E-05,-0.000474173,-1.77E-06,-2.17E-05,-7.45E-06,0.040058437,2.94E-38,0.197670759,-1.068671023,0.000198508,0.001181471,-3.84E-05,0.000113709,4.32E-05,0.001108528,0.938564147,1.089008865,0.907984004,0.944912043,0.924021937,1.045207728,0.908563403,0,1.398446385,0,1.009417913,277.5453644,64528236
160187,8.721204391,4.678915769,34.84190983,92.46453082,1.813921496,3.258857971,1.508685919,1.462272473,1.223010568,0.412579574,8.855732173,34.85570862,0.001912026,2.958359381,0.001174223,0.016143779,-0.002415122,-0.001306445,-6.59E-05,3.40E-07,-0.000561198,-3.12E-06,-3.81E-05,-6.04E-06,0.029971991,3.18E-38,1.90E-12,-0.186083869,0.000261525,0.000812666,-6.06E-05,0.0001559,3.81E-05,0.000831037,0.967490272,1.096132167,1.045257349,0.736768905,1.444188326,1.417601567,1.130303635,0,1.012474291,0,1.077006337,277.0380461,65270376
160653,5.735084704,3.26907801,19.98706512,60.2451721,0.76621646,2.383142023,0.795618643,0.817010076,0.459743608,0.42241562,6.685881421,30.2668275,0.004774739,5.430684345,-0.000557554,0.019717193,-0.004123238,-0.002889278,-7.23E-05,-1.94E-05,-0.000514476,-2.38E-06,-3.35E-05,-6.77E-06,3.04E-07,0.628950607,2.16E-07,-1.334573604,0.000240717,0.001039507,-8.07E-05,4.09E-05,5.45E-05,0.001085067,0.945934203,1.119855571,1.142773528,1.784286829,1.251425072,0.819491817,1.197488344,0,0.79693866,0,0.918834889,281.1307232,65456310
161759,25.43704007,2.175836206,19.71939199,61.73195843,0.97391375,4.936194138,1.214643536,1.286897695,1.463656002,0.548644096,7.385885433,36.70645843,-0.001471883,1.508278235,0.00422343,0.015465033,-0.007891693,-0.004609651,-3.83E-05,-1.06E-05,-0.000532391,-2.65E-06,-3.01E-05,-8.14E-06,0.014535449,4.895556658,4.60E-16,-0.549776398,0.00022537,0.00067486,-9.53E-05,0.000176855,0.000245351,0.001393219,0.99156825,1.030489491,1.077998023,0.298877174,1.094903346,1.039960462,0.588409406,0,0.948157013,0,0.970040952,278.3037689,65897604
165872,2.686500547,5.56681645,17.44696223,47.18205542,1.078347399,2.792644364,1.203158724,1.607969805,0.626146913,0.31128255,6.705149396,38.34908996,-0.001464246,-1.741118347,0.006401777,0.004807287,-0.003885663,-0.004172791,-6.88E-05,-2.29E-05,-0.000584916,-2.60E-06,-6.27E-05,-6.05E-06,0.002342189,1.50E-17,0.000251785,-2.044380354,0.000245193,0.001552059,-3.57E-08,6.17E-05,-0.000413134,0.001114501,1.074870707,0.89847158,1.157043727,1.059070695,1.332707662,1.044994338,1.270631311,0,0.893074672,0,0.920394121,278.2092106,67538691
166219,5.365892175,3.157341473,3.76327977,64.20155481,0.745111671,2.105424342,0.229902609,0.992100342,0.518532497,0.287113112,6.758388954,38.26452537,-0.002629828,0.382065679,0.005805076,0.029878512,-0.004607366,-0.005125853,-2.46E-05,-3.26E-05,-0.000481271,-3.90E-06,-3.62E-05,-7.93E-06,7.28E-07,0.000358243,1.28E-06,-769.3878594,0.000227388,0.001317694,1.20E-07,0.000221189,-0.000159116,0.001556649,0.999404602,1.074932244,1.174840024,0.89968317,0.970793569,0.771736819,1.459853973,0,0.648675728,0,0.924196891,278.3124996,67677144
169373,5.775877444,4.025240801,10.98472982,103.3771249,1.742646071,3.286870423,0.517759354,1.159449967,1.174995786,0.669469323,8.834476364,37.5915542,-0.001600435,0.243363757,0.005090854,0.01542692,-0.007627464,-0.002538521,-8.77E-05,-1.79E-05,-0.000567054,-3.28E-06,-4.30E-05,-8.14E-06,0.009915138,0.069873479,5.36E-17,-0.843311652,0.00020058,0.001392889,-8.56E-05,0.000169028,0.000105236,0.000785203,0.997511175,1.031593301,1.096639492,1.701559202,0.714973759,1.129886657,1.210663724,0,1.285086483,0,1.075404081,277.8293438,68935590
170337,13.48067444,3.030286868,27.41787394,118.2170569,1.704486075,2.439262615,0.762535846,0.735550722,1.181716666,0.485803215,8.933114036,31.96484362,0.00555884,0.385220839,0.003111337,0.019179299,-0.004592274,-0.001831816,-8.97E-05,-3.64E-05,-0.000534933,-3.10E-06,-1.35E-05,-7.65E-06,0.005097271,0.202842524,0.01144495,-0.834649981,0.000264308,0.001210599,-0.000214636,-1.89E-05,-3.11E-06,0.002161969,1.167621337,1.065110092,1.150741167,0.397307662,1.411681359,0.876241583,0.59454038,0,2.216243212,0,1.082497289,277.5766732,69320226
172088,7.464572707,5.096986916,18.65134758,122.4752433,1.268048152,1.249689534,1.258093903,0.936569922,1.559457231,0.58775409,7.228145235,33.3614064,0.002993853,4.438105593,0.000194297,0.025978418,-0.004056208,-0.002147703,-8.85E-05,-1.52E-05,-0.000573203,-1.27E-06,-1.74E-05,-8.07E-06,0.020895131,0.952215734,1.72E-16,-0.636944868,0.000211864,0.001068047,-3.33E-05,4.71E-05,0.000155682,0.001263473,1.099902176,0.973003476,0.797138125,0.500939744,1.445310022,1.137648101,0.66572583,0,0.874780486,0,0.958127551,276.9314202,70018875
172591,4.544895588,5.614924213,18.85012524,54.35907845,1.478566483,2.64683125,1.620364425,1.445460404,0.592511643,0.647704918,9.246728622,34.06342602,-0.000437089,4.786594243,0.002845426,0.011305845,-0.002750751,-0.001143859,-3.79E-05,-1.59E-05,-0.000550307,-8.88E-07,-3.48E-05,-6.38E-06,0.006529044,0.111086799,0.025869352,-1.008133357,0.000215902,0.000804902,-0.000151469,0.000184003,0.000231715,0.00081574,0.983969865,1.036587631,0.884929698,1.761215194,0.731306224,1.373897942,1.305993989,0,1.741437032,0,1.10417207,276.9737205,70219572
172878,5.120270174,3.583134072,11.84199133,83.97167882,1.711835233,2.801761076,1.233505285,1.286829096,1.43301994,0.446699493,7.911957214,32.33649141,0.003489786,-0.130780615,0.004843417,0.013917295,0.000188366,-0.000580524,-5.40E-05,2.14E-05,-0.000554478,-1.06E-06,-3.20E-05,-7.39E-06,0.000431513,0.000110383,2.89E-27,-13.52656809,0.000247478,0.001420636,3.82E-05,-8.96E-06,1.05E-06,0.000106086,1.158646421,1.099326992,0.932250824,0.723266573,1.376920748,0.912471014,0.61288909,0,1.455040535,0,1.009089689,279.0724823,70334085
173983,15.16185489,4.08322401,13.47987598,152.959001,1.841815923,1.832620897,0.745065233,0.760128041,1.880060812,0.601803848,8.272675683,33.08092981,0.000983695,3.770939469,0.000902826,0.026584142,-0.002135477,-0.003776398,-6.14E-05,-2.63E-05,-0.000646557,-2.97E-06,-4.28E-05,-7.19E-06,4.62E-07,0.003466772,4.30E-08,-23.0644887,0.000231941,0.001015238,-5.66E-05,0.000138117,8.42E-06,0.000936411,1.035264726,1.064796343,1.20272934,1.841351747,0.722776796,0.850732104,0.892274522,0,0.241424121,0,1.03431228,282.1327887,70774980
174160,5.242798897,4.039627821,12.80411626,29.26593948,0.944437201,6.94869249,1.2300705,1.856553243,0.956235134,0.475606082,8.008145049,35.74390316,0.002292089,1.404301597,0.00295571,0.03977302,-0.005635588,-0.002667536,-6.68E-05,-4.05E-05,-0.00050362,9.83E-08,-3.73E-05,-6.43E-06,0.004895592,2.06E-15,0.162561844,-2.311473766,0.000193429,0.001113535,-2.72E-05,0.000168559,-0.000150041,0.001374415,1.050093801,1.013207433,1.081369845,0.815762582,0.349576513,1.022323787,0.86697676,0,1.026283252,0,1.015594212,273.7954225,70845603
174786,11.02893852,5.223941408,12.53779476,87.65217404,1.153284252,2.870271463,1.135324149,1.483679125,1.050842276,0.636270685,7.767400435,30.22665888,0.007430507,2.594431747,0.001126978,0.019646502,-0.007639057,-0.003030298,-4.66E-05,-1.93E-05,-0.000520225,-3.51E-06,-3.13E-05,-6.01E-06,0.032045268,5.21E-36,2.61E-14,-0.23747847,0.000238016,0.001496548,-1.34E-05,0.000112956,9.80E-05,0.001414617,0.861187555,1.000847261,0.873311028,0.204663923,1.567361958,1.063868201,0.308486448,0,-0.408512048,0,0.998720407,275.7186816,71095377
175252,11.5749091,4.306239605,9.280386105,150.0901216,1.150705096,3.448090538,1.118454075,1.048315864,1.476683934,0.650802217,8.46793309,29.18256659,0.008781945,1.852673078,0.002185019,0.014603395,-0.005552284,-0.002694712,-4.21E-05,1.84E-05,-0.000556105,-2.50E-06,-3.35E-05,-5.90E-06,6.59E-07,1.67E-05,9.60E-06,-3289.852706,0.000192933,0.000977819,-2.31E-05,0.000166092,-0.000360938,0.001684342,1.040855668,0.942624873,1.140820361,1.84628903,0.748275473,0.993680145,0.831530201,0,0.954355455,0,1.049364454,274.8140023,71281311
177019,5.931922042,5.216892176,13.44173033,110.4516196,1.207933953,2.126899527,0.84841102,1.504991617,0.767384027,0.472686137,8.588749553,36.44205907,-0.000268767,2.037536604,0.00244651,0.027020634,-0.002819364,-0.001465395,-9.41E-05,-2.60E-05,-0.000535608,-1.59E-06,-4.69E-05,-7.39E-06,0.027714311,3.33E-28,0.016914051,-0.74125908,0.000209408,0.001257549,-0.000162784,0.000134282,0.000136894,0.0008824,1.030298346,1.102936432,0.8483105,1.180888855,0.994620876,0.891720114,1.086765202,0,1.065054655,0,1.05761819,279.0536271,71986344
177024,3.509469825,5.521722101,20.70000912,97.35183239,1.056131761,1.076252255,1.126632471,1.383866291,0.298018965,0.473984179,8.879193265,30.50290478,0.005070224,4.815469406,-0.000770747,0.022662656,-0.003055612,-0.003354388,-5.87E-05,6.26E-06,-0.000571325,-1.30E-06,-4.79E-05,-8.10E-06,2.45E-07,2.17E-92,2.99E-06,-17424.62295,0.000246284,0.000659842,1.36E-05,0.000182635,0.000194053,0.001670933,0.967242909,1.028168614,1.295748095,0.343959372,1.232572284,1.009564603,0.886491239,0,0.656794279,0,1.078802506,279.6313806,71988339
179466,5.119491313,3.499338704,10.80896408,116.0405778,1.617759933,3.329118616,0.921445242,1.117308299,0.333624343,0.394972179,7.664721903,30.1773405,0.005182554,4.87070062,-0.000643639,0.018765826,-0.00193216,-0.002478544,-4.59E-05,-1.70E-05,-0.000531764,-1.27E-06,-2.69E-05,-7.97E-06,0.005569141,1.02E-13,0.001348191,-1.977857193,0.000289683,0.001546749,-8.88E-05,0.000130393,0.000303947,0.001904128,1.104300739,1.071051284,0.96595368,1.81454732,1.04179093,1.184267121,0.872073792,0,0.566340157,0,0.990845739,280.3187073,72962697
179717,14.50720191,3.607910298,23.83084694,95.24536142,1.369675545,1.843159454,0.940512164,1.022175976,1.500312418,0.60527394,8.616659315,33.31739187,0.002585495,5.591075621,0.000658627,0.023594322,-0.005845247,-0.003690026,-5.14E-05,-6.97E-07,-0.000559991,-2.57E-06,-5.04E-05,-6.09E-06,3.10E-07,1.18E-06,4.26E-06,-11190.47227,0.000160787,0.001490798,-8.01E-05,0.000151878,0.000121209,0.001744666,1.080638721,1.061198259,1.162875146,0.551025993,0.695742261,0.939126177,0.765792085,0,1.91425822,0,1.059704398,276.474899,73062846
183442,9.135917355,3.792997468,19.53110639,89.7670883,1.389465772,2.032850434,1.532987236,1.470192809,1.074239255,0.622204148,8.048315479,37.18083593,-0.002475435,3.180893658,0.003111213,0.018680044,-0.001428391,-0.00168809,-8.12E-05,-1.59E-06,-0.000525104,-1.25E-06,-1.89E-06,-6.87E-06,0.006812467,1.85E-12,0.015355291,-1.515398549,0.000229182,0.000948465,-7.21E-06,9.85E-05,0.000246962,8.95E-06,1.075742111,1.027928035,0.857005224,0.7803994,0.859006972,0.815278829,1.297563967,0,1.553943659,0,1.018437085,278.1327296,74549121
183951,3.410546373,5.154333835,22.53372912,78.99012768,1.214845807,2.78279362,1.617092155,1.57865435,0.650226759,0.594149687,7.914930994,34.70371545,0.001106412,1.188319575,0.003228203,0.045180447,-0.003151351,2.54E-05,-6.29E-05,-2.33E-05,-0.000484991,-1.70E-06,-4.43E-05,-6.44E-06,0.011159926,3.607784453,4.80E-17,-0.222545924,0.000126748,0.001083513,-0.000269635,8.37E-05,2.57E-05,0.001005789,1.018264239,0.829561833,1.024539117,2.116270841,1.241804716,1.04724313,0.852890123,0,0.501796944,0,1.009233168,280.2361167,74752212
183987,11.08357995,3.846254046,22.37043452,48.28854088,1.446013456,2.301410386,1.032618366,1.069921895,1.264681229,0.392119408,6.838273479,31.17705974,0.003832095,3.697544665,0.000725582,0.017426055,-0.006436414,-0.001301409,-4.01E-05,-3.47E-06,-0.000549925,-2.13E-06,-3.92E-05,-7.60E-06,0.003214765,1.94E-17,0.006652325,-1.376257909,0.000222347,0.001602305,-4.74E-05,4.40E-05,4.52E-05,0.001237423,1.111612827,1.145076283,0.978434188,2.135826252,1.09702673,0.797357589,1.092029081,0,0.152831797,0,0.929762882,280.0435335,74766576
184944,0.821876155,4.907552825,16.9608025,48.17696036,0.710394355,2.909885481,0.885066834,1.188687317,0.276058724,0.465862255,8.736073022,36.34874399,-0.000825927,0.708289157,0.004311458,0.013517026,-0.003900916,-0.004428108,-7.22E-05,-3.69E-06,-0.000471135,-1.34E-06,-4.13E-05,-7.78E-06,2.15E-06,0.001166023,8.53E-07,-216.4376022,0.000301314,0.001083062,2.19E-05,0.00011052,-0.000199314,0.001726664,0.915914519,0.960796592,1.076796732,1.3073984,0.991010344,1.203223482,0.94854091,0,-0.274682965,0,1.06823134,280.6125796,75148419
185599,1.668575858,4.672346211,14.96602673,109.4584446,1.153154851,1.618815824,0.771011234,1.709900219,0.241412859,0.408577477,7.678495429,29.24213653,0.004807732,4.856613636,0.000385941,0.018369413,-0.007223541,-0.004588646,-7.21E-05,-1.95E-05,-0.000564988,-3.18E-06,-4.07E-05,-5.84E-06,0.002448298,1.89E-16,0.04275125,-1.412150319,0.000217097,0.001094272,-5.75E-05,0.00011173,-0.000215495,0.001139341,1.015881633,0.860576863,0.917519755,1.339845742,0.815709407,0.838650977,1.54089824,0,2.010226467,0,0.992024659,280.6499012,75409764
185971,8.568780446,3.209392624,12.61967193,71.5533124,1.218358149,2.893192451,1.147691252,1.17550081,0.664415135,0.307157189,7.762854983,32.85046113,0.003289663,3.709502061,0.001455291,0.02654543,-0.004049718,-0.002619846,-4.10E-05,-2.89E-05,-0.000598602,-3.04E-07,-3.61E-05,-6.94E-06,0.009168666,4.139308611,2.87E-11,-0.743685748,0.00029142,0.00125865,-6.03E-05,-3.82E-06,0.000152311,0.0018838,1.016169399,0.990322738,0.977369717,0.131000127,1.640165263,1.161597028,0.574407604,0,1.485693477,0,0.99844329,276.3400023,75558192
186701,10.54848742,4.064950895,11.25041536,70.70361852,1.622880632,4.043509995,0.989273205,1.364388002,1.03012111,0.459194926,8.656408868,34.02840379,0.003015304,-0.344493168,0.004290152,0.021727685,-0.00472286,-0.001082712,-6.93E-05,-7.43E-06,-0.000530843,-2.44E-06,-3.16E-05,-7.23E-06,4.35E-07,2.57E-07,7.72E-07,-13929.8166,0.00016997,0.001258079,-8.95E-06,0.00014973,7.53E-05,0.001366299,1.044870317,0.982696475,1.042221143,1.266463717,0.916077857,0.983885792,0.701460591,0,1.556135211,0,1.062535133,278.1708152,75849462
187426,3.013318201,3.298868107,21.20784197,68.39564198,0.924301883,1.92602352,0.916267064,1.119992214,0.478034402,0.425203577,6.94615878,29.33559369,0.005928708,2.290368746,0.002202923,0.019116352,-0.004175419,-0.004126483,-4.80E-05,-2.97E-05,-0.00049373,-3.41E-06,-3.20E-05,-9.19E-06,0.016475135,167.8236339,6.37E-11,-0.834355903,0.000206642,0.001355513,2.42E-05,4.55E-05,0.000179037,0.001772272,1.036379294,0.874606516,1.127228859,1.764672142,0.686840331,0.932894775,0.756998915,0,0.438784813,0,0.93755818,280.3067449,76138737
189040,16.39784782,2.27603044,15.73243462,167.4643687,2.107114398,4.776825309,0.962010463,1.495204581,1.844068171,0.557165083,10.12625732,31.12182254,0.005501186,2.840399836,0.001366619,0.023401424,-0.004543827,-0.002862835,-6.36E-05,-3.16E-05,-0.000570964,-2.32E-06,-1.52E-05,-8.36E-06,0.045421709,0.307424071,1.67E-16,-0.203661312,0.000289386,0.001406097,-0.000139842,-5.19E-05,-8.48E-05,0.001795301,0.922005817,1.119645431,1.13877655,0.442628036,0.854430625,1.061348328,1.231062285,0,1.507639724,0,1.169268958,278.391116,76782723
189944,10.67193565,5.199567294,18.9044376,162.229488,1.987058096,3.005048289,1.658917488,1.030824447,1.056178216,0.838895555,10.01393335,32.01422534,0.004241357,5.637760178,-0.000405748,0.003564932,-0.004443215,-0.003746501,-6.28E-05,3.75E-07,-0.000569703,-1.76E-06,-9.49E-06,-6.39E-06,0.194752885,9.06E-40,0.133402022,-0.365016079,0.000246175,0.000856158,-9.52E-05,0.000140537,-0.000139533,0.002468775,1.069798923,0.871807458,0.885433184,1.733310934,0.53013908,0.892579077,0.836846898,0,1.898966944,0,1.161597983,276.2491522,77143419
193143,5.546441455,5.148104184,16.62802863,118.5917179,1.113515077,2.460987652,1.206372187,1.029557983,0.813700806,0.667776041,8.43594672,33.12371739,0.002718992,1.429289291,0.003309104,0.01382989,-0.003866311,-0.003511393,-7.54E-05,-1.93E-05,-0.000534634,-1.53E-06,-3.31E-05,-7.51E-06,0.001230226,0.269582707,6.03E-29,-1.057060923,0.000224897,0.001461813,-1.69E-05,8.47E-05,-0.000535219,0.000630274,0.926031643,1.059542821,0.865953719,0.824527565,0.817353035,1.353308025,0.620729184,0,2.507791518,0,1.04711736,279.6173132,78419820
194618,24.16422474,3.305285902,19.47936309,103.6871741,1.582923158,3.3193984,0.973206531,1.022788887,2.536588347,0.533714407,7.069636809,27.98927292,0.010059212,1.38743099,-0.000215138,0.030233136,-0.003497075,-0.002072494,-7.04E-05,-1.64E-05,-0.000572282,-1.43E-06,-6.50E-05,-7.19E-06,0.00810799,0.117108686,0.000269146,-1.072019114,0.000188226,0.000814344,-4.65E-05,6.55E-05,-0.000180364,0.001740253,1.11304976,1.065960132,0.946107229,0.786937635,1.102392273,1.017586136,0.896064772,0,3.29947624,0,0.946288297,279.9812106,79008345
194883,2.4205272,4.852700121,12.23558968,68.57766217,1.295191589,2.805933178,1.09282954,1.266671734,0.795686879,0.533310813,7.887789848,34.99620827,0.002600835,1.797259845,0.002658573,0.020508767,-0.004209552,-0.001554501,-5.49E-05,8.45E-06,-0.000551348,-1.89E-06,-2.28E-05,-6.47E-06,0.00512361,3.17E-13,1.814391231,-1.96140577,0.000243337,0.001738823,-0.000170203,3.46E-05,8.63E-06,0.001382897,1.137491595,0.982040584,1.045782567,0.287382969,0.756392205,1.069209824,0.773436898,0,1.022179856,0,1.007400619,276.0325322,79114080
196118,6.32596631,5.058109986,7.810133574,83.4895612,1.611086974,2.338625939,0.885531771,1.204879539,0.803702203,0.371431347,7.26436524,31.51291925,0.004440945,1.877192128,0.003192122,0.020066184,-0.001407408,-0.004156349,-4.53E-05,-1.45E-05,-0.000494297,-2.22E-06,-5.14E-05,-7.18E-06,0.003033871,0.000355192,1.31E-10,-0.877272471,0.000185304,0.001807665,-8.38E-05,4.86E-05,9.67E-05,0.001008569,0.85196092,0.994191674,1.042996402,-0.040928332,0.985858821,0.92877414,1.346640088,0,1.778870831,0,0.960756624,277.1948118,79606845
199126,8.328932799,3.718419072,17.98700775,112.569189,1.070529739,1.523804232,0.838136256,1.039073919,1.22554942,0.506850964,6.688286485,35.34448651,0.002978678,-0.96611927,0.003318047,0.008875363,-0.003012836,-0.001637012,-3.75E-05,-6.01E-06,-0.000488043,-2.91E-06,-1.41E-05,-6.91E-06,0.049259909,1.13E-46,0.874475586,-1.414944911,0.000236352,0.000975495,-3.81E-05,0.00016829,0.000358359,0.000699072,1.17359843,1.044822534,1.08409002,0.896564812,1.475649155,0.867919317,1.153353518,0,2.439374975,0,0.919024236,278.0413706,80807037
200250,11.41372887,5.868552975,34.61712353,48.88310306,1.386711705,1.567675431,1.878193944,1.447017566,1.405110306,0.515879722,7.446084565,33.43393055,0.006449,0.327508529,0.000704573,0.022811812,-0.002415185,-0.002386113,-4.20E-05,-2.26E-06,-0.000577365,-2.54E-06,-4.25E-05,-7.92E-06,0.010936498,1.69184329,5.04E-16,-0.459396262,0.00012142,0.001463055,-1.54E-05,0.000102395,-0.000196034,0.000884819,0.685700625,1.129053668,1.167646752,-0.100610569,1.008846985,0.850038454,1.204135323,0,0.918008979,0,0.97503157,276.3685665,81255513
201727,5.896140411,4.890438641,33.94413422,112.3352771,1.593031451,2.100888415,1.231417528,1.142248801,1.016103616,0.589872215,5.936361279,34.97876617,0.001754193,2.636840408,0.00136127,0.019937927,-0.004465661,-0.00121847,-5.16E-05,-2.12E-05,-0.00053371,-1.78E-06,-3.83E-05,-7.37E-06,9.02E-07,5.88E-07,1.58E-06,-2815.384258,0.000242023,0.000825598,-0.000156451,8.79E-05,0.000135096,0.001719997,0.954824989,1.008653681,1.192407748,1.540987918,1.050324313,1.050979631,0.486129858,0,1.559485492,0,0.86659641,277.9690472,81844836
203740,6.289060247,4.007330279,8.907014717,143.3657916,1.432946828,1.928925367,1.029097372,1.326623157,0.642070378,0.506667821,8.102815672,36.62933539,-0.000691364,2.651260883,0.002712663,0.023558284,-0.00418966,-0.001224108,-6.90E-05,-2.34E-05,-0.000519813,-2.10E-06,-1.31E-05,-7.06E-06,0.019164539,7.82E-05,2.27E-15,-0.592301817,0.000178842,0.001097426,-8.79E-05,0.000169802,0.000228941,-5.87E-06,0.870697336,0.952091024,0.848162052,0.427542201,1.423643515,0.917771092,1.266438293,0,1.362756238,0,1.022186173,276.923174,82648023
205601,4.698971627,5.009881384,23.79887658,120.2311453,1.321122887,0.848846948,0.825749411,1.292659814,0.658438151,0.423343787,7.806370225,32.68446283,0.005519267,1.457939667,0.002903792,0.018771752,-0.004816961,-0.004233768,-6.46E-05,-4.13E-06,-0.000539086,-1.97E-06,-4.71E-05,-7.93E-06,0.005356046,9.525722897,3.66E-17,-0.754642026,0.000290937,0.000776028,-0.000108048,2.98E-05,-0.00017141,0.001180395,1.205934988,1.006280574,0.881603716,-0.103503603,1.206988027,1.161473653,0.861764923,0,0.267944288,0,1.001262892,275.4881816,83390562
206094,10.94343282,5.159297685,30.82682672,66.24875742,1.859340104,2.132738766,1.742698903,1.386371066,1.346223033,0.576379125,9.345576593,31.77694431,0.008470532,2.202033883,-0.00124781,0.030853123,-0.004065389,-0.004217808,-5.48E-05,-9.68E-06,-0.000527983,-1.43E-06,-3.23E-05,-7.24E-06,0.002765587,1.17E-21,0.126104786,-1.769267375,0.000272181,0.001200237,-9.65E-05,7.50E-05,3.99E-05,0.000620635,1.19021868,0.967424218,0.973443721,0.900476665,1.026436744,1.210521019,1.198573244,0,2.133554696,0,1.111651577,276.0318159,83587269
208699,11.19771162,3.736297398,19.90523493,84.90350273,1.281350762,3.940745948,1.105561176,1.333440653,0.848611719,0.327046967,8.040963226,34.47949489,0.000659998,3.125644884,0.002313923,0.022180077,-0.001936677,-0.002793141,-6.58E-05,-1.32E-05,-0.000546201,-2.30E-06,-3.81E-05,-6.08E-06,0.000524929,3.78E-08,1.86E-26,-10.31545731,0.000207137,0.001493315,-5.99E-05,3.49E-05,2.60E-05,0.0006556,0.99364157,0.849408379,0.801770845,1.406717078,1.107669711,0.986860332,0.997270256,0,1.676718818,0,1.01788048,278.3604573,84626664
210728,5.385465479,4.709942041,29.00798287,100.4530444,1.194739108,1.040016109,0.856384919,0.818044249,0.689122171,0.353837961,6.182311647,38.32586389,-0.002133362,1.018193743,0.004242269,0.018282016,-0.002457728,-0.001037,-4.88E-05,-6.36E-05,-0.000593719,-1.60E-06,-2.24E-05,-7.60E-06,0.016241796,12.62033817,8.03E-17,-0.93908639,0.000276542,0.001478394,-5.56E-05,0.000176883,0.000101079,0.001962047,1.003058092,1.000113047,0.966356707,0.822747911,1.152122713,1.103958186,0.67831462,0,1.830052158,0,0.884305803,277.0660631,85436235
211555,2.149629829,3.362460426,17.04799817,160.9782321,1.200594511,2.458676928,0.816151247,0.839141163,0.28896666,0.425617332,7.754848544,34.15771034,0.001543244,3.453071432,0.002049929,0.01416004,-0.005808056,-0.003141618,-9.43E-05,-1.13E-05,-0.000537951,-1.15E-06,-6.40E-06,-7.42E-06,0.110536995,3.10E-42,3.780346773,-1.526052634,0.000255667,0.001141545,-2.56E-05,-2.11E-05,0.000145394,0.000705198,1.06512687,1.083219742,1.10643741,1.475754468,0.681943885,1.010312906,0.927571602,0,0.472402108,0,0.99788258,279.1425306,85766208
212539,8.59415024,3.87273757,5.511246246,135.066441,1.565268056,3.676670835,0.761904574,1.209266385,1.521307958,0.474225785,8.188778176,36.81596459,-0.000189069,3.611466952,0.002007719,0.039699767,-0.00457734,-0.001910575,-8.11E-05,-2.67E-05,-0.000556313,-1.35E-06,-3.59E-05,-7.02E-06,8.33E-07,0.000239324,8.20E-07,-427.2131938,0.000185066,0.000563286,-1.77E-05,-2.85E-05,-6.70E-05,0.001524517,1.001128352,0.949454752,1.162308071,1.461469599,1.184272903,1.235548629,0.869792622,0,0.2452181,0,1.028356626,274.2849356,86158824
212994,12.49961482,3.747141152,11.86676559,106.9779683,1.242551072,2.413009214,0.733098344,1.111526739,1.818701933,0.48973949,7.343711199,33.83249805,0.005389351,1.448936976,-0.000779299,0.015490695,-0.002204717,-0.003206402,-9.06E-05,-1.58E-05,-0.000555572,-1.37E-06,-4.83E-05,-6.22E-06,1.38E-07,1.80E-08,5.30E-07,-31987.00809,0.000206792,0.001066545,2.01E-05,0.000178014,1.85E-05,0.000420541,0.996964356,0.979514351,1.089140566,0.630215114,0.845160388,1.188075882,0.896017191,0,0.124850231,0,0.966457017,277.9403337,86340369
213236,4.012760168,5.179835826,12.88857679,68.73016382,0.848133306,4.052393806,1.357737076,1.82679076,0.507815857,0.482738496,7.84893288,34.15613074,0.002556571,2.726571926,0.001916709,0.027972728,-0.005253421,-0.003411615,-5.90E-05,-2.47E-05,-0.000575816,-2.27E-06,-3.47E-05,-7.93E-06,0.071497811,3.89E-39,0.288994962,-0.681030514,0.000257656,0.000946407,-6.88E-05,0.000130685,-6.11E-05,0.000805449,1.027295342,1.012161717,1.022585085,0.57425427,0.689203322,1.041109042,0.941162854,0,0.560053603,0,1.004336541,276.5856302,86436927
215649,8.319121103,4.992067527,19.55977725,54.53183407,1.156934784,2.208069713,1.627203337,1.47526631,1.147655209,0.500601251,7.03103213,36.19751228,0.000446392,-2.457569487,0.006746263,-0.001221078,-0.001869811,-0.003993204,-7.34E-05,-2.28E-06,-0.000536907,-2.64E-06,-1.66E-05,-7.85E-06,0.010185895,0.250887418,1.76E-18,-0.935559103,0.000222715,0.001600747,-3.77E-05,0.000152015,-5.47E-05,0.00215841,1.186653466,1.021170349,1.123357519,0.267380388,0.460826578,1.050044813,0.920188302,0,1.133564342,0,0.943251989,279.1569295,87399714
218211,1.342343601,4.034670989,13.5325471,71.55222438,1.412529965,2.141660119,0.90688874,1.225041321,0.570213901,0.332227204,6.475064741,36.6703349,-0.001921291,0.31899986,0.005422546,-0.000746991,-0.001396101,-0.000977289,-9.25E-05,-2.22E-05,-0.0006077,-2.63E-06,-2.21E-05,-7.84E-06,0.012088502,7.20E-38,6.14E-13,-1.010029424,0.000182525,0.00125185,2.42E-05,-2.52E-05,-0.000182004,0.001437114,1.075636906,1.127258815,0.925615531,0.426981614,1.418392237,0.932822059,0.968213203,0,1.632317454,0,0.903386451,280.2948543,88421952
218658,1.440797647,5.933038762,26.54421961,56.11742684,1.007845433,2.084612149,1.54302659,1.410135192,0.723986644,0.406210069,6.970481245,31.54105567,0.007684346,3.213092812,-0.001029125,-0.003159252,-0.006630144,-0.004405537,-5.35E-05,-3.66E-05,-0.000556582,-2.72E-06,-3.22E-05,-8.64E-06,0.005192945,28.11007376,3.05E-18,-0.88261652,0.000246643,0.001637252,-6.79E-05,2.76E-05,0.000110623,0.00219433,1.187485741,0.972221994,1.047969873,0.052252116,1.368241846,1.051480905,0.352581651,0,1.395654014,0,0.939268027,277.0126658,88600305
220015,5.653482983,3.739532467,12.30150156,100.3531521,0.875579968,3.615830006,1.147249118,1.393238851,0.635371276,0.549580441,7.323075443,39.11880866,-0.002984347,0.35500767,0.005169013,0.008303091,-0.005999328,-0.001375074,-5.65E-05,-3.12E-05,-0.000540137,-2.80E-06,-5.59E-05,-5.83E-06,0.006185993,0.817103779,2.11E-16,-1.215254844,0.000193595,0.001432686,-9.82E-06,9.45E-05,9.64E-05,0.00118051,1.094207294,0.860997833,1.071413971,0.207270147,0.589435066,1.216883664,1.338691982,0,0.578021115,0,0.965185771,276.8200312,89141748
220757,13.66475757,3.767916863,14.19369033,71.61861593,1.228292511,3.698217982,1.140457122,1.412845638,1.613532928,0.472813949,8.667780631,33.95616625,0.001828029,4.428521309,0.001474222,0.009638181,-0.004591576,-0.003100147,-6.51E-05,-8.98E-06,-0.000524653,-2.26E-06,-2.27E-05,-6.96E-06,0.042291726,2.30E-43,0.989528924,-1.389741134,0.0002224,0.001028223,-1.18E-05,0.000221799,-0.0001841,0.001623741,1.120845372,0.92325257,1.031758686,1.397290953,1.032660564,1.157489581,1.111540352,0,0.551925037,0,1.063360204,277.4097361,89437806
222417,5.604186022,3.490263956,13.54716606,74.10421044,0.885242442,3.031573101,0.573442225,1.278686507,0.707310395,0.437789553,6.263012182,31.39567436,0.007955744,1.577668721,-0.000758981,0.018601824,-0.001294265,-0.000497627,-4.51E-05,3.65E-06,-0.00059666,-1.83E-06,-3.66E-05,-7.76E-06,0.00058656,0.007924287,7.60E-28,-12.70599116,0.000258206,0.000644146,-3.72E-05,0.000214427,0.000474968,0.001631173,1.173286732,0.924204382,0.938146025,1.301048402,1.191958478,0.889117597,0.701310291,0,0.480870074,0,0.889670019,277.5009983,90100146
223206,4.78127387,4.06723099,12.75872766,92.29646841,1.101917308,3.364429533,1.230768951,1.330257906,0.581458642,0.27063353,7.062493193,34.27074539,0.002136194,0.247201925,0.004607228,0.028894268,-0.002722318,-0.004901395,-7.05E-05,-2.02E-05,-0.000542212,-1.90E-06,-3.42E-05,-7.43E-06,0.009137181,1728.894143,2.07E-10,-0.848557493,0.000242865,0.001982085,5.54E-05,0.000124528,0.000305297,0.000885785,1.109289684,0.935295636,1.073947848,0.104100241,1.072393099,0.973834192,1.509720768,0,1.091681599,0,0.945734973,277.1262845,90414957
226513,6.372135795,1.869554235,20.33032203,190.7170576,1.065254062,3.198950677,0.516658323,0.789697637,0.96837159,0.339788328,9.099093956,30.8187439,0.00564702,6.029969517,-0.001215995,0.025998787,-0.007471583,-0.001001636,-9.05E-05,-2.05E-06,-0.000484068,-1.13E-06,-2.57E-05,-6.13E-06,1.21E-06,1.64E-92,4.26E-06,-7091.535945,0.000196478,0.001295747,-8.68E-05,0.000241421,0.000156728,0.000967136,0.783021498,0.980852682,0.929083377,0.529082616,1.034188669,0.829892777,0.622372791,0,0.704815544,0,1.094310589,276.9939791,91734450
230476,4.067092289,5.124955493,34.09015151,36.81453955,1.446144186,1.602898555,1.621809071,1.174751821,0.686367896,0.737500748,8.585222951,32.34140024,0.005536702,3.328444124,0.00016421,0.008992272,-0.003085757,-0.001879238,-7.65E-05,-1.26E-05,-0.00056901,-1.82E-06,-2.75E-05,-7.44E-06,6.48E-07,4.35E-91,0.00031704,-326.4123962,0.000249629,0.001742827,6.39E-05,0.000222303,7.83E-05,0.000967759,1.182197285,0.876864515,1.042275935,1.260584809,0.706209485,0.996985165,1.000964656,0,1.932754306,0,1.057389234,277.788002,93315687
232487,12.6903309,3.935755901,30.41710813,88.04054078,1.384714024,1.560865361,1.051081212,0.637551673,0.991348197,0.552696348,6.949173386,33.37007221,0.00368293,3.799322105,0.0005308,0.016233833,-0.003786199,-0.005135669,-6.06E-05,-1.19E-05,-0.000533225,-1.10E-06,-3.30E-05,-6.88E-06,1.26E-07,1.87E-08,1.08E-05,-3388.812159,0.000248418,0.000973955,-5.56E-07,5.40E-06,0.000273829,0.000276053,1.291824648,0.982434716,1.031075771,0.539823182,0.253947907,0.924829822,1.458244861,0,1.730756622,0,0.937810711,275.9242495,94118076
236084,3.051613112,5.072714812,9.046130427,33.68051531,1.144078926,3.009618004,0.586579272,1.755477159,0.451757516,0.27996165,6.53360381,30.21059114,0.00941831,1.438281936,-0.000604625,0.028057791,-0.005238172,0.001116898,-7.33E-05,5.20E-06,-0.000562989,-2.83E-06,-6.56E-05,-5.57E-06,9.49E-07,1.02E-88,4.00E-06,-7951.028327,0.000208514,0.001090231,-0.000112415,8.42E-05,7.18E-05,-0.000148789,1.045202639,1.095358276,1.009354191,0.860315414,1.085337992,0.909211728,1.139124603,0,1.746316503,0,0.908000892,277.477063,95553279
239922,16.33229714,2.046297439,21.27765757,54.38110699,1.351904615,4.870420558,1.248871765,1.289192814,1.270766678,0.525635168,7.834896703,31.3795461,0.008662482,0.649445181,-0.000789626,0.014442953,-0.000262527,-0.001885658,-6.23E-05,-1.82E-05,-0.000582177,-1.19E-06,-4.21E-06,-5.58E-06,0.003530153,3.18E-13,0.005694912,-2.383310972,0.000235956,0.000934229,-0.00012799,7.71E-06,-0.000104413,0.002721218,1.061961066,1.185918586,1.035822384,1.356220045,1.109532471,1.190188422,0.478541998,0,0.307510934,0,1.00329536,277.9963042,97084641
239979,3.40641228,5.284204277,11.85805064,106.7695937,1.382260447,2.345427293,1.280453135,1.444671832,0.894889684,0.422297296,7.337652237,27.21755722,0.008033626,3.023056526,0.000341808,0.026362006,-0.001233545,-0.001093437,-4.75E-05,-1.65E-05,-0.000545676,-2.95E-06,-3.44E-05,-6.94E-06,0.020232124,8.90E-35,1.81E-13,-0.699986815,0.000195696,0.000853673,-0.000108761,0.000201605,-0.000280252,0.001067425,1.231815473,0.936469014,0.885774764,1.158553356,0.654279461,0.928053001,1.260485606,0,0.450797264,0,0.966006369,282.2143644,97107384
240663,10.89672199,4.745463142,12.24162,39.53189846,0.906355548,2.773795921,0.892798797,1.352936573,1.043791727,0.399632889,8.460505548,38.45473733,-0.001721476,1.272487688,0.003128956,0.020880237,-0.005754191,-0.002826593,-7.78E-05,-2.13E-05,-0.00057036,-6.39E-07,-1.72E-05,-7.62E-06,0.021127859,4448913.422,1.25E-16,-1.281437793,0.00024261,0.00161213,-5.25E-05,0.000261934,0.000171303,0.000916324,0.877246588,1.111145164,1.026967113,0.18192718,0.866113818,1.272670007,1.036124508,0,0.628798438,0,1.048729706,278.0048738,97380300
242412,4.953621534,4.638015796,5.513738372,87.00336855,0.863998341,2.746585978,0.763823962,1.323119248,0.535892644,0.491064539,7.62327947,37.79123414,-0.000644459,-1.371343446,0.005078641,0.009003534,-0.002325053,-0.001656017,-5.92E-05,-2.53E-05,-0.000555699,-7.22E-07,-4.11E-05,-5.97E-06,1.93E-07,3.29E-06,4.97E-07,-24459.87937,0.000227615,0.001255564,-4.57E-05,7.35E-05,-0.000120488,0.001350023,0.926704974,0.963695919,1.260542164,1.184769752,1.774795663,0.959597675,0.845903824,0,0.92857125,0,0.987685762,279.0715558,98078151
244457,10.01168293,5.1062166,13.33662915,102.8681466,1.451419972,4.864224187,1.386850758,1.680658213,1.034726734,0.425834668,7.555150556,33.30257936,0.005548134,2.852416207,-0.002051477,0.03673377,-0.007601801,-0.002684791,-7.32E-05,-3.54E-05,-0.000538363,-2.78E-06,-2.58E-05,-6.97E-06,5.86E-07,2.98E-92,9.45E-05,-554.793164,0.000223344,0.001998276,-0.000117476,1.85E-05,-6.17E-05,0.000789655,1.002987615,0.807179147,1.116181424,0.511249785,0.473729827,1.070110408,0.790872946,0,2.741469754,0,0.982697278,280.2991929,98894106
245668,7.013317069,4.608478128,27.8250617,82.57177727,1.608099586,3.574014165,1.818306639,1.151892475,1.445898855,0.581801028,7.688055063,38.30416589,-0.000988069,-2.165368385,0.005165609,0.026897038,-0.005186562,0.000382586,-5.39E-05,-2.74E-05,-0.000577804,-1.24E-06,-4.73E-06,-8.38E-06,1.09E-06,4.82E-05,2.34E-06,-2132.570763,0.000256169,0.001881717,-0.000146168,0.000196108,-3.49E-05,0.001036794,0.766150917,1.037680127,1.075566941,0.593058227,1.006595671,0.920899165,1.254242165,0,0.758129696,0,0.992761436,278.4750431,99377295
246494,4.023557113,4.23708734,16.74303826,71.86685573,1.851132564,1.909357914,0.755015831,1.541974917,0.418658197,0.243740596,6.694849455,30.90918926,0.004471632,5.839671802,-0.000203897,0.03008132,-0.002885617,-0.001142111,-7.22E-05,-3.02E-05,-0.000538091,-2.13E-06,-3.28E-05,-6.43E-06,0.001745123,2.80E-15,0.000931575,-4.937819859,0.000207678,0.00107055,-6.57E-05,3.08E-05,9.70E-05,0.001610065,1.043307337,0.943632415,1.001746165,1.463061952,0.87916987,0.972635481,0.829410618,0,0.108146445,0,0.919710716,279.5228553,99706869
249580,7.726530303,3.462593321,12.026014,104.513616,0.931812573,3.150752078,0.666745696,0.866941113,0.815778692,0.395395775,6.58779763,39.18922123,-0.003864239,-1.529661716,0.006264925,0.013849965,-0.00546845,-0.001600783,-4.61E-05,2.79E-05,-0.000541017,-2.50E-06,-3.59E-05,-7.07E-06,1.22E-07,2.06E-06,9.97E-08,-40971.88331,0.000230877,0.001761688,-0.000179038,8.18E-05,2.78E-05,0.001196084,1.236387479,0.974877694,0.890467137,-0.011478475,0.761980855,0.815602499,0.921384622,0,0.574926946,0,0.912566487,281.9105466,100938183
251186,2.365498478,2.962448303,25.20755858,63.77318344,1.084722579,2.013130328,1.566890198,1.611842863,0.800512321,0.241213337,6.825729215,34.4391376,-0.00088353,4.730937179,0.001560001,0.025037576,-0.004696879,0.000481241,-8.01E-05,-4.94E-05,-0.000538338,-2.56E-06,-6.00E-05,-8.01E-06,0.003290302,1.74E-16,0.018484055,-2.417522939,0.000187106,0.001071079,-0.000105604,0.000168273,-5.93E-05,0.001259695,1.011854028,1.082256986,0.853960184,1.308652337,1.014941798,0.848391263,1.181401018,0,1.800893713,0,0.928872484,280.0330352,101578977
251472,4.037472789,5.561827365,32.90413774,45.05919281,0.909612997,1.608046477,1.609695689,1.892226842,0.805023647,0.45432934,7.355286647,34.60204094,0.000716698,2.271202187,0.002739275,0.014805999,-0.004013106,-0.001117841,-5.77E-05,1.67E-06,-0.000586882,-2.91E-06,-2.83E-05,-7.49E-06,5.63E-07,5.68E-09,2.09E-06,-10135.58756,0.000226749,0.0012496,-5.93E-05,8.45E-05,0.000148845,0.001065533,0.86370505,0.923028119,1.15865758,1.469846876,1.372527432,1.0860336,0.933616689,0,0.550869503,0,0.967332693,279.3381907,101693091
253523,5.051728481,4.541446099,17.00952875,59.52250546,1.330668568,1.642537033,0.471104476,1.271433155,0.264155052,0.201928557,5.832537568,37.21774177,-0.002597583,3.179192456,0.00336894,0.039015644,-0.00230672,-0.002258111,-9.34E-05,2.36E-06,-0.000489702,-3.02E-06,-3.54E-05,-6.18E-06,0.00390924,1.21E-11,0.002646327,-2.932326239,0.000242893,0.001254609,-0.000195846,6.63E-05,0.000222223,0.002716002,1.044294107,1.09043565,1.102291042,0.549656936,0.54837523,0.785386635,0.942053333,0,0.76439616,0,0.85726554,276.8087026,102511440
253883,6.290689472,4.233583716,5.621579818,60.03667032,1.002424052,2.464528131,1.248710672,1.631767593,1.193182648,0.467927523,7.091891707,29.9803375,0.00385097,2.968591113,0.002421286,0.02023899,-0.005448837,-0.001022228,-6.52E-05,-1.66E-05,-0.00055386,-5.32E-07,-5.55E-05,-7.74E-06,2.76E-07,1.19E-06,1.71E-07,-21927.19516,0.000321604,0.001080227,-1.13E-06,0.000119698,0.000381117,0.000685455,1.032978272,1.070512919,0.795229693,0.846438383,0.912157948,0.753815591,1.023891332,0,0.503948915,0,0.947744809,280.8568385,102655080
255850,7.320584577,3.819795049,16.61519027,93.02692936,1.411406005,2.39885838,0.975392642,1.103709303,0.564204013,0.476326784,7.560518223,30.29508372,0.005782882,2.078530488,0.002516184,-0.000255345,-0.002422909,-0.004824256,-8.06E-05,1.26E-05,-0.000492642,-2.64E-06,-3.45E-05,-6.88E-06,0.004822853,0.588082559,1.24E-11,-0.43780365,0.000214874,0.001755864,-0.000116642,5.46E-05,-0.000208794,0.001912825,1.094637351,0.935501589,1.204983672,0.635960406,0.756960252,1.117696458,0.715560355,0,1.130072475,0,0.983175635,277.8724475,103439913
256995,2.525734476,4.522439871,18.14010071,58.97517687,0.795114561,2.958777132,1.463632412,1.478870582,1.069458298,0.542291399,7.063238966,29.66340585,0.006535805,0.901404503,0.003141137,0.010587042,-0.005009278,-0.005398555,-6.68E-05,-1.24E-05,-0.000537947,-2.34E-06,-1.35E-05,-5.59E-06,0.020215352,1.86E-37,0.299088754,-1.374974524,0.000184618,0.001349342,7.99E-06,0.000101645,4.07E-05,0.001449198,1.038638952,0.993005487,0.890552086,0.675661207,0.915478598,1.015015172,0.977618264,0,2.445311029,0,0.94581932,279.2295441,103896768
258389,9.287334275,3.517154223,15.85659795,52.10378062,1.053580595,3.824222947,1.016490887,1.738203062,1.560894148,0.694154547,8.398490941,35.92166403,0.000126022,0.120172602,0.004440051,0.021897275,-0.00478179,-0.000597334,-5.02E-05,-3.18E-05,-0.000551056,-2.12E-06,-3.50E-05,-7.71E-06,0.009481455,1689.105224,8.35E-19,-0.835916099,0.000188384,0.001328509,-4.56E-05,0.000129398,-0.000183582,0.000704699,0.9775259,1.133227338,0.924386059,0.347538017,1.02958765,1.07277995,0.69985801,0,0.466365186,0,1.044271039,279.6344296,104452974
260878,2.410175786,3.802320637,13.91018105,42.37391813,0.825280167,6.908543881,1.075078368,1.555878317,0.984514936,0.360836646,7.036370298,38.61512619,-0.002343161,-1.207803406,0.005692162,0.021791134,-0.005187755,-0.004785373,-9.91E-05,-1.12E-05,-0.000509833,-2.77E-06,-4.07E-05,-5.25E-06,0.015916273,2.98E-07,4.60E-15,-0.57218659,0.000227117,0.001022766,-9.50E-05,0.000157196,-6.89E-05,0.000818282,1.121632683,0.881721323,0.887091385,0.615297945,1.670290524,1.246117424,1.398601686,0,0.926293066,0,0.94372078,278.7501383,105446085
261323,13.54899953,5.107319394,25.14187161,68.35374231,1.418773787,1.385634029,1.142468963,1.254817033,1.523372795,0.480030465,6.822683377,36.63875124,0.000355007,2.604541541,0.002787242,0.002864234,-0.005024765,-0.003849856,-5.48E-05,4.25E-06,-0.000595093,-2.70E-07,-7.46E-05,-9.12E-06,0.058456113,8.96E-43,4.846335628,-1.865096895,0.00026298,0.001268126,4.44E-05,8.69E-05,-4.15E-05,0.002540401,1.145953586,0.953239568,1.03071843,-0.531005071,0.886995681,0.933004231,0.996356769,0,0.859797307,0,0.928711377,276.5024705,105623640
261481,8.143338238,5.927888079,22.43912048,150.6654234,1.729340414,1.486870164,2.107543106,1.367080858,1.160331385,0.737810749,10.34310624,37.63884184,-0.001199284,2.271330847,0.003171925,0.001295693,-0.001575295,-0.002710132,-9.19E-05,-3.98E-05,-0.000521421,-2.87E-06,-4.11E-05,-6.53E-06,0.029245287,775.5580525,1.21E-16,-0.628667609,0.000178129,0.001602236,-6.11E-06,5.51E-06,0.000142054,0.001925915,1.115505068,1.119893256,1.007984228,-0.476143891,0.53846747,0.901068207,1.097741785,0,1.40020005,0,1.186791884,276.9220448,105686682
262088,5.883773121,5.627207504,15.90472515,111.2543408,1.12318653,1.556989375,0.610021397,0.879696374,0.665238507,0.404791284,7.054552924,35.24955004,0.000278063,2.680879359,0.002943321,0.036669968,-0.002672258,-1.22E-05,-6.39E-05,-5.88E-06,-0.000586734,-2.76E-06,-3.91E-05,-7.09E-06,0.006609971,0.846675752,3.73E-18,-1.081030957,0.000227066,0.001239865,-0.00012956,0.000275837,-0.000547248,-3.52E-05,0.878581485,1.107868903,0.86952578,0.942644964,0.931528373,0.937541675,0.929280025,0,1.943338973,0,0.944918112,277.6172741,105928875
262867,2.335784548,5.265822292,12.9194064,62.61897736,1.813189023,1.488865817,0.765020062,1.135636191,0.960957356,0.460461132,7.399051826,30.83904165,0.00499805,3.689783149,0.000408843,0.038067189,-0.00487933,-0.00177191,-5.71E-05,-3.18E-05,-0.000607695,-3.73E-06,-7.72E-06,-6.72E-06,0.005624335,0.222431504,6.36E-12,-0.757846543,0.000195501,0.001091633,-0.000102181,0.000161581,7.62E-06,0.000924024,0.941651929,1.165280037,0.966285409,1.344649407,0.942747807,1.163258737,0.574261038,0,1.031882655,0,0.971097451,279.1722201,106239696
263452,4.59899417,3.224349449,17.05585268,33.84462519,0.819160042,2.620927611,1.014619203,1.468642667,0.47577516,0.313888385,7.317150708,41.05574962,-0.00319912,-1.649323835,0.005713522,0.018897719,-0.004660521,-0.00365109,-4.26E-05,-2.72E-05,-0.000575244,-1.36E-06,-3.43E-05,-7.82E-06,0.091412982,2.34E-42,0.040946373,-0.466100018,0.000254783,0.001675191,-7.03E-05,-1.46E-05,0.000121833,0.000818722,0.843512407,0.872988411,0.958235584,1.337708778,1.13888013,0.826252586,1.063452917,0,1.083001368,0,0.964782877,275.7053116,106473111
264412,7.017814592,4.114525108,18.35785554,26.08143796,1.165845711,3.418537135,1.304737288,1.556515941,1.349601948,0.623918663,8.733373358,36.04026768,-0.000410403,4.00515994,0.001007323,0.031340364,-0.005504128,-0.002515934,-5.32E-05,8.83E-07,-0.000543002,-9.02E-07,-2.11E-05,-8.09E-06,0.025687336,3754.720396,6.40E-17,-0.64847119,0.000260154,0.001370379,-0.000136313,-2.14E-05,-2.08E-05,0.001440701,0.827441662,0.931990185,0.834514108,0.523109792,0.604738008,0.897525538,0.817397492,0,2.656765896,0,1.068075973,278.5634528,106856151
266409,10.98891098,2.856622931,31.08154623,133.4860785,1.320271682,1.715037158,0.923605864,0.626686582,1.109196032,0.318884071,8.806137754,32.70160465,0.002239588,5.130353683,0.000129231,0.023869073,-0.003807878,-0.001607363,-5.44E-05,-2.71E-05,-0.000537233,-2.03E-06,-3.81E-05,-7.92E-06,0.003435976,0.148293538,1.77E-18,-1.36804868,0.000235142,0.000964039,-0.000162324,0.000133365,0.000114615,-0.000176555,0.990798707,1.02871775,1.125224572,-0.075687055,1.020223983,0.924930369,1.327807577,0,0.046351713,0,1.073201731,280.3485235,107652954
268083,4.429829974,5.476438335,15.82635792,69.00980315,1.153035908,2.08726414,1.24722209,1.824596701,0.654410567,0.326020832,8.554767714,30.77332766,0.007788659,3.240841944,-0.001281208,0.019146629,-0.005214765,-0.004831668,-6.89E-05,-2.33E-05,-0.000507493,-2.46E-06,-3.13E-05,-6.34E-06,0.002042608,1.91E-14,0.017610624,-2.694002314,0.000211029,0.001621133,2.88E-05,0.000271637,-0.00011018,0.000365535,1.212041989,1.108912825,1.053587957,0.419075095,0.963670322,0.788728901,0.996116377,0,1.838069111,0,1.055445358,276.9263919,108320880
274662,6.605925814,3.777276077,24.73781924,124.4061406,1.30120913,1.056560438,1.278760501,0.652191859,1.45374531,0.486042504,5.894458502,34.51421517,0.000670535,2.1912653,0.00417373,0.009833672,-0.004543728,-0.003248195,-8.29E-05,-1.33E-06,-0.000452372,-8.93E-07,-3.13E-05,-6.92E-06,0.049907086,1.57E-39,0.125684088,-0.423136506,0.00015901,0.001894978,-3.11E-05,0.00027493,2.55E-05,0.00062696,1.023680289,1.217034875,0.807060621,-0.074800171,1.141689257,1.134874899,1.026324755,0,0.021810741,0,0.862904167,277.1204807,110945901
275699,7.163117197,4.389295681,7.378245242,122.7424561,1.258826275,1.255164514,0.489975528,0.737319792,1.257812563,0.495365869,6.927062429,34.90470803,0.001412612,2.028970995,0.001837556,0.026136456,-0.00334535,-0.005207328,-6.47E-05,-1.04E-05,-0.000566972,-2.56E-07,-1.83E-05,-7.09E-06,0.015188569,36.58123617,1.93E-17,-0.781608081,0.000226105,0.001521307,-0.000108683,5.29E-05,0.000104789,0.002411007,0.945589321,0.880971182,0.954179056,0.670438095,0.991359649,1.020075935,1.472266768,0,1.432928352,0,0.936165662,279.8899573,111359664
278282,3.459274244,3.933953228,12.48528494,78.53420724,1.630021404,3.118747965,1.05237355,1.151904169,1.047286332,0.395397319,9.059080671,34.95489065,0.003169336,0.320898807,0.001811888,0.002537129,-0.00502991,-0.002862715,-5.30E-05,-1.44E-05,-0.000510916,-3.84E-06,-4.22E-05,-7.94E-06,0.020443796,1.34E-34,0.084619342,-0.409439246,0.00020188,0.001690832,-2.95E-05,7.25E-05,0.000459491,0.000838515,0.860986004,1.000297902,0.856296549,1.661085274,1.338264167,1.031484609,1.182482377,0,1.258870404,0,1.091526631,278.1770939,112390281
278538,2.158181423,4.298511956,20.73237109,144.4102581,1.955840492,2.847326913,1.061624651,0.956156625,1.125574924,0.576601607,9.481636875,33.88074285,0.003390757,2.122653564,0.001861544,0.005409742,-0.004600116,-0.000697451,-8.26E-05,-2.46E-05,-0.000592712,-2.25E-06,-2.37E-05,-6.66E-06,0.080257673,1.84E-38,0.601824308,-0.747714371,0.000226682,0.000957319,-0.000171402,3.36E-05,-0.000194619,0.000394781,1.005249736,0.916265273,1.010787119,1.12947044,0.350612088,1.06182238,0.963912829,0,2.680711065,0,1.12108811,276.2876886,112492425
278647,11.22922396,4.677384613,16.16482122,125.3478956,1.310495326,2.720563435,0.941463022,1.235313015,1.057078364,0.618264218,9.293789003,29.09018774,0.006867333,3.808802219,0.000390465,0.035730832,-0.00645905,-0.002988792,-3.90E-05,-1.31E-05,-0.000554594,-1.06E-06,-3.02E-05,-7.49E-06,3.56E-07,0.000836631,4.51E-08,-220.4892111,0.000254466,0.000755475,-1.66E-05,0.000117058,-0.000274837,0.00111517,0.84331687,1.104192297,0.993523817,1.433944051,0.500691307,1.188518146,1.203691377,0,1.732037353,0,1.108118519,278.5540574,112535916
279701,2.759436823,4.060221896,15.10852745,298.4383367,1.760328985,1.55278646,0.833266011,0.532484654,0.219540413,0.57765267,7.921000839,36.8077653,0.001342124,2.523881034,0.001817191,0.008396118,-0.002594376,-0.004437755,-5.15E-05,-4.65E-06,-0.00048907,-2.94E-06,-2.02E-05,-7.35E-06,0.0120462,5.04E-18,1.762142674,-0.906001925,0.000216504,0.001045294,-2.95E-05,0.000217194,-0.000239547,0.000610017,0.897479444,1.187555828,1.003089886,1.209405731,1.380998055,1.155878919,0.920030342,0,1.036963217,0,1.009654439,274.2916336,112956462
280595,1.080367042,4.305940973,31.46223426,66.34267627,0.970375106,2.562357181,1.375573036,1.484985837,0.450532528,0.467686877,7.612422539,29.89799273,0.007928033,2.213785178,0.000679864,0.002313663,-0.001585937,-0.002169846,-6.75E-05,-3.40E-05,-0.000510562,-2.91E-06,-4.75E-05,-6.04E-06,0.009899267,28.07066406,0.015998903,-0.60357744,0.000292473,0.001180766,-7.22E-05,0.000142586,0.000115787,0.001286322,0.778238993,1.053617235,0.82960373,0.762615104,1.181783231,0.776976032,0.975521565,0,1.198506526,0,0.986915013,277.0173664,113313168
281636,3.588081512,4.79002161,23.6789422,180.8045983,1.294495106,1.522807881,1.367171422,1.201664941,0.847503569,0.550754585,7.809072039,33.02902179,0.004186112,2.936065724,0.001365245,0.022862942,-0.00636723,-0.002612431,-3.91E-05,-1.33E-05,-0.000493872,-1.07E-06,-2.17E-05,-7.18E-06,0.020576582,7.42E-33,0.079693617,-1.206585093,0.000225185,0.001361989,-6.30E-05,4.66E-05,0.000358356,0.002420734,1.087917054,1.10614482,0.828860357,2.142391456,1.538492135,1.073402382,1.413281739,0,0.081557641,0,1.001391722,276.4134277,113728527
283470,22.78187457,3.273977006,5.361505624,33.44825018,1.515394275,5.340595542,0.594964655,1.33121676,2.253297592,0.400664,8.050882457,28.35015635,0.011251669,1.242044548,-0.001514775,-0.002082052,-0.004154227,-0.002755468,-7.33E-05,-1.50E-05,-0.000529097,-2.68E-06,-4.28E-05,-8.19E-06,0.013042441,1.50E-12,0.015832871,-1.017331752,0.000230992,0.001346435,-6.07E-05,0.000172401,0.000225127,0.001194957,1.100287329,0.921722549,1.110049041,2.547991082,0.727727065,0.974418291,0.833142966,0,1.389796316,0,1.018587803,278.8187564,114460293
287777,7.397425298,3.871364577,16.40808047,109.3377372,0.872941829,4.651773345,1.019970198,1.50279988,1.083530405,0.541223134,9.101867188,33.91061955,0.007428644,0.246724954,-0.000454442,0.022349167,0.001128256,-0.004079125,-5.43E-05,-2.08E-05,-0.000524582,-1.95E-06,-1.46E-05,-7.61E-06,0.011135058,5.38E-29,0.017634578,-1.19981057,0.000200693,0.001333821,-3.17E-05,0.000208879,-0.000270586,0.001713713,1.050887725,1.179443356,1.135111808,-0.35775214,1.539284478,0.714725305,0.712621781,0,0.249042795,0,1.094444715,275.3450935,116178786
290747,4.742583761,3.078832675,21.26261986,98.58783688,0.966203947,4.332166094,1.718818855,1.468131889,0.596767636,0.467571846,8.242067851,33.8068068,0.002841558,2.392669477,0.002141489,0.027797835,-0.004213846,-0.00420916,-5.71E-05,-2.47E-05,-0.000491967,-2.53E-06,-4.05E-05,-5.79E-06,0.00047013,5.68E-06,2.82E-27,-10.9183602,0.000222227,0.001058194,6.13E-05,8.54E-05,0.00013157,0.001709284,0.987103742,1.161888684,1.00726298,0.649713587,1.22372042,0.952269297,0.718637573,0,0.762396368,0,1.031967114,276.9578561,117363816
293923,9.303938163,3.885962866,13.7957771,84.03007339,0.853787927,4.940508404,1.112376531,1.475281916,1.140443157,0.507869565,8.649771555,38.81396297,-0.001948948,0.557518543,0.004270598,0.022831137,-0.005253777,-0.003096277,-3.23E-05,-1.30E-05,-0.000561907,-2.85E-06,-5.06E-05,-6.72E-06,0.015530128,50.30646853,1.91E-16,-0.862145202,0.000260763,0.001174613,-0.000124968,0.000296056,6.95E-05,0.002462881,0.770680279,1.012719744,0.954691445,0.910104928,1.090993401,0.890573714,0.597430818,0,0.672361299,0,1.062087267,275.972819,118631040
294667,1.200614253,4.325344676,9.775175513,123.6528053,1.205750697,2.188974387,0.69642458,1.14530506,0.128499207,0.38922188,7.977125254,35.1821574,-0.000675913,1.175970567,0.004497443,0.038047642,-0.003657542,-0.002840343,-7.51E-05,2.88E-07,-0.000549954,-2.28E-06,-1.75E-05,-8.92E-06,0.007778851,1.20E-13,0.015963604,-1.51923027,0.000217118,0.0019667,-0.000164504,0.000125431,3.89E-05,8.53E-06,1.150871768,1.083766571,0.909970196,1.527249966,1.236060935,0.932900283,1.006076148,0,1.36352257,0,1.013788366,279.8989456,118927896
297111,3.555717027,2.366059769,5.521612699,135.9256142,1.20580392,2.87687846,0.996262758,1.423440729,0.800343384,0.371447395,7.974122178,33.35910443,0.005772621,0.765155047,0.000518047,0.006809399,-0.007148858,-0.004246231,-8.09E-05,-3.14E-05,-0.000488935,-2.01E-06,-4.22E-05,-7.12E-06,0.013546775,28.53120136,1.48E-17,-0.644219657,0.000271621,0.001320469,1.36E-05,8.22E-05,-0.000119212,0.000958623,0.986220595,0.898213267,1.153930498,0.606533729,0.649146529,1.116833281,0.989278013,0,0.464188438,0,1.013647574,277.5939261,119903052
297538,6.152163318,3.796770696,4.067075045,123.0557351,1.185110262,2.335316554,0.413118314,0.750417833,0.667345039,0.420754758,7.941376918,34.01734614,0.002236896,-0.318388132,0.005044704,0.026226468,-0.00428061,-0.003271523,-8.52E-05,-3.24E-05,-0.00053045,-2.46E-06,-4.19E-05,-6.75E-06,7.30E-07,5.41E-89,1.20E-05,-5092.372381,0.000213812,0.001134815,-7.02E-05,5.53E-05,-0.000317099,0.000780876,1.021462837,0.939984018,1.147165647,0.47640068,0.884422952,1.046571416,1.202892655,0,2.141475337,0,1.01127721,278.2783888,120073425
298581,1.447627697,4.644342454,24.68237873,51.64866009,0.703332324,1.525704851,1.25156546,1.316846126,0.424528269,0.294741489,5.684538065,31.04164649,0.003664518,4.587624457,0.001440784,0.017272588,-0.004168658,-0.001191037,-4.46E-05,-8.73E-06,-0.000551669,-8.72E-07,-4.28E-05,-5.83E-06,2.33E-07,4.49E-05,7.48E-07,-5703.265648,0.000318186,0.001715195,-8.81E-05,4.27E-05,0.00018389,0.001801314,1.041705299,1.1505026,1.070198932,1.36514467,0.757980487,0.965513652,0.968908327,0,1.076135307,0,0.846974309,279.9912729,120489582
298900,4.366789611,4.043234243,20.02364067,60.04249527,1.480099479,2.246970487,0.984951536,1.349447523,0.616851694,0.210381996,6.658758351,32.37320393,0.006863863,1.583171356,0.00124144,0.020438032,-0.007243065,-0.001733483,-8.36E-05,8.25E-06,-0.00050058,-2.70E-06,-3.21E-05,-7.21E-06,0.018753427,4.97E-39,6.66E-13,-0.60486888,0.000222975,0.00059194,-9.81E-05,0.000145832,0.000251993,0.001562332,0.987035881,0.845037532,0.995691851,0.614219121,0.759966079,1.291908148,0.790010073,0,0.189996248,0,0.917430095,274.4133166,120616863
300000,3.575545856,5.314203679,16.95490068,66.57539666,0.773230866,2.432633551,1.148562958,1.637628633,0.285044152,0.336496596,6.140650886,34.81139714,-0.001265944,4.205687044,0.003442856,0.019400386,-0.003626806,-0.002292105,-7.15E-05,-1.13E-05,-0.00057045,-1.07E-06,-2.36E-05,-6.87E-06,3.80E-07,5.15E-06,7.54E-07,-14779.52989,0.000289705,0.001297163,-2.08E-05,0.0002091,0.000185914,0.001173206,1.125983453,1.049622086,1.153938791,-0.218848874,0.848015674,1.056038431,1.100515072,0,0.605977755,0,0.880847516,279.0033892,121055763
300114,19.4720327,2.960435235,17.31513084,80.32750664,2.170208909,5.567884667,0.911824761,0.96931055,2.045371287,0.374295595,8.719609403,32.79413286,0.005172932,1.392228643,0.000926576,0.027615008,-0.00224034,-0.000291972,-2.61E-05,-1.53E-05,-0.000627048,-1.15E-06,-9.12E-06,-6.90E-06,0.021883256,1.52E-32,0.003964947,-0.49670675,0.000314782,0.001430421,-0.000125794,0.000207754,-0.000305177,0.001093463,1.060480641,1.147741975,0.984829902,0.655356159,1.107416025,1.1653561,0.992658694,0,0.914302246,0,1.067001987,278.1614084,121101249
300594,10.87199777,2.953457319,24.5645953,111.5697003,0.583450913,3.52256562,1.09494649,0.774193806,1.267295709,0.482764127,5.356840923,33.36665938,0.002016051,5.584820776,0.000330786,0.021113789,-0.002715962,-0.001684161,-7.59E-05,1.17E-05,-0.000569133,-2.25E-06,-4.94E-05,-8.13E-06,0.013616093,2.136491432,1.24E-19,-1.045249551,0.000210603,0.00160067,1.46E-05,0.000114409,-0.000203519,0.000991632,0.861306191,1.029759221,1.014523112,1.310038986,0.958410122,1.1956278,1.494315868,0,1.02604955,0,0.822597049,278.6177518,121292769
302552,18.68871133,2.131065004,18.46401386,185.2439428,1.624586441,3.8757479,0.55781108,0.860060661,1.672877675,0.673284652,9.812186166,27.4242228,0.009438507,3.687883228,-0.002210689,0.011937242,-0.004977383,-0.003801598,-4.96E-05,-2.43E-05,-0.000567462,-1.33E-06,-3.39E-05,-8.51E-06,0.083551522,4.95E-44,0.103879691,-0.525304478,0.000240134,0.001026503,1.68E-05,0.000198107,7.34E-05,0.001607658,0.988481997,0.822401523,1.124117515,0.754853576,0.962123096,1.147732597,0.989002022,0,0.37437225,0,1.146765783,280.8194014,122074011
303070,9.028391305,3.506054335,13.48187098,129.3579128,2.015567485,2.20581963,0.976610109,1.187029848,1.830790571,0.50178896,9.254326609,38.14325561,-0.000847731,0.369762166,0.003525344,0.013634077,-0.004077893,-0.005172996,-9.63E-05,1.95E-05,-0.000502312,-1.60E-06,-3.51E-05,-7.42E-06,2.68E-07,6.42E-08,6.54E-07,-16731.09899,0.000272019,0.001215025,1.53E-05,5.46E-05,-0.000277214,0.001255668,1.249860081,0.943173485,1.019712736,0.473671766,0.88335048,0.984203697,0.956462144,0,1.051489746,0,1.104882367,277.4965998,122280693
304208,17.34609777,3.312527018,15.48741795,49.51576944,1.312925724,2.898170327,0.941759639,1.40870154,2.15752552,0.592507614,6.855947153,31.10992574,0.004720727,5.076444767,0.000589304,0.009877304,-0.000775499,-0.004003762,-6.86E-05,-4.54E-05,-0.000589025,-1.86E-06,-3.99E-05,-7.91E-06,1.13E-06,1.11E-10,9.99E-07,-1865.538306,0.000227823,0.001341383,-0.000181481,1.50E-05,-0.000253438,0.001216768,1.022735926,1.061847077,1.271673278,0.609525859,1.520062886,0.743247949,0.950138003,0,0.259644776,0,0.930955516,277.3334248,122734755
305945,26.1859432,3.989366958,16.15335802,51.81680068,0.789125942,4.151835568,1.156845779,1.496936761,1.452458862,0.62052715,7.780756964,34.32452064,9.37E-05,3.135808538,0.003111964,0.00017247,-0.003710629,-0.003132864,-5.53E-05,-1.36E-05,-0.00054579,-2.70E-06,-6.83E-05,-8.22E-06,2.11E-07,3.75E-06,1.29E-05,-4767.630335,0.000240314,0.001367005,0.000165697,0.000179849,-3.92E-05,0.001848576,0.76992882,1.249157824,0.848112328,0.312842517,0.623361356,0.859071668,0.863819236,0,0.625024955,0,0.99956686,280.5642183,123427818
306683,2.495448558,5.413245387,13.16502613,150.1635979,1.146525637,3.66465488,1.12218644,1.575117417,0.291149984,0.462086592,8.720373739,36.32943623,0.001455329,1.802120839,0.002915084,0.034602761,-0.004612277,-0.003656137,-6.25E-05,-1.35E-05,-0.000475127,-6.83E-07,-1.78E-05,-7.91E-06,0.022810875,3.93E-35,1.35556792,-2.11735405,0.000228368,0.001448531,-5.24E-05,0.000107417,0.000185379,0.00142441,0.834677845,1.091796823,1.018036241,1.820790963,0.538760047,0.964724243,0.663751531,0,0.854456302,0,1.067044341,275.1403119,123722280
306907,2.984509112,3.795166902,25.8441552,125.1305654,1.054197947,2.041576001,0.905498725,0.879932609,0.404914968,0.503949159,7.137893741,34.01307854,-0.000290462,1.36101383,0.004539854,0.007548251,-0.001223413,-0.001587366,-4.70E-05,9.56E-06,-0.000562889,-2.86E-06,-3.19E-05,-7.10E-06,5.34E-07,0.000129456,5.86E-07,-1183.018642,0.000225679,0.000788937,-5.23E-05,6.41E-05,0.000141322,0.001608819,0.983756856,1.038208314,0.897624197,1.145082909,1.242580834,0.889092483,0.912869992,0,0.698417258,0,0.951092028,283.1724642,123811656
307040,20.2178969,3.152945597,11.33788016,51.84569661,0.960177508,5.011755366,1.65905643,1.629836291,2.214080439,0.620991827,8.057373117,29.49767,0.008169026,2.510493102,-0.000567448,0.026541343,-0.002206593,-0.00296661,-5.38E-05,-1.79E-05,-0.000575916,-1.77E-06,-5.15E-05,-8.52E-06,0.004860795,0.114794341,3.07E-11,-1.770493733,0.000239235,0.001293155,-0.000129586,0.000137692,-3.91E-05,0.003135171,1.097295712,0.986145318,1.061448386,0.331921408,1.088652801,1.050462285,0.964386801,0,0.89533288,0,1.019042272,278.690145,123864723
307248,2.783906655,3.867374184,23.20011187,132.6647896,1.851996493,2.689119536,1.43820126,0.899149131,0.347028653,0.485784059,8.888519085,31.63347374,0.005316305,3.109371104,0.001640347,0.001612889,-0.002609979,-0.002610641,-6.24E-05,-2.97E-05,-0.000574655,-4.12E-07,-3.46E-05,-7.50E-06,0.010554448,4.21409847,0.007335081,-0.973762469,0.000310966,0.001138459,-0.000162923,0.000222699,0.000239456,0.002093232,0.817151367,0.953972045,1.253819167,1.727450955,0.207565269,0.950477205,0.77974386,0,2.279655153,0,1.079327134,277.5457817,123947715
308632,3.659149041,3.006895458,12.71622053,124.8716917,1.003885937,2.155797396,0.894045794,1.204502752,0.975634377,0.399595831,6.408100221,34.87507865,-1.67E-05,2.642129824,0.003185742,0.028618126,-0.00371528,-0.003192683,-8.31E-05,-1.21E-05,-0.000551172,-3.42E-06,-3.99E-05,-5.85E-06,0.008459123,1211.663702,1.80E-11,-0.491439476,0.000209794,0.001260273,-2.69E-05,0.000111685,0.000170627,0.00105356,0.861346568,1.065866545,0.851125603,2.038329381,1.158987258,1.182898618,0.556904669,0,1.180767092,0,0.898701561,277.8146184,124499931
309185,9.326108874,6.186006403,12.29619864,47.52835963,0.926995248,3.974972305,1.257772299,1.786900878,1.072834912,0.626856905,9.285708362,31.60296512,0.003628805,1.96206888,0.002703236,0.012768984,-0.003504864,-0.002089673,-7.28E-05,-2.24E-05,-0.000533802,-1.92E-06,-4.25E-06,-6.56E-06,0.012598681,2.27E-11,0.021625279,-1.025521962,0.000263528,0.00058453,-0.0001442,-8.24E-05,5.46E-05,0.00137164,0.987549417,0.926944867,1.014108121,1.648809098,0.666272233,1.045944035,1.281055383,0,1.659650925,0,1.107448773,280.0163969,124720578
311085,3.845461815,5.196886001,24.90264394,126.2960785,1.71894249,3.527566066,1.748067439,1.272842587,0.922831436,0.571108206,7.43446823,31.00524742,0.005699735,3.749614829,0.001032312,0.013819994,-0.00447073,-0.004391694,-4.04E-05,-1.59E-05,-0.000564885,-8.11E-07,-3.72E-06,-7.33E-06,9.29E-07,5.23E-91,3.47E-06,-4011.526355,0.000220802,0.001290229,9.47E-06,0.000160443,0.000202173,0.000612642,1.206937881,1.045138371,1.139647505,0.286891643,0.610843662,1.026173335,1.391791323,0,-0.092645083,0,0.974319685,278.4774243,125478678
312876,8.046059841,4.420563339,17.03069473,35.75537091,1.781310217,3.231739266,1.043809743,1.46980401,0.875373092,0.335247851,5.151849291,32.66511415,0.001410068,4.51350741,0.00106648,0.017524298,-0.002442911,-0.002209476,-7.82E-05,-1.99E-05,-0.000547972,-1.57E-06,-2.66E-05,-7.37E-06,2.26E-07,5.82E-08,9.35E-08,-17886.06494,0.000280929,0.001143955,-5.58E-05,9.35E-05,7.29E-05,0.002355918,0.931110135,0.987300869,0.842576887,1.057458895,0.876387027,1.250037818,0.18056062,0,0.451820309,0,0.798918919,281.5118721,126193287
315289,9.238525081,5.458396981,12.81115153,171.1209473,1.453952978,1.906232684,0.784944936,1.042977981,0.962039754,0.534097111,8.134179849,36.78284111,0.001508672,1.249494424,0.00169393,0.024776849,-0.008233385,-0.003554603,-7.49E-05,-1.25E-05,-0.000541275,-1.12E-06,-3.01E-05,-6.55E-06,0.002235403,4.93E-16,0.000257182,-3.08925003,0.000231682,0.001171988,-0.000147198,7.35E-05,0.000265039,0.00154371,1.106130535,1.077462953,1.097197722,0.568861232,0.748678091,0.845551968,0.765392954,0,1.352274298,0,1.02441835,276.0337193,127156074
315560,8.538329857,1.818267184,15.45427928,158.7713427,1.128009098,3.832078251,0.867537584,0.94618331,1.070900495,0.366315643,8.675211437,33.29687736,0.001525034,4.939511287,0.000570393,0.00398173,-0.002347095,-0.003459424,-3.39E-05,-1.63E-05,-0.000554358,-1.99E-06,-4.65E-05,-8.38E-06,0.004603625,5.851677914,2.39E-11,-0.804229469,0.000234063,0.001452208,-0.000127098,0.000113126,0.000120714,0.002349689,0.863458389,1.002542663,0.888477221,1.579462461,0.727282102,1.176859991,1.270781772,0,1.559173418,0,1.063687892,278.8085038,127264203
316594,11.74600642,5.275910328,18.81558459,131.6764439,1.596513937,1.866789603,1.173194721,1.32385463,0.89834947,0.42808874,7.226768371,29.52749509,0.008771816,2.769925371,-0.001183271,0.012807014,-0.006321175,-0.00252619,-7.17E-05,-4.84E-06,-0.000561942,-1.61E-06,-1.67E-05,-7.60E-06,0.074505878,7.25E-42,0.164638044,-0.514503278,0.000282419,0.001199426,-2.53E-05,0.000108823,0.0002848,0.001378585,0.928707143,0.996541024,0.933350963,0.940020284,1.323085016,0.934411709,0.399082469,0,1.293389796,0,0.958053795,278.846912,127676769
318427,6.837038744,3.962160519,9.768070062,109.556388,0.965395056,1.735284189,0.179537234,0.937220318,0.755651133,0.3829204,7.507171435,31.57610373,0.005227011,2.262874088,0.00130891,0.015851288,-0.002001902,-0.003623903,-7.45E-05,-2.51E-06,-0.000592365,-1.60E-06,-6.35E-05,-6.04E-06,0.001906468,8.70E-17,0.038428669,-3.544072957,0.000265328,0.001032491,-1.44E-05,0.000153166,-5.58E-05,0.000156615,0.857352481,1.010608629,1.130118568,1.788246983,1.449585628,0.887388822,1.119022577,0,2.408944474,0,0.979369917,279.0541418,128408136
319076,10.50467966,3.022176488,7.993668013,293.0903815,1.667144612,2.209529892,0.558383416,0.396200447,0.944033454,0.517856011,8.813451101,31.62771232,0.00499357,5.842531185,-0.000435051,0.034328543,-0.000953707,-0.001935457,-5.17E-05,-2.99E-05,-0.00053548,-2.65E-06,-3.21E-05,-7.66E-06,0.011119267,0.294348208,0.005742708,-1.241295665,0.000160188,0.000711505,-2.30E-05,0.000274236,-9.60E-05,0.001149459,0.892624926,0.906854914,0.993536437,1.35898917,1.407716433,1.057323613,1.21285934,0,1.199527999,0,1.073620861,276.775674,128667087
320361,12.72701018,4.549551391,14.00129183,61.18200463,1.396903079,2.593174044,0.837330795,1.245244508,1.698290718,0.520888915,7.389980506,32.83093246,0.001942188,5.024741237,0.000508636,0.010663805,-0.004828065,-0.001973976,-7.80E-05,-3.10E-05,-0.000551445,-1.28E-06,-5.28E-05,-7.52E-06,4.02E-07,4.42E-09,3.86E-07,-18574.85279,0.00024859,0.001371953,-9.55E-05,7.92E-05,-7.38E-05,0.000716707,1.183975488,0.93886232,1.103097191,1.599167653,0.959634514,1.023950129,0.48743944,0,1.269501162,0,0.970395375,280.358571,129179802
322483,12.79669044,2.72115,5.469589207,354.8454532,2.29319124,2.659216114,0.70024356,0.464935377,1.215258099,0.620711338,8.915019729,39.33036193,-0.002048938,-0.57334282,0.005247034,0.007501807,-0.003184559,-0.003990853,-7.25E-05,-2.15E-05,-0.000506791,-1.88E-06,-1.90E-05,-7.48E-06,0.020760603,5.83E-34,0.050424916,-0.534774665,0.000263409,0.001484012,-1.76E-05,7.94E-06,2.75E-05,0.001591009,0.836163847,0.948873893,1.108686571,1.148477553,0.771391102,0.723683309,0.796627428,0,0.153430219,0,1.081263747,275.6849481,130026480
325185,1.533159623,4.49565288,25.37674693,81.78406701,1.380754781,2.89112926,1.834677337,1.839096902,0.641804705,0.449403083,8.716502156,36.83323754,-0.001265514,3.378240244,0.002635905,0.025996479,-0.001280561,-0.002760649,-7.24E-05,-2.21E-05,-0.000516802,-1.11E-06,-1.73E-05,-6.45E-06,0.097639532,6.74E-39,0.086997346,-0.373403686,0.000243772,0.001344641,-8.19E-05,8.74E-05,-7.13E-05,0.001521888,0.826964195,0.715952956,1.100685521,0.765442347,1.323007648,1.164723067,1.080400388,0,1.271898873,0,1.066773261,277.2497756,131104578
328966,2.933540234,2.394227691,24.77030947,66.72502768,0.963718342,3.678550977,1.056717821,1.139828132,0.137134626,0.430841031,7.529622446,32.01506358,0.006993169,2.177419734,-0.001043113,0.01109822,-0.004137065,-0.00362135,-5.05E-05,2.69E-06,-0.000542197,-1.95E-06,-3.05E-05,-8.25E-06,0.00651097,241.2078957,0.010169005,-0.974281161,0.000279733,0.001979973,3.32E-05,0.000108695,-0.000141964,0.000773887,1.10914796,1.066976647,1.045618757,0.911194674,0.605929817,1.311016456,1.036246578,0,1.778011225,0,0.980706237,276.9380674,132613197
330255,1.313514689,5.302833814,18.2724507,96.16523027,1.404346458,1.433777692,0.850602397,1.154484284,0.502128699,0.277550508,6.819163288,37.3651399,-0.001082437,2.459314333,0.002470848,0.024413856,-0.002935266,-0.003293113,-6.39E-05,-3.24E-05,-0.000558396,-2.35E-06,-5.82E-05,-6.15E-06,1.42E-07,1.58E-08,2.18E-06,-16306.32485,0.000244687,0.001273045,-4.38E-05,0.000224111,-8.24E-05,0.001131876,0.933343197,0.947677481,1.101700892,0.906834904,0.676670719,1.019523676,1.091249779,0,1.473712384,0,0.92851057,276.8941646,133127508
330326,6.24722221,3.817203556,21.19113114,96.33248908,1.710632291,2.471718774,1.254632766,0.935753803,0.485491239,0.398311362,7.842163146,34.68249424,0.00094641,1.313273621,0.003644067,0.011207858,-0.005534045,-0.001713749,-8.00E-05,-1.23E-05,-0.000529839,-2.48E-06,-3.71E-05,-7.60E-06,0.018131329,0.00066975,7.08E-16,-0.749440323,0.000191224,0.001020996,-0.000135834,6.52E-05,-0.000112618,0.002348113,1.118472979,1.009243589,0.992639129,1.430653841,1.373042903,1.186198254,1.145348541,0,1.234660013,0,1.003857072,279.4480221,133155837
330471,9.492388025,4.642545678,10.77595096,139.7864481,1.607635161,1.116575112,0.868071703,0.893101883,1.108297159,0.471097124,7.981089828,26.14290979,0.008755794,6.024083475,-0.000872737,0.025585781,-0.005056713,-0.001090212,-4.77E-05,-2.27E-06,-0.000556037,-2.04E-06,-4.55E-05,-7.43E-06,8.50E-07,7.11E-89,1.26E-06,-8126.29744,0.000267948,0.000787437,-7.87E-05,1.42E-05,8.37E-05,0.000395536,1.041486459,0.899538758,1.145006552,0.313766077,1.100977869,0.993145231,1.02936812,0,1.235593379,0,1.013943751,278.7711843,133213692
331917,13.34294488,4.862670836,23.2395867,76.25929702,1.562372219,1.731182344,1.469576349,1.329043052,1.545949583,0.587254764,7.21903461,27.8676584,0.00584927,6.125300713,-0.000497902,0.050149622,-0.003801811,-0.002727284,-8.06E-05,-6.84E-06,-0.000559955,-1.26E-06,-3.45E-05,-8.27E-06,0.006669837,5.65E-05,0.0191206,-0.617446151,0.00027638,0.001117867,-0.000237361,0.000150257,0.000276887,-0.00090247,0.902777114,1.126617403,0.916454569,1.634051197,0.383757326,0.727170015,0.960602934,0,0.821708232,0,0.957591631,280.4044355,133790646
333573,2.527459294,4.429909654,23.12228763,56.33518989,0.822507247,2.832408784,1.532189573,1.527796272,0.369690724,0.290334677,8.368284922,35.95471708,-0.00016241,0.4889847,0.005606511,0.008568026,-0.000521811,-0.004588762,-6.42E-05,-2.13E-05,-0.000547471,-2.67E-06,-3.14E-05,-7.30E-06,0.041537396,217.8601981,2.89E-15,-0.931419375,0.000143778,0.001629308,4.15E-05,-1.07E-05,0.000134331,0.002229985,1.127867315,1.07070388,1.143334819,1.825830227,0.814576362,0.933257004,1.367879863,0,0.678739577,0,1.04180104,278.0595792,134451390
339298,16.18877975,2.856764129,15.75699451,109.4085336,1.173815631,4.197314241,0.669936883,0.818976378,1.025576581,0.518360071,8.341552776,39.62335447,-0.002562945,-0.955393843,0.005544234,0.020519892,-0.002507395,-0.001773917,-7.68E-05,-3.07E-06,-0.000575941,-1.60E-06,-6.57E-05,-7.40E-06,0.00646305,0.031936404,0.050928361,-2.661637714,0.000247765,0.001193815,-6.63E-05,3.98E-05,0.000119329,0.001558723,1.167204615,1.048464981,0.979667153,0.869211018,0.794485166,1.161031122,1.085749855,0,0.267826845,0,1.03926984,277.0040564,136735665
342447,4.533561244,2.87180499,22.99416793,166.5096732,1.734225059,4.103651206,1.40384856,0.952185101,0.996390245,0.51926803,9.172433981,35.03588528,0.00248869,3.126620955,0.001295947,0.024848759,-0.006473409,-0.003706575,-4.15E-05,-2.58E-05,-0.000562449,-4.04E-06,-3.96E-05,-8.59E-06,0.037976843,6.65E-45,3.786728852,-1.52638791,0.000225159,0.000956035,-3.70E-05,0.00018389,-5.77E-05,0.001040097,1.061229565,1.045273691,1.060388793,-0.363692936,0.906642835,1.000423902,1.127199302,0,1.203701413,0,1.099030026,276.3225249,137992116
343749,9.417398028,4.895128977,38.43306319,97.79289012,1.167982643,3.692493516,1.909981156,1.105055474,1.131814282,0.667216084,9.310206517,34.00959907,0.003248355,3.402677892,0.000860448,0.005730498,-0.00358855,-0.001818242,-7.98E-05,-1.94E-05,-0.000496742,-2.21E-06,-4.94E-05,-6.48E-06,1.31E-06,3.70E-08,1.04E-05,-2572.612774,0.00012539,0.001289154,-8.25E-05,0.00014451,-0.000405768,0.000577846,0.979039001,1.10444283,0.974218849,0.003562683,1.118409606,0.871253127,0.90485375,0,1.164278712,0,1.109357164,276.6312198,138511614
345368,7.990333813,4.600550464,18.83488322,119.5215801,1.508227564,1.81438876,0.589396511,1.510710535,1.018340382,0.516639985,7.945395789,38.95387651,-0.002603878,-0.056534897,0.005443887,0.022113869,-0.002353207,-0.003727357,-3.05E-05,-1.17E-05,-0.000523141,-1.14E-06,-1.96E-05,-7.25E-06,0.012314961,5.45E-36,0.219873811,-0.731809257,0.000214335,0.001224689,-5.40E-05,9.80E-05,9.64E-05,0.000531162,0.971004545,0.963350287,0.989990557,1.884130501,1.245842783,0.885344807,1.11779243,0,0.516557519,0,1.011527232,275.6694297,139157595
346615,2.957604718,5.869707047,36.94728941,58.94736534,1.381489124,2.178291371,1.935088919,1.6535453,0.36594155,0.335833927,6.418559496,37.30366856,-0.000615628,-0.939391563,0.004518374,0.022324403,-0.000410105,-0.001279809,-5.74E-05,-7.77E-06,-0.000581723,-1.14E-06,-3.10E-05,-6.58E-06,0.006482759,50.09704281,9.53E-12,-0.406596731,0.000270377,0.001187668,1.64E-06,2.83E-05,-8.92E-05,0.000926974,1.055157571,0.948061315,0.89896363,1.410218059,0.7472993,0.933061117,0.981282058,0,0.223102914,0,0.899376113,279.6954422,139655148
347577,21.81390907,3.737720993,28.34169131,149.7774356,1.074515727,1.531493138,1.198842482,0.891918243,1.856135042,0.524490459,7.754441165,32.37814323,0.006216885,0.123463364,0.003484305,0.016441061,-0.002408101,-0.003104251,-7.52E-05,-1.55E-05,-0.000507627,-2.41E-06,-2.29E-05,-6.60E-06,0.007397689,246.5730037,4.91E-11,-0.801987093,0.000229258,0.001676736,-0.000118848,0.000113568,-1.33E-05,0.00053845,0.952576073,0.993646862,0.91401633,0.454587159,0.515453454,0.753413182,0.898410764,0,1.383257189,0,0.997850522,274.1871782,140038986
349119,3.841326203,5.21175333,22.48735931,48.5233735,1.189751904,2.286422904,1.771774962,2.114125205,0.635219661,0.509720034,8.832947987,32.9250893,0.002100888,-0.05456741,0.004696631,0.027878804,-0.003402574,-0.001757716,-3.93E-05,-1.73E-05,-0.000619186,-1.88E-06,-3.16E-05,-6.35E-06,0.0027861,1.84E-17,0.00175921,-2.879385172,0.000282486,0.002140679,-2.30E-05,9.67E-05,-0.000112718,0.000409134,1.33650396,1.073107178,0.912769364,1.047645694,1.019358862,1.017207781,0.902836416,0,0.247484698,0,1.075273329,281.6899198,140654244
351364,5.302389297,5.104373597,30.36902095,47.74587898,1.126402269,1.27896622,1.486592114,1.65950217,0.759168542,0.314156423,7.366931179,34.27759233,0.004108056,2.683003964,0.002166768,0.00609747,-0.002810112,-0.003484761,-7.51E-05,-1.00E-05,-0.000549744,3.01E-07,-4.75E-05,-6.96E-06,0.007214336,9.38E-14,0.39054071,-2.347126645,0.000221008,0.002261317,1.44E-05,0.000147452,0.000275955,0.001044819,1.084557218,1.122416504,0.9507372,0.625828093,1.141031887,0.884940287,1.097244228,0,1.733067595,0,0.968464308,274.7680711,141549999
352860,6.850863992,3.919916286,19.82520094,119.7666661,0.942644907,2.24587386,0.910457108,1.282950077,0.551573593,0.314369193,7.242340152,36.21465968,0.001862499,-0.121766585,0.003704031,0.019848429,-0.005265226,-0.002993742,-8.23E-05,-1.79E-05,-0.000468915,-3.13E-06,-4.21E-05,-9.14E-06,8.65E-07,0.000204777,1.47E-06,-837.7104414,0.000224169,0.00130021,8.08E-05,0.000180512,-4.88E-05,0.001943968,1.051472409,0.905855131,0.909232082,0.908791804,1.275167479,1.208120349,1.447660075,0,0.382454763,0,0.95936146,275.8632346,142146903
354818,3.767388942,4.529232439,9.356696084,176.99853,2.323108197,2.654031131,0.951883115,1.085042103,1.224351789,0.634630319,9.444975717,30.72538868,0.005302655,0.310102385,0.003960885,0.026373258,-0.004390397,-0.002215959,-5.52E-05,-2.00E-05,-0.000524945,-1.96E-06,-3.67E-05,-8.11E-06,0.163132371,1.73E-44,0.021475836,0.01057927,0.000253938,0.000922349,0.000123897,0.000192583,-0.0003793,0.001081865,0.782789922,0.993812237,0.855663175,0.233632074,1.148322979,0.900724884,0.973267791,0,0.653680906,0,1.118682195,280.2504858,142928145
354930,5.974729651,3.77268844,22.05328376,62.08723435,0.863441242,3.504992012,1.846237972,1.344804305,1.074531818,0.60983698,7.911352882,31.6323734,0.005479773,1.365833103,0.003355007,-0.00061914,-0.0033484,-0.004647294,-3.46E-05,-1.22E-05,-0.000566677,-3.30E-06,-3.03E-05,-5.36E-06,0.006250741,1.60E-12,0.008650054,-1.542828726,0.000246679,0.001330494,5.68E-05,0.000140135,-2.42E-05,0.000944483,1.124980896,1.008251995,1.089063042,0.708441666,1.358372584,0.63634448,1.489352675,0,2.122102709,0,1.008964405,276.7006514,142972833
356985,4.12619622,5.271050275,24.81866647,49.0064982,1.193337037,2.779887699,1.574457998,1.659916578,0.571291148,0.266655418,7.26401628,32.740366,0.004290002,1.0463989,0.003963175,0.007981778,-0.005444671,-0.002361774,-9.77E-05,-1.69E-05,-0.00051308,-2.35E-06,-2.04E-05,-6.64E-06,0.00755619,4.31E-11,0.147101577,-1.895752007,0.000234707,0.00129759,4.75E-05,3.43E-05,8.24E-05,0.001511397,1.038891108,0.970795569,1.015084238,0.675106492,1.006616289,0.777093854,1.124278979,0,0.322087059,0,0.960739556,275.6636307,143792778
357509,3.274956865,4.00296795,27.91707582,115.2275277,1.933118053,3.653904436,1.313295434,1.506307929,0.818430597,0.270288313,6.810012778,34.86656493,-0.000231202,4.169043542,0.002007044,-0.004226393,-0.002323387,-0.002354027,-3.56E-05,-2.92E-05,-0.000558822,-1.84E-06,-3.89E-05,-6.15E-06,8.31E-07,1.40E-05,1.07E-05,-834.2447584,0.00024927,0.00149728,4.60E-05,0.000202871,0.000111389,0.00170786,1.070531635,0.989769737,1.041380381,0.835018642,1.29491614,1.24860316,1.330322623,0,1.299106037,0,0.928089635,279.6226561,144001854
364316,11.0269514,3.782059019,34.77697841,55.00995882,0.821153572,0.926217395,1.102635559,0.586361459,1.117732214,0.326048878,6.623353093,30.53376287,0.004478516,4.88599198,-0.000252429,0.014733614,-0.003760082,-0.002866146,-5.95E-05,-3.22E-05,-0.000517888,-1.47E-06,-3.44E-05,-7.67E-06,0.003270311,1.006901745,0.00536822,-1.254452891,0.000231032,0.001071959,0.000100452,0.000130403,2.54E-05,0.000812226,0.884207758,0.950643757,1.049594468,0.882733332,0.763449046,0.757250951,0.984928007,0,0.978965798,0,0.914832915,280.4350559,146717847
364478,4.686176614,5.384563815,21.36843208,126.5814511,1.165027397,1.190191212,0.921525128,1.058775543,0.533099285,0.480408126,6.237720329,30.68514336,0.006173205,5.726860619,-0.002020353,0.028510028,-0.003336923,-0.00148158,-8.99E-05,-2.83E-05,-0.000583403,-1.14E-06,-1.98E-05,-7.63E-06,0.001708625,2.04E-18,0.028355042,-3.604181441,0.00030648,0.00161689,-9.30E-05,0.000283586,-1.87E-05,0.001443579,0.880852745,1.017174053,0.95002982,1.08145063,1.060172336,0.885651469,1.201442171,0,0.955355647,0,0.88808431,277.5881526,146782485
366043,13.32290313,4.383051134,20.50561734,137.3551456,1.815111115,1.347325888,1.366925971,1.061014569,1.493764305,0.506629416,8.931382093,42.48813244,-0.006518777,-0.484089983,0.006203643,0.020482819,-0.003637525,-0.002942345,-2.59E-05,-1.39E-05,-0.000479297,-2.22E-06,-2.01E-05,-7.12E-06,1.38E-06,2.70E-93,7.98E-06,-2491.935006,0.000211905,0.001053178,-4.78E-05,0.000110291,0.000491258,0.001230656,0.692259989,1.125711508,1.046352371,1.188938395,0.685923318,0.844984833,1.111679885,0,0.793235618,0,1.082324664,277.0466004,147406920
367327,4.236165459,3.228416279,9.796637227,283.9522394,1.609450119,1.645586899,0.914764152,0.609239741,0.281983275,0.591707066,8.43203261,38.26425375,-0.001426456,-0.843068738,0.005248507,0.028188572,-0.00302557,-0.000871198,-8.68E-05,-3.29E-05,-0.000527791,-2.42E-06,-4.27E-05,-5.55E-06,0.003328917,35.59859391,0.018866794,-0.832182098,0.000171224,0.001359044,-4.08E-05,0.000131912,0.000276677,0.001085433,1.119014768,0.943605513,1.078435101,0.672615977,1.27340812,1.048784932,0.699394641,0,0.664767162,0,1.046901186,277.8537694,147919236
367753,24.90579233,3.823338468,12.61103186,61.70516885,1.457156323,4.497703664,0.89996126,1.18849197,1.477495005,0.443372346,7.881328969,36.17207527,0.003025924,-0.607902889,0.00330375,0.016973093,-0.003212826,-0.003499414,-4.52E-05,-1.32E-05,-0.000596447,-1.82E-06,-2.85E-05,-8.55E-06,1.52E-06,0.000677018,4.74E-07,-186.890158,0.000274353,0.001119119,-0.000167024,0.00011141,-2.23E-05,0.001222631,1.175743002,1.201979522,0.962124305,1.948336336,0.986556418,0.936911584,0.442125794,0,0.148945951,0,1.006842489,275.4886622,148089210
368424,23.20705673,2.608667648,13.52389795,26.43690149,1.617247684,5.471171754,1.019827184,1.427718248,2.203755267,0.369766486,7.836971096,33.92230278,0.005092057,0.372878487,0.001189669,0.014951356,-0.004208048,-0.003779272,-7.27E-05,-2.39E-05,-0.000538101,-1.37E-06,-6.36E-05,-7.22E-06,0.004965345,3.42E-13,0.000814451,-1.793150621,0.000296147,0.001023174,5.37E-05,3.28E-05,-0.000103809,0.001988645,1.202491533,1.127615588,1.259174574,0.310323993,1.249588521,0.819565199,1.551472799,0,1.700788958,0,1.003480717,277.999817,148356939
369223,3.466851727,3.081718044,18.45066893,127.1813822,1.822408897,2.595278991,1.303982178,1.105241587,0.845020261,0.344749172,7.713357545,37.21303572,0.000348771,-0.565352677,0.004215607,0.032015159,-0.005242481,-0.00380749,-6.87E-05,-2.53E-05,-0.000558442,-2.11E-06,-5.58E-05,-7.49E-06,2.06E-07,4.07E-08,8.70E-06,-5314.101542,0.000248656,0.000996714,-7.54E-05,0.000113783,-4.38E-05,0.001777307,1.106973303,1.073852484,1.246176517,0.461770698,1.370541173,0.682342129,1.31104276,0,2.289993266,0,0.994601535,277.5329411,148675740
370939,18.50423883,2.961373838,6.117282476,156.3059146,2.507263685,3.605591166,1.038776304,1.255081186,2.690416631,0.690223861,11.53037737,33.52439808,0.002243833,2.795734352,0.001599016,0.033669451,-0.00425822,-0.006024406,-4.53E-05,-2.31E-05,-0.00054995,-1.03E-06,-6.15E-05,-6.12E-06,0.007182144,27.0435543,2.13E-17,-0.339810763,0.000231492,0.001888051,0.000141732,0.000181376,-2.19E-05,0.001987736,0.998559996,0.84287474,1.084843196,0.82368454,0.763129209,0.975709704,1.192989095,0,0.995187888,0,1.268784973,280.3050493,149360424
373680,2.820424387,3.685284804,17.57998151,143.2369426,1.772623074,2.646774967,0.910122865,1.01590674,0.370260933,0.432153076,8.265956423,35.15986467,-7.27E-05,2.689435266,0.00369157,0.040334108,-0.004354261,-0.004089595,-4.32E-05,6.49E-08,-0.000552934,-2.41E-06,-4.14E-05,-7.50E-06,0.006602324,40.05457023,1.64E-12,-0.566290875,0.00023458,0.000804588,4.19E-05,0.000163341,7.74E-05,0.001080296,0.974466238,1.000935296,1.140470864,0.947662254,1.137972064,0.764722904,0.957239287,0,0.311124031,0,1.033927925,278.4076865,150454083
374431,13.17067347,4.164557409,32.08092634,39.42084675,1.499931888,1.88166757,1.376240727,0.754439444,1.171909461,0.348446338,7.378520171,33.82714984,0.002485976,1.953624331,0.001793962,0.024005628,-0.004250638,-0.003315063,-5.30E-05,-7.34E-06,-0.000492713,-2.39E-06,-3.80E-05,-8.07E-06,0.01517664,2.769252955,9.16E-10,-0.574907851,0.000210752,0.001458825,4.11E-05,0.000157196,3.02E-06,0.001100176,1.18528149,1.005586853,1.058103199,1.368886984,1.249383953,1.226940271,0.845383376,0,1.63601151,0,0.969564512,279.1610611,150753732
375384,8.736994345,4.091522,19.97740124,69.42718612,1.252483717,3.453840365,1.220295012,0.822160701,0.742949785,0.380522854,8.146597013,35.33022338,0.003254418,-1.478492722,0.004002921,-0.004020673,-0.003727914,-0.003657983,-7.24E-05,-2.12E-07,-0.000540235,-3.90E-06,-5.65E-05,-7.26E-06,0.012067453,0.072107489,5.48E-11,-1.117524383,0.000212469,0.001224828,-0.000117387,0.000179816,3.47E-05,0.001614953,1.052202978,0.801881554,0.931023777,1.057327129,0.557402107,0.815474205,1.115233463,0,2.179058391,0,1.025135494,276.7711457,151133979
375532,13.6492045,2.222017191,30.1661559,72.87861829,0.903293216,2.926524272,1.218395593,0.505823172,1.405461888,0.368262201,4.75194806,30.36488638,0.005532183,1.596838319,0.002994185,0.028981801,-0.004856672,-0.001128902,-5.39E-05,-2.05E-05,-0.00053714,-1.22E-06,-4.73E-05,-6.93E-06,0.04498508,4.58E-43,0.572538868,-1.309614378,0.000182129,0.001222255,-3.57E-05,0.000116405,7.36E-05,0.001162772,0.778555246,1.005554235,0.959738629,1.080929057,0.563197188,1.030536414,1.115467432,0,0.742075124,0,0.764184632,279.3482493,151193031
376092,5.548891434,5.124501157,18.82276682,31.98582305,1.102936124,1.944851436,1.400534938,1.390015521,1.010734465,0.443305506,7.412077415,30.46619108,0.006791079,1.994066558,0.000391488,0.006863661,-0.004298279,-0.005571654,-5.60E-05,-8.45E-06,-0.000594161,-2.48E-06,-4.16E-05,-7.88E-06,3.88E-07,9.00E-05,3.61E-06,-934.2325378,0.000282985,0.001876579,-5.95E-05,9.71E-05,0.000290173,0.001655748,1.026613063,1.029543415,0.924438345,0.423665286,0.540173657,1.16307056,0.791742794,0,2.046700956,0,0.972320753,279.2463293,151416471
376991,1.737419066,4.176507274,15.12737106,120.3969085,1.348652584,2.565699753,1.388977161,1.118117258,1.098513023,0.46518603,7.265691551,37.4288062,-0.002005675,-0.214280837,0.004517216,0.010974009,-0.008692728,-0.002637597,-8.85E-05,-1.56E-05,-0.000515536,-2.16E-06,-5.75E-05,-6.78E-06,0.145394109,3.40E-36,1.797997515,-0.760163715,0.000206887,0.001364617,3.11E-05,0.000180198,6.82E-06,0.000545572,1.164054684,0.974905819,1.03074178,0.709171392,1.051054683,0.986265812,1.32172736,0,1.246493789,0,0.960845295,281.9537708,151775172
378308,15.80882451,5.166745634,40.21814259,43.78016479,1.060536379,1.363253174,2.05015719,1.202761943,2.04626259,0.718600477,7.805371304,32.23077699,0.004921169,4.637426003,-0.00126406,-0.000292578,-0.004342185,-0.003188234,-6.52E-05,-1.32E-05,-0.000551969,-1.91E-06,-3.60E-05,-6.47E-06,0.009331368,2.135364248,4.58E-17,-0.79304249,0.00021079,0.001699918,-0.000141249,0.0002821,0.000176311,0.001016277,1.126106948,1.111543579,0.871286613,0.70437908,0.681813221,1.055363462,1.27412933,0,0.503056218,0,1.001216981,278.645179,152300655
378742,7.398623469,2.924750638,30.27194118,81.50520487,0.691410359,3.137871651,1.130902712,1.138036787,1.331136903,0.627719138,7.878416042,36.64384599,-0.000840251,2.154452167,0.003088065,0.013195065,-0.003479427,-0.003446007,-8.44E-05,-4.25E-05,-0.000500061,-3.27E-06,-3.98E-05,-7.98E-06,0.006289714,1684.760276,9.74E-11,-0.768034478,0.000193486,0.001162471,-6.97E-05,0.000259213,0.000202213,0.000286186,0.973718137,1.047997611,0.750055492,0.585932509,1.521486004,1.110801589,0.720641699,0,1.522407328,0,1.00664444,278.3225927,152473821
380169,5.897831566,4.487791339,11.04572475,86.94056446,1.221302738,2.395726959,0.67144599,1.651507065,0.563033125,0.317641171,7.643115402,33.07076285,0.003151485,5.093402467,3.51E-05,0.024900992,-0.001197699,-0.003792752,-7.03E-05,1.39E-06,-0.00053547,-3.68E-06,-4.67E-05,-7.35E-06,0.004580191,1.31E-12,0.016174334,-1.785258457,0.000193878,0.001228028,-8.69E-05,0.000103841,-0.000214807,0.001755358,0.995428916,1.083206182,0.828068143,0.870287722,1.096239069,1.033801088,0.988661818,0,0.713508874,0,0.989041008,277.8058282,153043194
380888,3.626084491,2.158330159,8.900548965,85.33691653,1.474893169,4.750666456,0.927750681,1.190335126,0.373047594,0.440486187,7.489279686,36.39699281,-0.00089521,1.430422506,0.004049061,0.009599875,-0.003058207,-0.001975798,-9.38E-05,-1.67E-05,-0.000533454,-1.58E-06,-3.01E-05,-7.50E-06,0.034733776,0.007389938,1.26E-17,-0.277502508,0.00026366,0.001294212,-2.05E-05,0.00011133,-8.83E-05,0.001354318,0.94383847,0.952729892,1.158474499,0.746241634,1.457466312,1.179957599,1.031755178,0,0.400082605,0,0.978306986,277.501429,153330075
381615,8.075500634,3.411985246,10.02954029,95.80775281,1.398399155,4.349327499,1.101531168,1.349855523,1.259439443,0.476943625,8.85470467,37.49135993,-0.000379228,-0.692495877,0.004197603,0.021304603,-0.004627377,-0.00249699,-6.25E-05,1.23E-05,-0.000530047,-1.82E-06,-3.89E-05,-6.36E-06,0.002425149,5.51E-17,0.014489708,-2.219787576,0.000197166,0.001386199,-4.98E-05,4.64E-05,0.000331322,0.001898476,1.025336865,0.991207397,0.917704328,0.071484101,0.608009613,1.094733335,0.785928768,0,0.561652287,0,1.076883158,279.0483119,153620148
391346,8.654152863,4.822812733,13.39662025,75.9831862,1.209380127,3.755088778,0.987287342,1.656060573,0.620079892,0.302041192,8.417176171,43.19707548,-0.007189022,-1.275443902,0.007393866,0.012111402,-0.003760854,-0.002128302,-6.33E-05,-1.43E-05,-0.000484042,-2.67E-06,-4.18E-05,-7.19E-06,0.01928036,15.92301103,2.83E-17,-0.732131012,0.000262121,0.001457362,-0.000106491,0.000112504,-0.000276845,0.001498274,0.956717844,1.015035284,0.873468183,2.126071461,0.574828665,1.078097106,1.605879555,0,2.105477023,0,1.045870397,275.9306064,157502817
392024,7.373219823,4.141332861,19.306867,41.88460743,0.973233778,3.080584468,1.474070292,1.587686093,1.1397424,0.250342949,6.861988422,29.77794767,0.008062022,1.407345768,0.000184611,0.015654717,-0.005165574,-0.002276923,-8.47E-05,-1.13E-05,-0.000541193,-1.36E-06,-5.86E-05,-7.85E-06,2.78E-07,7.39E-09,3.02E-07,-26494.15295,0.00028755,0.001395255,-4.40E-05,0.000155173,-7.10E-06,0.001192064,1.155092313,1.122867955,0.910292543,0.470379974,0.630235201,0.917287679,1.668683896,0,0.595792797,0,0.931320532,278.7004019,157773339
392091,9.041314915,2.833624268,3.075753761,127.1403276,2.146921369,4.282119443,0.548504296,1.257640559,1.357216507,0.376956834,9.631209338,35.79232314,-0.003030505,3.797770167,0.003620871,0.035644625,-0.002190012,-0.00206877,-5.87E-05,-1.02E-05,-0.000535217,-1.97E-06,-5.46E-05,-6.89E-06,5.58E-07,1.88E-14,5.62E-05,-444.1522777,0.000165438,0.000867763,-7.83E-05,0.000129432,2.47E-05,0.001605275,1.114247936,1.008286814,1.058562086,1.11379215,0.729240641,0.952923935,0.805203937,0,0.218235365,0,1.132998303,279.6313654,157800072
392512,3.951367437,4.765304062,10.98205218,89.69461481,1.492525957,3.17347096,0.813161568,1.192621096,0.434982174,0.483984264,7.572737009,31.26355977,0.007267082,5.369840977,-0.002922525,0.014204206,-0.003219529,-0.004181872,-8.59E-05,-2.12E-05,-0.000573261,-3.78E-06,-5.19E-05,-6.42E-06,0.032708745,2.215541271,2.30E-15,-0.805505156,0.000220219,0.001788552,7.02E-06,-4.34E-05,8.15E-05,0.002089426,0.919563517,0.94279345,0.992726351,0.946562935,0.355539441,1.074064263,1.188427958,0,3.224594252,0,0.983904029,277.8610835,157968051
392967,4.259117281,5.185502171,10.51965338,78.63164998,1.158973948,2.92921735,0.749752437,1.327113632,0.357219517,0.301710644,6.748776785,40.56072323,-0.004854622,-3.01769746,0.007757875,0.037155642,-0.003635621,-0.003267549,-6.34E-05,-1.51E-05,-0.000513379,-1.95E-06,-5.64E-05,-6.42E-06,0.007474645,3.95E-09,0.017233442,-1.440565402,0.000238302,0.002207323,-3.77E-05,7.56E-05,0.000142803,0.001770308,1.02279309,1.111695402,0.83889126,0.263179034,1.513393541,0.968315305,0.816374913,0,0.411403853,0,0.923557796,281.0816703,158149596
396562,2.698265759,4.043383611,18.37579241,30.37463202,1.730418871,3.345827939,1.165916539,1.582870088,0.307524229,0.07691534,5.847013511,33.5083726,0.002835788,3.85157447,0.001071009,0.030583589,-0.002404774,-0.002638086,-5.31E-05,-2.88E-05,-0.000464403,-2.64E-06,-1.97E-05,-7.61E-06,0.012651832,2.539284191,5.34E-12,-0.620387794,0.00023066,0.000966166,-6.79E-06,0.000112309,-0.000198364,0.001136075,0.939181129,1.041113918,0.926452134,0.789608326,1.025571612,0.892369246,1.409660578,0,1.08720506,0,0.858730021,278.8128909,159584001
396964,4.523849973,6.063727079,11.5750999,18.69410556,1.280887587,1.809635439,0.831538438,2.028786935,0.657067132,0.400872803,8.959633386,29.2287753,0.006522847,1.136836374,0.003624104,0.024286491,-0.004892502,-0.001917479,-5.65E-05,-2.41E-05,-0.000531273,-3.58E-06,-2.06E-05,-8.18E-06,0.021738535,1.62E-38,0.330835354,-2.167790776,0.000225691,0.001438627,3.49E-07,0.000274036,1.17E-05,0.00070267,0.959195965,0.973700962,0.912132918,1.549390031,0.595919005,0.736289355,1.051734593,0,1.355653309,0,1.084199307,278.8142478,159744399
397378,1.076264589,5.337105246,9.985498954,37.71001827,1.264609561,2.79152572,0.95517726,1.61048642,0.211554878,0.402611477,6.375675882,34.86390949,0.002449641,1.830538638,0.002336098,0.012627433,-0.005067026,-0.00071282,-3.24E-05,-3.57E-05,-0.000604057,-2.98E-06,-4.84E-05,-5.09E-06,2.98E-07,0.294143284,5.85E-07,-1.093791949,0.000256715,0.001210963,-0.000114618,9.71E-05,-0.000225645,0.00083104,1.088546965,1.111650507,1.08361385,1.927368001,1.180243261,0.877938437,1.321716468,0,1.979674748,0,0.896778018,275.840427,159909585
398882,7.947621566,5.352661085,20.28695868,50.39894341,1.008808368,1.923842839,1.119186187,1.803895952,0.680560402,0.272844437,7.578543163,31.84893986,0.006615359,4.219153945,-0.001106123,0.030581379,-0.004071433,-0.003352565,-4.94E-05,-1.45E-06,-0.000516881,-1.64E-06,-4.79E-05,-7.07E-06,0.002505999,1.89E-17,0.159493151,-2.280567044,0.000251206,0.001301616,8.41E-05,0.000156806,-7.10E-05,0.001311635,0.873358829,1.03508398,1.182104753,0.642448365,0.613450511,1.166287965,0.738041668,0,0.727271315,0,0.984360834,275.7104252,160509681
398986,0.728083198,4.713744829,12.44070951,35.54199294,1.655569945,3.34855784,1.166435102,1.610550203,0.363895855,0.33449316,6.741485073,34.97344704,-0.000614633,2.944918067,0.003299595,0.016856678,-0.000613131,-0.000631901,-5.18E-05,-8.05E-06,-0.00054285,-2.26E-06,-1.46E-05,-8.16E-06,0.010936181,845.0155678,3.50E-11,-0.503870549,0.000257712,0.001068627,-0.00012693,0.000140539,-0.000321695,0.000744808,1.067830081,1.15664964,1.004362878,1.174195294,1.209731842,0.733071826,1.407569293,0,0.500800511,0,0.923073611,280.5253926,160551177
399446,12.88365963,3.863203469,11.94778952,126.1342822,1.18251392,3.974884756,1.534966053,1.172593063,1.446121745,0.649018724,9.651296282,34.83119758,0.002374406,0.633675892,0.002818876,0.024682714,-0.002647121,-0.004365321,-8.28E-05,-2.88E-05,-0.000565979,-2.00E-06,-3.77E-05,-7.74E-06,0.000813094,2.07E-09,3.11E-25,-9.34852908,0.000219517,0.000873913,-9.61E-05,0.000157409,-7.60E-05,0.001538557,0.955330204,1.031696788,1.056075347,0.197753072,0.628902917,1.0205211,1.310667405,0,0.069533726,0,1.134565194,278.806077,160734717
399829,9.354271431,3.7477926,7.581485474,77.15742598,1.875119197,2.392685485,0.962405562,1.284238346,2.029848291,0.501211468,8.49666644,28.74009884,0.009508248,1.722196608,0.001009535,0.029072616,-0.005682493,4.48E-05,-8.08E-05,-3.42E-05,-0.000574889,-3.39E-06,-4.69E-05,-6.85E-06,3.35E-07,0.000326429,4.64E-08,-314.8026818,0.00022096,0.001440138,-4.95E-05,0.000259266,-0.000173802,0.000179884,0.955411529,0.946410114,1.223756499,1.583538261,0.789435324,0.900888572,0.97939678,0,0.965925678,0,1.051370536,276.3846654,160887534
400160,11.89110903,3.745128062,29.17487874,111.3834564,1.600280536,1.609499439,1.306262539,0.999311313,1.328506288,0.421179202,6.514576406,33.47851409,0.005728773,2.224130859,-0.000344848,0.023228438,-0.00485258,-0.002623224,-7.67E-05,-1.07E-05,-0.000559431,-6.43E-07,-3.74E-05,-7.84E-06,2.01E-06,7.64E-08,5.80E-07,-2231.266457,0.000279326,0.001499596,-6.27E-05,0.000147861,-0.000390115,0.001900627,0.809825092,1.016238609,1.13534498,0.139350998,0.746007955,0.906342024,1.357130701,0,1.453586262,0,0.906435584,275.4008899,161019603
402160,13.99926321,4.001009378,10.61940091,91.92096473,1.195112545,3.153968191,0.998810287,1.07454165,1.702477959,0.583242369,8.208393842,31.53030601,0.00615172,2.013629489,-0.000282146,0.031036037,-0.002070344,-0.003400537,-7.14E-05,-1.16E-05,-0.000517085,-2.76E-06,-8.90E-06,-8.59E-06,2.09E-07,1.22E-11,2.53E-06,-16268.10362,0.000191291,0.001491427,-2.89E-05,0.000219915,0.000384778,0.001241867,0.888664988,0.862789309,1.12065399,-0.167221129,0.553078443,0.985816637,0.538810631,0,0.658494692,0,1.029728136,279.4263597,161817603
402599,6.433481002,3.741591919,31.80645283,53.69464216,1.03931782,1.708282817,1.933724547,1.306907968,1.14935447,0.441231256,7.586083286,32.4746451,0.002452259,4.947612735,9.43E-06,0.019626237,-0.003055369,-0.001971013,-8.39E-05,-1.25E-05,-0.000557162,-2.66E-06,-5.59E-05,-7.41E-06,0.006913443,2.03E-13,0.003228723,-1.581684868,0.00020591,0.001030876,1.85E-05,8.43E-05,0.000130443,0.00094906,0.940020427,1.013733512,1.153420064,0.519369895,0.837156709,1.070282867,0.753780439,0,1.035154343,0,0.984944335,279.7148956,161992764
404644,4.144089443,4.208186726,19.44804086,70.3988253,1.102426877,2.599973144,0.760639931,1.684789784,0.577885032,0.319257695,7.017668831,35.5234594,-0.001181604,2.654972834,0.003903171,0.014542284,-0.001667458,-0.004977462,-6.45E-05,-1.09E-07,-0.000534332,-2.72E-06,-4.07E-05,-8.76E-06,0.030436689,5.60E-35,1.89E-14,-0.316006561,0.000262056,0.000899448,-6.66E-05,2.01E-05,-1.36E-05,0.001424783,1.182471923,0.961014072,1.225074473,0.552300714,1.267689498,0.804510721,0.986636871,0,0.921344996,0,0.942570305,278.5338555,162808719
405308,7.061500182,4.494177828,31.90715476,65.78952255,1.590030917,1.225973699,1.129053852,1.209538307,1.00750453,0.6577226,7.196285394,32.78541025,0.003517342,4.652773753,-0.000301879,0.037399392,-0.007361955,-0.003666691,-7.47E-05,-1.42E-05,-0.00046839,-2.61E-06,-3.68E-05,-7.91E-06,0.005691057,12785.07484,2.11E-13,-0.336736879,0.000249059,0.001248867,-6.18E-05,0.00012576,6.91E-05,0.001381702,0.911867495,1.071571738,0.951659229,-0.004750402,0.971600164,0.918619514,1.203297842,0,-0.041681829,0,0.95567093,278.444144,163073655
407766,4.668503241,4.428185406,6.704199535,193.9798298,1.385410552,3.724969039,1.026879838,1.385952943,1.19473671,0.589642691,7.871064865,36.63864839,-0.000764979,1.854001735,0.003386027,0.020176609,-0.004188941,0.000948568,-5.85E-05,-1.55E-05,-0.000531967,-3.68E-06,-1.80E-05,-7.39E-06,0.057798024,5.64E-42,0.575328871,-1.161874465,0.000275419,0.001773719,-0.000117231,0.000180165,-0.000138923,0.000554452,0.985984097,0.897960513,1.129310628,1.038251311,0.797390959,1.019251253,0.487838788,0,1.672567348,0,1.006107297,278.6190431,164054397
409675,18.73709779,3.855210479,22.21478331,154.1107954,0.93720309,1.280301507,0.854600672,0.523357621,1.320668475,0.492482562,7.152838216,38.3941805,-0.001319855,-1.423896136,0.005004313,0.006352139,-0.003603051,-0.000494035,-6.45E-05,3.37E-06,-0.0005055,-2.17E-06,-3.01E-05,-7.26E-06,0.000902142,1035.958045,6.75E-27,-0.945694629,0.000159411,0.001398895,4.58E-05,3.01E-05,5.71E-05,0.001456893,0.99059239,1.027040438,0.847246527,1.09672244,0.881793638,0.945563468,1.516529767,0,0.366691237,0,0.952383638,279.2572297,164816088
412792,14.24596211,2.581646734,23.66494821,253.6222927,1.648340921,2.874185666,0.983844975,0.485355829,1.139084727,0.462070661,8.138476392,31.90866781,0.005269531,0.36822976,0.003723226,0.00231263,-0.001018471,-0.003786738,-6.32E-05,3.06E-06,-0.000587326,-2.98E-06,-3.09E-05,-8.84E-06,0.012659696,731815.7902,4.18E-12,-0.733346726,0.000158041,0.001190517,-4.84E-05,0.000180288,-0.000199032,0.00014462,0.990436264,1.117971264,1.015655939,1.022010823,0.78522103,1.039983872,1.314526568,0,2.032185957,0,1.024659965,277.0042751,166059771
414129,6.141031796,3.7983441,25.00205015,77.79685423,0.974099163,1.797024959,0.697549895,0.598028456,0.563911697,0.475063576,7.422823825,37.98237397,-0.000778392,1.43492242,0.002833646,0.027851907,-0.006922063,-0.003946294,-6.15E-05,-3.85E-05,-0.000498698,-1.55E-06,-4.58E-05,-6.24E-06,4.82E-07,1.35E-09,2.31E-06,-15144.06046,0.000284148,0.001140765,-1.16E-05,0.000172953,-5.96E-06,0.000856275,1.077529627,0.981391993,1.123088257,1.376328749,0.511745644,0.99896038,1.411085256,0,1.442546022,0,0.973142877,276.566753,166593234
415397,4.085339087,4.837954789,25.21178872,52.44838129,1.69123748,2.469093588,1.192522431,1.513052807,0.459061351,0.366545429,5.874585507,36.42582919,0.001553664,0.479160759,0.002040724,0.03044417,-0.006732852,-0.002066239,-8.02E-05,-1.71E-05,-0.000485273,-2.44E-06,-3.32E-05,-6.98E-06,0.025999743,16.04472909,0.000722039,-0.201394194,0.000189046,0.000632834,4.04E-05,0.000124802,0.000173957,0.001904981,1.057472232,1.113721624,1.172342289,0.971864042,1.241767107,0.722415719,1.314364179,0,0.32747622,0,0.861226023,276.5389444,167099166
419162,0.955209415,3.991191336,13.88385239,68.34287307,1.678592873,1.982301024,0.671780277,1.212155335,0.541085313,0.459813245,6.642946949,37.849577,-0.001016517,0.042219258,0.004214011,0.030713122,-0.003998996,-0.002007939,-6.47E-05,-2.44E-05,-0.000550298,-3.55E-06,-1.49E-05,-7.65E-06,0.001113084,0.00263028,6.95E-27,-3.179912793,0.000184203,0.0014689,-0.000135266,5.36E-05,0.000212328,0.001091232,0.969477703,0.910749514,1.099938748,-0.029772315,1.23227987,1.156375594,1.2888876,0,1.294662974,0,0.916341846,277.3439715,168601401
423873,4.765268659,2.242842932,15.5660897,90.63208708,0.578181282,3.929798016,0.933728477,1.415237972,0.709466192,0.485206258,7.061705973,34.27043051,0.003346761,1.983717661,0.002570571,0.044389683,-0.005288891,-0.00491988,-7.12E-05,-1.27E-05,-0.000529331,-1.59E-06,-1.17E-05,-7.76E-06,3.15E-07,0.190475588,5.09E-07,-2.93676966,0.000227865,0.001265812,8.31E-06,8.34E-05,0.000155934,0.00200025,1.172081481,0.976174175,1.110995285,0.765417214,0.61013575,0.876458982,0.880672515,0,2.225534563,0,0.945643033,275.53056,170481090
431576,0.909702274,3.306417539,17.59502075,140.5180591,0.731144521,1.800236974,0.87477535,0.849344422,0.114947016,0.43856499,7.64936056,36.08622276,0.000468072,0.86795755,0.003342815,0.010164609,-0.005451751,-0.00367794,-7.43E-05,-2.24E-05,-0.000562272,-1.98E-06,-3.27E-05,-7.06E-06,0.056357915,5.42E-36,0.430245419,-1.478346763,0.000237223,0.001530959,-7.04E-05,7.03E-05,-0.000259653,0.001935346,0.957327944,1.000294254,1.127435732,2.340617306,0.834488766,0.659523066,1.437760132,0,2.061135247,0,0.989515311,277.8742484,173554587
437982,6.845615108,5.090088055,12.2875326,122.2601279,1.104138425,1.621632755,1.025038043,1.416834731,0.609619509,0.337809519,7.189867838,34.18666938,0.002663856,3.570947133,0.000117134,0.013484397,-0.005317724,-0.003548237,-5.26E-05,-1.40E-05,-0.000500148,-1.33E-06,-4.60E-05,-7.25E-06,0.005760683,6.058271888,2.34E-18,-0.992219908,0.000292929,0.000841528,-7.34E-05,5.83E-05,2.18E-05,0.002168679,1.19430293,1.005600389,1.082393405,0.739089254,0.570460969,0.972659101,1.074043221,0,0.924681318,0,0.955182725,278.6360264,176110581
438493,5.851728923,3.057031971,16.53439532,119.862785,0.835723808,3.259947076,1.04549483,1.00656007,0.655983951,0.439806953,8.019504451,34.59652611,0.001980295,1.404483281,0.002768781,0.016331729,-0.000335173,-0.004004499,-7.05E-05,-2.96E-05,-0.000548577,-2.45E-06,5.81E-06,-7.22E-06,5.75E-07,9.31E-88,2.97E-07,-9410.000409,0.000172244,0.001273467,-0.000101634,0.000103828,-0.000187965,5.47E-07,0.883017925,1.077642074,1.10376158,1.513965315,0.992805869,0.685433167,1.456071116,0,0.810751784,0,1.016327897,277.3533896,176314470
438589,11.94270448,4.791030795,18.65341598,75.09983839,1.627857635,1.992736008,1.239858421,1.224785412,1.709583249,0.557587847,6.800021061,39.68974652,-0.004792092,1.517966597,0.004062633,0.017177848,-0.004509063,-0.003955945,-8.42E-05,-7.97E-06,-0.000481519,-1.53E-06,-6.39E-05,-6.78E-06,0.011131263,0.001212203,1.49E-10,-0.497806223,0.00025556,0.001458658,5.20E-05,5.32E-05,0.000613844,0.000715029,1.104971142,1.043304244,1.097952115,0.586046559,1.255517743,1.018119847,1.233565688,0,0.434783641,0,0.927264129,279.5704458,176352774
441427,7.397797571,5.275894736,12.55269487,24.02149443,1.085834206,3.876432252,2.067501919,2.103412185,1.312264316,0.705124231,9.133659086,35.83299976,0.001328941,3.075289756,0.000722322,0.029194544,-0.005896903,-0.002579781,-6.75E-05,-2.09E-05,-0.000496741,-3.49E-06,-3.68E-05,-5.93E-06,0.026715044,6.00E-40,2.02E-12,-0.614986689,0.000279319,0.001025789,-9.88E-05,0.000172474,-0.000115597,-0.000417759,1.05345684,0.956445994,0.997622403,0.941176782,1.01666161,1.048263529,0.435872553,0,0.25828615,0,1.096357191,277.6716512,177485136
442894,2.434780295,3.848497275,7.32195809,25.01327311,1.527829063,3.94357408,0.617353171,1.373505857,0.299777109,0.307218652,6.713866892,33.84565207,0.005408265,0.10706581,0.001028145,0.009062152,-0.007185341,0.000785601,-7.15E-05,-2.02E-05,-0.000567459,-3.81E-06,2.26E-06,-7.81E-06,0.004423652,3.05E-20,0.012247054,-1.615404042,0.000245541,0.001331828,-0.000114081,-1.97E-05,-0.000293197,0.001790942,0.936262135,1.014488583,0.985180085,0.567911356,1.001915546,0.979268988,0.873131285,0,0.716009561,0,0.920983433,277.3921671,178070469
444449,14.65535592,2.68055794,14.37677422,85.82309759,0.942848085,3.196190498,0.425277808,0.794944012,1.458721255,0.449881602,8.00402945,40.83806102,-0.004794021,0.08086294,0.005555564,0.018888388,-0.005182849,-0.004348838,-2.57E-05,-2.88E-05,-0.000502524,-1.81E-06,-3.09E-05,-6.71E-06,0.00050705,0.059555103,2.06E-27,-3.312861363,0.000157511,0.001362088,8.67E-06,-5.08E-05,4.77E-05,0.000744701,0.869202017,0.845107438,1.136894202,1.114807792,0.423426012,0.825170706,0.946600172,0,0.858316103,0,1.015179407,277.3853807,178690914
447071,4.668432106,5.04533966,16.89662267,60.76269171,1.031415195,1.640030493,1.409486762,1.260357709,0.98673372,0.547349985,7.30011961,30.4855872,0.009613125,1.866759525,-0.001488262,0.012242874,-0.004874176,-0.000688292,-6.69E-05,-2.60E-05,-0.000558155,-7.56E-07,-2.36E-05,-7.17E-06,0.008221605,2.67E-12,0.021736103,-1.372157338,0.000202909,0.001581524,-0.000112518,7.98E-05,-5.83E-05,0.001217275,0.878376721,0.930982334,0.963887451,0.747708769,1.731630211,1.211434439,0.592920493,0,1.548117821,0,0.96341938,276.4724557,179737092
448592,6.53567295,4.762094154,9.789662266,77.73384826,1.826169946,2.281354304,1.128145142,1.290393136,1.525212738,0.601212745,7.429546763,33.78864314,0.004269712,-0.595335403,0.004008745,0.016868686,-0.003357152,-0.002913443,-7.35E-05,-2.67E-05,-0.000531791,-2.24E-06,-4.42E-05,-7.12E-06,0.002673633,1.38E-17,0.004255931,-0.482118355,0.00024109,0.001069031,-9.44E-05,-2.98E-05,-0.000215165,0.001466139,0.911472249,0.951178351,1.145157259,1.58493645,0.769649346,0.694192498,1.671416254,0,1.552254549,0,0.973663876,276.9931348,180343971
451177,2.901656928,4.214761568,21.91654365,74.89026495,1.884499388,2.128466032,1.195480202,1.343445793,0.799489165,0.380318616,6.985537746,31.15016562,0.003055908,6.958141985,-0.00111518,0.029938824,-0.005114542,-0.00303006,-4.57E-05,-2.69E-06,-0.000505314,-1.35E-06,-4.61E-05,-6.87E-06,0.008681674,5.71E-18,0.048084555,-0.021401944,0.000299671,0.0012695,-0.000213998,0.000196585,-0.000100338,0.002001781,0.97217689,0.99782669,0.882202596,2.051862922,0.788054254,0.786417438,0.794660074,0,0.162235006,0,0.939923749,278.1597806,181375386
451307,2.270479304,4.398099833,15.91410957,90.63901243,1.232346051,2.835143183,1.202288127,1.549472578,0.293777297,0.288589529,7.685759383,37.90992775,-0.000355716,-0.848295826,0.004184039,0.021859519,-0.004446992,-0.00328504,-6.68E-05,-2.12E-05,-0.000501894,-1.10E-06,-1.09E-05,-7.10E-06,2.02E-06,2.40E-09,1.98E-07,-4609.71555,0.000216913,0.001484412,-1.09E-05,0.00010574,0.000274129,0.001839321,1.331355611,0.974103063,1.113838665,0.716881954,0.807129617,0.834762548,0.688417827,0,1.121517602,0,0.992641629,278.3603862,181427256
452853,0.559082456,2.696480417,20.45826247,230.1737241,1.880636394,4.297334545,1.108792093,0.651163289,0.40957596,0.381017159,8.096433377,35.98733268,0.001058119,-0.55473681,0.004314413,0.020354717,-0.004609537,-0.001587808,-4.81E-05,-1.21E-06,-0.000547503,-1.88E-06,-4.72E-05,-6.83E-06,0.008065604,44.68493191,1.80E-10,-0.832811064,0.000269657,0.001331696,-0.000101264,2.43E-05,-0.000167399,0.001219286,1.155533097,0.885755519,0.854449807,1.729246397,0.423208679,1.219250638,1.487392937,0,0.335188415,0,1.021874075,278.3316418,182044110
453670,8.966698342,4.811901137,20.84551928,26.48206172,1.032532428,4.117340009,1.294455572,1.821016001,1.104130755,0.677816902,8.776677946,39.18989454,-0.005168064,1.990823192,0.005233425,0.028505578,-0.003982239,-0.003320909,-7.91E-05,-2.24E-05,-0.000558656,-2.92E-06,-4.12E-05,-7.21E-06,8.53E-07,1.44E-87,2.33E-06,-8369.125925,0.000200917,0.00122941,8.83E-05,9.40E-05,4.84E-05,0.001897152,1.037087221,0.973987507,1.008211214,-0.35671057,1.186847785,0.873317983,1.502838135,0,1.774887396,0,1.071068469,277.7709814,182370093
454684,14.92936979,5.104133213,5.385342694,98.99275927,1.301659992,2.007766656,0.521048736,1.232932156,1.120551069,0.442990671,6.45371463,32.91045414,0.002628224,3.489601879,0.002224494,0.035084936,-0.00507103,-0.00488474,-6.33E-05,-1.27E-05,-0.000503114,-1.92E-06,-1.68E-05,-5.66E-06,0.004824789,3238.304294,3.82E-11,-0.669056034,0.00019706,0.000799578,6.98E-05,0.000116371,3.54E-05,0.001922777,0.962118014,1.066938357,0.93484452,1.816391362,1.345148593,1.092489329,1.072366496,0,0.074156287,0,0.902045526,277.6416523,182774679
457135,3.14222333,3.112588448,4.679081875,188.1803245,2.115147452,4.268476397,0.772851789,0.957857165,0.915684442,0.49295144,9.579432525,35.34644214,0.000430388,-0.527088962,0.004441232,0.01260558,-0.003475174,-0.002833274,-4.57E-05,-1.91E-05,-0.000542237,-2.04E-06,-4.84E-05,-7.64E-06,7.46E-07,2.70E-90,6.69E-07,-2363.721318,0.000202186,0.001036476,5.76E-05,0.000102888,-8.30E-05,0.002049691,1.084685269,0.968935403,0.998610026,1.695454144,1.322196816,0.99237157,0.903793381,0,0.821217699,0,1.129411615,282.2406852,183752628
457816,12.35066215,4.219926705,23.69731936,107.4320411,1.723241119,2.505505727,0.955874255,1.040537801,0.811093196,0.485911822,7.123443075,32.8292146,0.002200139,1.607814007,0.004053945,0.038697801,-0.002558799,-0.001008209,-6.82E-05,-2.10E-06,-0.000554521,-2.35E-06,-5.98E-05,-6.91E-06,5.06E-07,1.12E-87,3.70E-06,-3518.694755,0.000196501,0.001337943,-9.08E-05,-0.000116661,0.000148009,0.001052586,0.845756292,1.019559541,1.128238513,2.090569153,1.100325995,1.26880627,0.53533966,0,1.320728944,0,0.950060717,279.1163363,184024347
458392,6.123056456,4.474669535,16.00316268,145.2999568,1.933713939,1.624368321,0.636756553,1.218714086,0.876363197,0.392111534,7.554321131,36.03152038,0.002603931,-1.112497309,0.003271754,0.022840486,-0.004388693,-7.46E-05,-5.05E-05,-5.58E-06,-0.000559312,-5.58E-07,-1.25E-05,-7.53E-06,0.011261913,0.781448526,1.81E-11,-0.170144208,0.000243354,0.000848717,-0.000115002,6.65E-05,1.50E-05,0.00092554,0.792461546,1.105391917,0.892330042,2.960242026,1.418353782,1.243710989,0.90519255,0,0.58196383,0,0.98263779,278.3324878,184254171
459388,9.039416225,2.566811961,40.74674798,91.99701112,1.484019852,1.06110228,1.287741318,0.615104476,1.528742653,0.354903765,8.981008342,35.37443156,8.52E-05,3.216586757,0.002933354,0.043164053,-0.003731634,-0.00159682,-7.31E-05,5.76E-07,-0.000621563,-2.06E-06,-6.07E-06,-7.39E-06,9.83E-07,0.000749867,2.61E-06,-292.8357773,0.000291008,0.000857854,-6.50E-05,6.21E-05,-0.000213393,0.001809215,0.732269034,0.994909169,1.085602814,1.003279486,0.67738105,1.361223733,1.153211511,0,1.438338014,0,1.085788089,277.5220153,184651575
465183,0.885067871,4.818216165,14.30021685,80.06131346,1.198394464,2.873818473,1.270334762,1.622209697,0.409479035,0.105260426,6.327008489,36.65216277,7.82E-05,1.78096432,0.002203112,0.026579834,-0.00471842,-0.005088479,-8.15E-05,8.01E-06,-0.000537473,-9.59E-07,-2.97E-05,-8.03E-06,0.01813045,4.78E-12,0.016707214,-0.631696893,0.000164218,0.001541012,2.43E-06,0.00017888,9.14E-05,0.001318008,1.199629211,1.061068134,1.012866439,2.607007809,0.817363366,0.759568678,1.11667378,0,0.707062978,0,0.89393828,277.9893836,186963780
470656,2.371587692,3.449527288,19.40747196,94.30402398,0.824608247,2.09559338,1.018903693,0.888713204,0.301931123,0.459808067,7.466195982,37.98808276,-0.001163834,1.475121108,0.004084377,0.01767037,-0.000196033,-0.003417131,-7.92E-05,-1.71E-05,-0.00059834,-1.68E-06,-4.35E-05,-7.02E-06,0.001254029,948.1132128,3.77E-29,-1.083747163,0.000242996,0.001091461,-6.96E-05,0.000174008,-0.00027013,0.001539572,0.995720334,1.151419196,1.092457902,0.324492674,0.373795796,1.04579166,1.055334574,0,0.023383673,0,0.97654261,275.3059516,189147507
470691,9.048536504,4.103770671,4.471351751,195.6609128,1.919591299,0.977618401,0.595125264,0.892862976,1.592961918,0.461296037,8.545643503,29.96835972,0.005847176,2.821628358,0.00125666,0.016468789,-0.003080981,-0.000970635,-5.47E-05,-1.18E-05,-0.000584609,-2.17E-06,-2.20E-05,-6.80E-06,0.005981033,0.390983704,0.003105279,-0.823776891,0.000255798,0.000977064,-1.49E-05,0.000169708,-0.000175354,0.00098336,0.985357809,0.932070673,1.040161944,2.062954566,0.665902803,1.138492333,1.327190782,0,1.571847769,0,1.054885355,280.1264499,189161472
470871,10.8565152,3.063278224,15.31012781,110.9076291,0.857217304,3.225486986,0.693655165,1.360035166,1.264704349,0.585998945,6.425201615,35.7187695,0.000265185,2.193932328,0.002867447,0.026938073,-0.002857978,-0.001647147,-4.94E-05,-1.65E-05,-0.000545481,-2.80E-06,-3.11E-05,-8.36E-06,0.009783996,0.002303824,1.47E-11,-1.227869555,0.000294456,0.001646542,-0.000176385,0.000101329,6.48E-05,0.001231628,0.880716954,0.899157571,0.872971755,1.090193037,0.519710096,1.077140198,1.684127927,0,0.523700438,0,0.899838835,276.8177988,189233292
471511,1.194544166,3.448040519,5.917814762,222.9299421,1.58220573,3.539820093,1.275233368,1.020888427,0.18912539,0.47347637,7.832973806,31.64999333,0.003563123,-0.13214953,0.005644847,0.02135115,-0.00280425,-0.00184913,-4.81E-05,-4.09E-05,-0.000550969,-3.00E-06,-1.77E-05,-8.02E-06,0.028493205,0.128252499,2.78E-17,-0.635871542,0.000228356,0.001583099,-4.89E-05,0.000158663,-0.000101696,0.000896584,1.089326619,1.000097101,0.940838912,2.61087638,0.94256615,1.199227566,0.762299429,0,2.896015182,0,1.003138288,279.6582892,189488652
474541,14.13090806,3.581121324,19.44907379,29.75925593,0.989736944,2.883254325,0.937256069,0.831825861,1.781085812,0.612360363,4.68976022,28.7042515,0.006928489,2.855991645,0.001880741,0.015627274,-0.004123159,-0.001011666,-6.38E-05,-3.95E-06,-0.000506765,-1.35E-06,-3.55E-05,-8.25E-06,1.41E-07,0.001416699,8.14E-08,-124.5570279,0.000228859,0.001370324,2.35E-05,9.43E-05,0.000111481,0.001484707,1.103894742,0.959274183,0.945773827,1.379436549,1.12859702,0.842632108,1.303486983,0,0.907844435,0,0.758183955,278.5704349,190697622
476979,5.394548473,4.998907816,15.95590547,49.890994,1.551417351,3.104865976,1.456874609,1.285660467,0.687761721,0.645435408,9.518007083,40.81871172,-0.005225883,-2.065326907,0.006694889,0.02561913,-0.005059989,-0.001526947,-9.14E-05,2.38E-06,-0.000591198,-2.54E-06,-3.68E-05,-8.46E-06,0.017752726,7.19E-34,0.081777934,-1.659373934,0.000218397,0.001638399,-0.000169268,0.000186005,0.000344042,0.001724884,0.926195934,0.907847139,1.215837522,0.949385313,0.748773261,1.070446198,0.962308043,0,1.326895117,0,1.123939275,280.5275721,191670384
477867,6.41500702,5.320123541,10.35578708,186.7048659,1.237658011,1.819698018,0.797874103,0.976668807,0.662562521,0.392748947,6.991162396,34.93892888,0.001569969,1.809337515,0.003239123,0.001997265,-0.003768832,-0.002853074,-5.82E-05,-1.52E-05,-0.000599586,-1.81E-06,-4.28E-05,-7.88E-06,0.029343869,1.09E-29,0.004880544,-0.7924934,0.000198051,0.001185243,3.53E-05,0.000195577,-0.000135683,0.000911004,0.97474952,1.038820945,1.224122157,0.675612107,1.035241086,1.097096345,1.261057228,0,1.351995305,0,0.940410211,276.4542828,192024696
479534,5.261439877,4.34657252,6.419754122,133.5020606,0.831432869,3.923177973,0.818024525,1.360750848,0.729355861,0.615821676,7.959703894,39.7060695,-0.002416196,-3.063877584,0.007590087,0.033175867,-0.002992173,-0.002176729,-3.68E-05,1.02E-06,-0.000557902,-3.25E-06,-1.89E-05,-8.11E-06,2.87E-07,4.07E-05,2.91E-07,-4371.286578,0.000200735,0.001461195,-0.000217826,0.000182453,-0.000114635,0.001023791,1.155392183,1.060919109,1.023703,1.263849394,0.362473821,0.965592145,0.552046728,0,1.174756068,0,1.012524897,277.5588233,192689829
480386,6.013460665,4.426870531,14.5725248,50.37497828,0.906483447,2.271272196,1.480292116,1.557952695,0.801266457,0.430228974,7.487719163,39.25129916,-0.003814486,0.10906872,0.004376979,0.013747497,-0.002937529,-0.003971721,-5.78E-05,-6.04E-06,-0.00057231,-1.97E-06,-3.41E-05,-6.06E-06,0.059593239,3.43E-39,0.440036186,-0.678938241,0.000257622,0.001001553,-5.92E-05,8.14E-05,-0.00021539,0.00157965,0.836002534,0.963993862,0.921390333,-0.384388041,1.162426129,0.830641944,0.993163969,0,1.376507243,0,0.978209153,280.6607156,193029777
480861,4.128395439,6.478862081,10.99568711,113.3765019,1.477039059,3.051174125,1.448165024,1.535479167,0.83354254,0.612319671,7.033061715,38.76921008,-0.000718205,-0.678566752,0.003325515,0.015835495,-0.00397843,-0.004360985,-5.15E-05,-2.83E-05,-0.000601899,-1.40E-06,-3.35E-05,-6.60E-06,0.003973432,3.39E-15,0.001933895,-0.988589832,0.000211933,0.001110578,5.56E-05,0.00013874,2.75E-06,0.000164551,0.904110315,0.993734359,0.927045295,1.12832667,1.191288777,1.162866023,0.543299094,0,1.249177801,0,0.943437965,278.0694047,193219302
482594,2.785560846,5.960241949,25.38724422,90.1254301,1.379589949,1.724141192,1.655683397,1.545045841,0.727100525,0.480867584,9.014740014,28.5896792,0.005108876,7.010079045,-0.001619171,0.002012211,-0.004285293,-0.001469071,-4.83E-05,-2.43E-05,-0.0005474,-1.57E-06,-1.49E-05,-6.83E-06,0.001132597,5.09E-05,3.31E-27,-7.225890289,0.000169412,0.000781136,1.24E-05,0.000139848,-3.44E-06,0.001018404,1.028687824,0.80174134,1.171694961,1.667717415,1.123670804,1.149091768,0.868750113,0,3.230245419,0,1.088213776,280.3170742,193910769
482697,1.590470061,4.045818569,17.02556112,227.4703594,1.841095835,2.10934786,0.972845686,0.941621578,0.772052872,0.527209743,8.26062212,32.0170447,0.005141862,5.050372649,-0.000470364,-0.001495049,-0.002477215,-0.000214629,-4.84E-05,-8.21E-06,-0.000573435,-2.48E-06,-2.53E-05,-7.52E-06,5.21E-07,4.82E-94,6.05E-06,-6852.873139,0.000259656,0.001000894,-6.55E-06,0.000125801,0.000103458,0.002182284,1.053397801,0.882373901,0.998213706,1.889364383,0.741486652,1.143502837,0.856239701,0,0.636018603,0,1.033589134,276.5404796,193951866
483125,7.950068937,4.961563298,10.68894094,144.3679775,1.54993053,2.591072711,1.210197479,1.418514827,0.880638775,0.566882474,9.514077176,32.4674129,0.004071666,4.986893519,-0.000671305,0.023508337,-0.002350215,-0.001869077,-6.62E-05,-1.85E-05,-0.000583623,-1.05E-06,-3.60E-05,-7.74E-06,0.005747342,87.73763746,1.13E-11,-0.628315744,0.000247317,0.001347095,-1.29E-05,0.000210277,-0.000427192,0.001650717,0.971151836,0.806197382,0.958378839,1.015758302,0.344835751,0.809413073,1.063510899,0,0.209697205,0,1.123655861,277.1977993,194122638
485745,9.30424914,4.268665343,18.45893042,120.3382282,1.632097935,2.379583441,0.898454531,0.687367234,0.963025223,0.637346404,8.800068819,36.91858563,0.000197828,0.249763071,0.004018564,0.018394912,-0.00528932,-0.00371547,-6.18E-05,-2.75E-06,-0.000478679,-1.40E-06,-4.36E-05,-5.17E-06,0.026917231,15.19345394,3.98E-16,-0.362148825,0.000269771,0.001410929,-8.22E-05,0.000127302,-0.000300322,0.000971104,1.137521661,1.045378895,0.845326022,0.349067119,1.548382101,0.949775398,0.743905838,0,0.638084873,0,1.072780591,277.1355044,195168018
486843,21.3671693,3.202546079,11.72498865,142.5332202,0.981936494,4.126712096,0.826589018,1.007970597,1.053220419,0.373185472,8.449569428,35.53616432,-0.000433291,1.235485761,0.00369542,0.015483165,-0.003691763,-0.003567206,-8.59E-05,-3.03E-05,-0.000563059,-2.01E-06,-3.56E-05,-7.13E-06,0.058063281,8.35E-44,1.792450694,-1.280315984,0.000202247,0.001574111,-7.96E-05,0.000124416,-0.000203311,0.001399574,0.877646248,0.96543525,1.005551251,1.257240573,0.514272031,0.713173911,1.0330731,0,0.669161888,0,1.048049082,280.0470083,195606120
489566,0.919379537,3.588192263,10.23476542,75.89522647,1.233090228,3.466248955,0.675774368,1.123539871,0.438159697,0.484191626,8.88518112,32.85322345,0.004615906,0.26095513,0.003393707,0.01167894,-0.007031503,-0.00224728,-6.20E-05,-2.76E-05,-0.000581522,-2.86E-06,-3.50E-05,-5.89E-06,0.034090661,2.59E-44,6.17228513,-2.263257137,0.000278204,0.001095138,-5.98E-05,0.000192409,-0.000120943,0.001232237,1.062037506,1.14282659,0.999260468,1.345996611,0.571440719,1.07974526,0.848988734,0,1.280311834,0,1.079154711,277.4619225,196692597
489630,18.32988723,4.012322953,25.23323401,165.2886641,1.386905652,2.595955778,1.192705567,0.769230107,2.174457408,0.51542457,7.781505166,32.81993242,0.003203141,5.44158667,0.000136645,0.032003454,-0.001495671,4.23E-05,-7.84E-05,-2.18E-05,-0.00059431,-2.84E-06,-2.77E-05,-7.72E-06,0.021818609,86.78264697,5.43E-19,-0.994973077,0.000221921,0.001612092,-0.000112245,5.76E-05,0.000310187,0.002011046,1.050757344,0.889116666,0.876761248,0.953986901,1.121325928,0.830365426,1.133451536,0,1.423344681,0,0.999601768,277.5614214,196718133
489672,1.880876114,4.251851683,7.265785002,160.3250656,1.631926307,2.362484578,0.57248683,1.477327513,0.323936232,0.394047006,8.251421801,29.59402178,0.005264886,4.815407473,0.00027438,0.024448537,-0.00338471,-0.003178392,-5.50E-05,-2.17E-05,-0.000553887,-3.28E-06,-2.50E-05,-7.07E-06,4.43E-07,1.03E-87,4.29E-07,-11482.53489,0.000256486,0.001407832,-3.77E-05,7.85E-05,-9.29E-05,0.001617395,1.162536826,0.952575027,1.221020965,0.437179088,0.86024394,1.047743089,0.854932355,0,0.013254515,0,1.032563449,278.4857568,196734891
489977,9.912167527,4.251028938,31.34419515,101.1101484,1.629949548,1.757204087,1.272960352,1.269511087,0.93664286,0.4103221,7.549094251,29.10674877,0.005253513,4.006395016,0.001063933,0.024527614,-0.002863709,-0.002181587,-4.36E-05,-2.49E-05,-0.000575783,-7.35E-07,-3.03E-05,-7.66E-06,0.008638636,3.108436934,1.45E-10,-0.237460725,0.000211776,0.001196916,-4.41E-06,0.000121295,-0.00060088,0.001094135,1.388260294,0.962832755,0.880155452,0.696751365,2.039853963,1.061202555,1.737804979,0,0.851977185,0,0.982257474,280.2823986,196856586
492020,2.191657319,3.491317428,23.48011464,24.17855225,1.26561632,3.180450897,1.286188616,1.466100924,0.280898554,0.299798216,6.179565486,33.52513068,0.00243588,3.204602476,0.001248164,0.011443991,-0.002678669,-0.002011267,-5.98E-05,-3.83E-05,-0.000545012,-1.76E-06,-1.52E-05,-7.78E-06,7.90E-07,1.83E-92,7.41E-07,-8501.217562,0.000334376,0.001518533,1.57E-05,0.000204387,4.73E-05,0.00151248,1.143975881,0.767137512,0.918922473,0.384370108,0.94065535,1.089620249,1.262265559,0,0.533309126,0,0.884085176,279.5167554,197671743
492323,6.438517463,6.003020451,7.654540566,119.3835211,1.465510576,1.758069715,0.735569273,1.259292148,0.89101837,0.360561098,7.548664627,31.27604796,0.006279609,0.862219038,0.002160653,0.027853576,-0.003409644,-0.001596274,-6.08E-05,5.25E-06,-0.000620288,-2.29E-06,-1.47E-05,-7.31E-06,0.015954999,0.351147507,1.90E-16,-1.086380845,0.000189032,0.001309705,-3.40E-05,-5.36E-05,-5.98E-06,0.001873138,1.052814768,0.779906816,1.090279522,1.485934108,0.505010863,0.620131473,0.951895063,0,0.456655905,0,0.98221492,277.1130761,197792640
493129,6.441869353,3.55395598,20.36230376,52.78684171,1.262515975,1.787283774,1.009906356,1.270177144,0.968942258,0.552909789,7.390212295,32.9833171,0.003964511,4.15813133,0.000879886,0.044879696,-0.004363426,-0.004141835,-6.07E-05,-1.91E-05,-0.000601528,-2.89E-06,-2.27E-05,-7.91E-06,0.005603173,2.37E-08,0.085091117,-1.406553749,0.000280671,0.001276308,-3.57E-05,0.000174227,-0.000199746,0.000955386,0.954077861,0.952397079,0.946810171,1.137486905,0.90514784,1.306596128,1.119634961,0,2.271484588,0,0.970411668,273.628053,198114234
494058,12.74845759,4.401777315,12.72329447,51.7286066,1.160080458,3.365819082,1.185931365,1.663169988,1.481233874,0.550304124,9.43114506,39.25686291,-0.004080628,2.922698701,0.002677896,0.016027185,-0.004716603,-0.000829111,-7.44E-05,-2.57E-05,-0.000559228,-2.94E-06,-5.98E-05,-8.22E-06,3.02E-07,4.60E-05,3.53E-07,-3322.649232,0.000189983,0.001624814,-8.30E-05,0.00013919,2.50E-05,0.000953304,1.012823071,0.974316892,0.823037711,0.860767749,1.150134852,1.024851865,1.310333028,0,1.149392768,0,1.117452073,278.9505998,198484905
495810,3.205829171,4.278314541,21.00206826,146.8886335,1.454775171,1.726504964,1.346477822,0.919110207,0.974223376,0.638754405,8.058504216,38.17351961,-0.001777394,1.015306417,0.004321314,0.018637897,-0.00498672,-0.003279125,-4.07E-05,6.44E-06,-0.000570359,-2.11E-06,-6.85E-06,-7.08E-06,0.009536909,5.09E-11,0.000683905,-0.498506028,0.000251201,0.001144611,-6.25E-05,0.000221358,-8.19E-06,9.69E-05,0.942212217,0.990911367,0.799042927,0.893137044,0.963432381,0.893416614,1.254576979,0,-0.270983645,0,1.019158791,276.5865351,199183953
497125,13.15375693,3.142034044,21.9747809,111.7771756,0.912663317,2.742987386,0.844436214,1.328243536,1.857675485,0.474298536,7.126429356,31.70192657,0.005854702,0.682293222,0.003083273,-0.007363611,-0.004354783,-0.002475389,-7.93E-05,-1.37E-05,-0.000510721,-2.06E-06,-5.83E-05,-7.41E-06,8.06E-07,3.74E-88,3.99E-07,-6197.462577,0.000222125,0.001404796,-0.00015381,0.000176989,-0.000296725,0.000653364,0.871884384,0.87591584,0.995886277,0.993639632,0.984046768,0.943184428,1.164762206,0,1.82597833,0,0.950241761,276.0453135,199708638
497988,1.820940108,4.765211853,4.924929004,106.6629545,1.324896101,2.694483982,0.655790313,1.343926103,0.481273914,0.423940419,8.584165987,31.78146977,0.003191876,-0.202937327,0.00604723,0.028759484,-0.005246699,-0.003249999,-8.73E-05,-3.60E-06,-0.000487771,-2.05E-06,-4.04E-05,-7.81E-06,0.027158169,4.448146741,6.02E-11,-0.700635784,0.000246671,0.001017424,-7.89E-05,0.000157674,-0.000194264,0.000863852,1.117066878,0.979953913,0.941638458,0.168929469,0.66290366,1.009028209,0.60414871,0,-0.264450083,0,1.057303785,279.5110935,200052975
498598,9.48771806,3.930834777,23.95008158,128.8612174,1.59674219,1.851469939,1.453815001,0.862375793,1.744214028,0.387846327,6.50709571,33.62893053,0.003069233,3.011855815,0.001136379,0.034867151,-0.004405065,-0.002003373,-7.60E-05,-2.67E-05,-0.000544482,-7.18E-07,-4.23E-05,-6.31E-06,0.077618593,1.32E-45,1.649272229,-0.731033202,0.000287501,0.001676219,-1.81E-05,0.00011524,-0.000224991,0.00136252,1.14464046,0.956992869,0.936468722,1.078229642,0.924069724,1.19824777,1.004734268,0,1.579223807,0,0.905885623,277.4616417,200296365
501118,14.5800173,4.492553744,29.01017825,55.23931704,0.696128375,2.795855288,1.265782187,1.051160359,1.144958956,0.742213095,7.985745174,38.24806743,-0.004215163,2.379658858,0.003800661,0.00859318,-0.004589771,-0.002824602,-6.34E-05,-1.00E-05,-0.000598927,-1.97E-06,-2.43E-05,-7.31E-06,2.22E-07,4.13E-06,3.20E-07,-23179.89768,0.000170291,0.000873311,-4.94E-05,5.40E-05,9.89E-05,0.002372232,1.323789109,1.059604224,1.339845084,1.341605438,1.323779555,1.107425644,1.496008454,0,0.155933508,0,1.014285616,279.9199829,201301845
501391,2.301945552,4.362395153,20.98535926,61.71672426,0.991967482,3.294429919,1.103451354,1.400578341,0.422663131,0.408303146,9.173371834,37.84142713,-0.002257572,1.122089843,0.004087859,0.015397502,-0.006753406,-0.003200699,-6.69E-05,2.48E-06,-0.000534642,-2.42E-06,-4.81E-05,-6.00E-06,0.014374876,10.11862293,0.000547396,-0.768172484,0.000251764,0.001937948,-9.59E-05,0.000162029,0.00010554,0.000620877,1.094863165,0.97328338,1.006427817,0.586229731,1.123483919,1.127036018,0.967244873,0,0.22068781,0,1.099101136,278.6096846,201410772
504930,0.60398961,5.194984866,41.65822149,66.87603893,1.126442285,1.496469589,1.67488331,1.128280557,0.317697679,0.268666951,5.685138713,37.16378054,-0.001594855,0.318536987,0.004914468,0.023566761,-0.002384951,-0.003604743,-6.51E-05,1.18E-05,-0.000517503,-1.95E-06,-4.04E-05,-7.76E-06,2.97E-07,2.06E-10,2.13E-06,-10096.43956,0.000238591,0.00081088,-0.000107564,7.93E-05,3.07E-06,0.001290322,1.30151677,0.813446152,1.007676526,0.190815377,1.052825663,1.183482816,0.74174335,0,1.402565105,0,0.847016047,279.9528686,202822833
507624,3.287619267,3.570499505,11.0089166,67.17746556,0.694942493,2.18245873,0.800947488,1.480920976,0.852404507,0.393822011,5.577886185,31.65343509,0.007141111,0.73912428,0.001366697,0.018269484,-0.00279565,-0.002564402,-6.56E-05,-2.29E-05,-0.000545647,-1.42E-06,-1.97E-06,-5.26E-06,2.40E-07,1.09E-07,5.40E-07,-28540.93173,0.000163282,0.001576509,-0.000107495,0.000182761,-0.000161878,0.001101897,1.003050166,0.980304665,0.720119931,0.766587818,0.266774972,0.969486563,0.818323478,0,1.740430198,0,0.839748668,276.3214385,203897739
509850,11.83955372,3.552302024,15.89557221,52.72809057,1.183555628,2.787259006,0.814009047,1.156848407,1.166960142,0.39608132,6.514203163,31.20685861,0.001214102,5.762886579,0.000511273,0.019117335,-0.004964282,-0.005708032,-5.97E-05,-1.47E-05,-0.000462556,-2.38E-06,-2.79E-05,-7.09E-06,0.039557237,1.08E-36,3.44E-13,-0.029486295,0.000261694,0.000636657,-0.000189234,4.36E-05,2.16E-05,0.000963638,1.03886561,0.92668618,1.207895274,1.646345414,0.465081649,0.909421375,0.966370932,0,0.36657338,0,0.906408973,280.3031499,204785913
510531,1.548580638,3.709200533,19.59650929,88.98556008,1.227133929,2.43472954,0.98776119,1.216472379,0.445374769,0.369241059,6.830243021,38.29975495,-0.002654296,-0.741139774,0.006249259,0.011729665,-0.005263286,-0.003909937,-8.19E-05,-2.48E-05,-0.000511021,-3.50E-06,-1.28E-05,-8.27E-06,0.000498167,6.41E-06,3.32E-27,-9.785324298,0.000242316,0.001371736,-1.56E-05,0.000188758,0.000378899,0.000422129,0.657850433,1.123104831,1.04372135,1.909912762,0.441020282,0.815716666,1.190752382,0,0.477715909,0,0.929119037,277.835445,205057632
510822,3.265378555,4.98401812,27.75461133,142.8050608,1.33697085,0.980910184,1.188956179,1.050816769,0.498906356,0.493572647,7.347948482,37.09471032,-0.000769684,2.208406248,0.002416361,0.019636168,-0.003003333,-0.0046739,-5.28E-05,-2.02E-05,-0.000582757,-1.97E-06,-3.06E-05,-8.61E-06,8.45E-07,1.36E-91,4.65E-06,-4619.818304,0.000238273,0.001361763,-1.52E-05,0.000138197,-0.000135183,2.12E-05,0.981815669,0.98959428,1.015276036,1.537062065,0.818727116,1.042615101,1.480693994,0,1.740390442,0,0.966740345,278.1260983,205173741
511329,10.03791894,5.638479014,12.93496385,130.1556712,1.177724948,2.488243919,0.751428833,1.565055716,0.924833555,0.553254918,7.080450499,33.47098767,0.001519797,1.318812726,0.004053952,0.033197737,-0.003133025,-0.00376479,-5.42E-05,1.74E-05,-0.000523735,-3.65E-06,1.36E-06,-6.65E-06,0.00836741,0.059970561,6.87E-18,-1.46690831,0.000248066,0.001460902,-4.54E-05,4.91E-05,0.000157845,0.001843968,0.958177872,0.854132785,1.062029348,0.785210154,0.500095773,1.134610585,0.9298361,0,1.703233776,0,0.947127105,279.5295617,205376034
511812,10.40855243,4.337148064,5.997462466,81.93253336,1.273579957,2.641473607,0.814508919,1.214103817,1.394873796,0.465046113,7.883439736,41.53851031,-0.004460515,-3.214144282,0.007385284,0.004601034,-0.005800605,-0.003647908,-6.15E-05,-1.59E-05,-0.000596148,-1.48E-06,-3.52E-05,-7.25E-06,0.031000285,2.17E-33,0.1875895,-0.764983853,0.000154123,0.002000549,-4.62E-05,0.00011264,3.32E-05,0.001874484,0.964132076,0.919736936,1.17458566,1.155566035,1.487426441,1.09311561,0.341174294,0,0.074809636,0,1.006986864,278.379494,205568751
513619,6.036077282,4.517269657,7.745533108,95.00525147,1.439277661,1.9205657,0.707470093,1.164901707,1.194453839,0.298357395,7.178394987,35.24505726,0.001541057,1.836820566,0.003257844,0.020310596,-0.004651699,-0.002890901,-9.14E-05,-7.15E-06,-0.000545988,9.89E-08,-3.69E-05,-6.89E-06,0.004033225,3.72E-17,0.000744036,-1.991828689,0.000232048,0.001207759,-3.16E-05,0.000108385,2.66E-06,0.001697192,0.8434432,0.969913095,0.966635894,1.414892882,1.21918578,1.20103298,0.779441113,0,0.332373902,0,0.954310942,276.1310054,206289744
514069,1.631405227,2.274599754,16.48381792,179.9237941,1.437616724,2.706559882,0.694348487,0.800195525,0.348225422,0.274530854,8.234464046,31.68693113,0.004263899,1.747268977,0.003078229,0.027919479,-0.003957423,-0.001196085,-5.87E-05,-2.04E-05,-0.000559503,-1.78E-06,-4.12E-05,-7.94E-06,0.068545863,5.71E-42,0.038929595,-0.691017933,0.000216072,0.001567764,-0.000180984,0.000109182,0.000347427,0.001802687,1.022572834,1.017893555,1.073968851,0.878229957,1.427774364,1.151962665,1.763796745,0,1.431291174,0,1.031365664,277.8947035,206469294
516682,5.058892129,5.940766874,23.24982267,157.2310689,1.276806078,2.051711851,1.62926526,1.332988977,0.913023668,0.574714692,7.338236353,38.05251733,-0.001324044,-0.662365055,0.004866722,0.013522547,-0.002341949,-0.000534719,-6.75E-05,-3.46E-06,-0.000521085,-3.03E-06,-3.55E-05,-9.01E-06,0.004278164,9.05E-05,0.166371371,-1.260182627,0.000218933,0.00140542,-5.68E-05,0.00018852,4.75E-05,0.00134709,0.872238754,1.022770927,0.939930152,1.419625464,1.182045263,1.169860375,1.042724471,0,-0.098640359,0,0.966084261,278.2066208,207511881
517053,13.128497,2.08271672,13.61857006,126.651972,1.278912215,9.757935896,0.937837815,1.353158586,1.696101045,0.459432903,9.172057771,30.31519769,0.006124164,6.467908599,-0.002400231,0.03894292,-0.004238599,-0.003620322,-8.31E-05,-4.42E-05,-0.000500605,-1.39E-06,-5.12E-05,-6.63E-06,0.006695895,26.97831941,5.77E-19,-0.545577817,0.000246008,0.000711481,-0.000107841,6.75E-05,-1.81E-05,0.000435323,1.080333519,0.924248792,1.184661991,0.466503328,0.654086721,1.087146158,0.834981999,0,0.723954585,0,1.099001528,276.7350288,207659910
518493,7.878766281,5.001028231,32.81507761,38.63174514,1.370684677,1.204419988,1.331336844,1.616395142,1.158486995,0.511628444,7.961261214,33.59241638,0.00302015,2.363781915,0.001607639,0.023464785,-0.006329361,-0.003614217,-5.99E-05,6.10E-07,-0.000523832,-1.81E-06,-2.03E-05,-5.49E-06,0.017197608,18.21465156,1.18E-16,-0.561259074,0.000316542,0.001754604,-7.32E-05,-4.41E-05,0.000574531,0.001822734,1.051436492,1.135053532,0.948137572,0.04042656,0.911955155,1.052711701,1.146899826,0,1.143004272,0,1.012653067,277.8463725,208234470
518890,4.992484597,4.673563843,25.44595647,33.3293645,1.456440779,2.609720163,1.407903058,1.712297031,1.101607665,0.483479193,9.029504208,36.07424194,-0.000203792,1.573444681,0.002976501,0.023553681,-0.001851733,-0.005442442,-6.43E-05,7.76E-06,-0.000518437,-2.81E-06,-3.33E-05,-7.82E-06,0.042971058,3.52E-34,1.08E-12,0.027711543,0.000210578,0.001156963,-2.40E-06,-4.89E-06,-0.000638616,0.001543576,0.766195272,1.099678083,1.086398896,0.280739907,1.613758415,1.107775116,1.211047019,0,1.063581,0,1.089267267,278.9762654,208392873
519902,15.3635253,4.76748983,21.71245724,99.63442068,1.535378128,1.035312434,1.063012696,0.874959906,1.823087263,0.533469983,7.687296917,35.83638923,0.002075528,0.717155227,0.002664363,0.016578093,-0.001553992,-0.000758029,-3.94E-05,-9.66E-06,-0.000541573,-2.46E-06,-4.95E-05,-7.20E-06,2.59E-07,2.16E-06,3.51E-07,-15273.05883,0.000205324,0.001912364,6.33E-06,7.45E-05,-0.000295984,0.000893541,0.934810744,1.049214492,0.782971831,0.41730059,1.358713145,0.696084511,0.99864976,0,1.157453232,0,0.992721341,276.6595197,208796661
520107,8.317035448,4.385840147,12.0242062,61.52290244,1.555012969,3.314116578,0.873901337,1.588488808,0.988167077,0.300548491,8.110096581,32.28423411,0.003914764,2.412609102,0.002136717,0.022829367,-0.00435032,-0.002661198,-4.47E-05,-3.49E-05,-0.000558489,-1.17E-06,-4.27E-05,-7.40E-06,0.015291348,1.97E-31,0.831787179,-0.54409727,0.000209698,0.001267827,-9.06E-05,0.00019347,6.06E-06,0.000466051,1.073481117,1.116857635,0.819244174,0.227558544,1.049962467,1.093315173,0.511433588,0,0.42638959,0,1.022540561,277.9934362,208878456
521156,11.04141721,4.127006053,14.85388874,100.4752819,1.194348113,2.086177188,0.799913283,1.121870392,1.013908773,0.330511695,7.616590453,32.59807123,0.004508951,0.978349244,0.002249368,0.037703651,-0.006901031,-0.001453034,-7.60E-05,4.10E-06,-0.000558322,-2.71E-06,-4.55E-05,-8.08E-06,2.35E-07,0.000678015,2.78E-06,-290.84633,0.000249299,0.000963759,1.25E-06,3.64E-05,0.00014258,0.001527231,1.241574931,0.968776741,1.120514615,0.234419417,0.927113344,1.032617285,0.949445878,0,1.456978305,0,0.987239911,279.5285161,209297007
521628,2.373911305,3.836846931,14.24633906,88.4542342,0.610563128,2.74170559,0.679791645,1.136595165,0.427643639,0.58550651,6.749075775,36.9047981,0.00059547,0.965891282,0.002081105,-0.001031515,-0.004094727,-0.001967406,-4.94E-05,-1.59E-05,-0.000634629,-4.14E-06,-5.20E-05,-8.82E-06,3.31E-07,7.32E-05,1.07E-07,-2355.177911,0.000234366,0.000681803,-0.000111037,0.000154312,0.000106372,0.001208073,0.820401683,0.917551663,1.024982044,1.161751502,1.022866897,0.943489408,1.390607766,0,1.397545966,0,0.92357135,277.4415255,209485335
522484,4.784465757,4.132463324,12.76853909,41.45480914,1.224888784,2.903078874,0.921317792,1.287765169,0.401963276,0.482809883,7.662988018,42.16954169,-0.00704155,-0.837417264,0.006600803,0.025810644,-0.001966686,-0.002734488,-4.94E-05,-1.68E-05,-0.000571128,-2.65E-06,-1.15E-05,-7.75E-06,0.011777572,326.6503979,8.64E-12,-0.750665125,0.000242855,0.001415202,-0.000149225,0.000164107,-0.000422249,0.001963746,1.002612763,1.025491194,1.082440948,1.275263739,1.222071966,0.754535657,0.621327326,0,1.50885847,0,0.990671257,278.9911632,209826879
522584,16.39481809,4.091931814,10.72967524,114.7755196,1.878747063,3.668302595,0.806994917,1.088078269,1.232831593,0.5556331,9.360810895,29.99758709,0.007688537,2.526454046,0.000103327,0.014710325,-0.004052432,-0.001161087,-6.19E-05,-2.07E-05,-0.000557628,-2.54E-06,-3.94E-05,-8.16E-06,0.007133962,156.9816814,2.92E-11,-0.594256509,0.000220158,0.001338148,-0.000141082,0.000219323,0.000232219,0.000937482,1.089052321,1.018721334,1.054420846,2.066648948,0.819872339,0.966822848,0.696244695,0,1.232730394,0,1.112438498,277.9123834,209866779
527178,3.076770353,3.851728516,16.45952588,50.8990027,1.488825039,2.012719721,1.001727341,1.205900749,0.669827984,0.46354071,6.060979589,35.27690703,0.001653198,1.808383533,0.00211565,0.032989802,-0.005348978,-0.001808739,-7.66E-05,-4.18E-05,-0.000508903,-3.04E-06,-4.88E-05,-7.49E-06,0.097965027,2.11E-44,0.022902562,-0.304848793,0.00025127,0.001307163,-9.10E-05,0.000193442,7.86E-05,0.001463294,1.098896174,0.853401231,0.981088584,1.587884712,1.27957639,1.080574633,0.737490921,0,1.827774737,0,0.875181963,277.80639,211699785
528878,4.084536815,2.982710626,12.2398382,104.0507487,1.172084823,2.725158011,1.233167537,1.152958297,0.411968377,0.353925502,7.57536649,32.80422641,0.007091208,1.479812624,-0.000925483,0.022723362,-0.002478662,-0.003813919,-4.95E-05,-8.16E-06,-0.000549661,-2.47E-06,-6.14E-05,-6.72E-06,0.045359705,3.66E-41,5.014666283,-0.943080925,0.000241001,0.001607673,-0.000147092,6.76E-05,-0.000124319,-0.000287858,1.081695432,1.00607225,1.053543459,1.274733459,1.377361643,0.952436964,0.772243283,0,1.620031401,0,0.98410108,276.6894408,212378085
529934,1.174849057,4.017670932,9.984612393,112.5327708,0.860836143,1.531083769,0.604492248,1.18334416,0.148891842,0.185205759,6.741559478,40.05161585,-0.004143479,-0.286848983,0.005751406,0.012814465,-0.003165355,-0.001712365,-6.14E-05,-3.18E-05,-0.000544816,-3.24E-06,-2.57E-05,-7.77E-06,4.58E-07,2.31E-93,2.22E-06,-13534.34299,0.000318449,0.000951891,-0.000189885,0.000146635,6.73E-05,0.001131524,0.887596221,0.966009831,0.999289634,-0.328483829,0.856901507,0.864482376,1.066061,0,-0.141479635,0,0.923077627,277.4772248,212799429
531522,6.103405121,4.82773581,13.86301932,59.24579815,1.499084175,2.627797668,1.24416902,1.242107219,0.578257332,0.569584973,7.525127386,36.72045227,-0.001692673,0.819935119,0.00506352,0.019057643,-0.000418188,-0.004147842,-8.01E-05,-1.73E-05,-0.000566984,-4.42E-06,-5.75E-05,-8.79E-06,0.002656833,1.73E-23,0.001742819,-1.154441511,0.00021446,0.001390175,-7.43E-05,5.62E-05,-0.00028454,0.000884587,1.108535629,1.097112486,1.064100681,1.247848066,1.17691535,1.201083572,0.998856126,0,1.689787609,0,0.980388573,278.9096312,213433041
532136,25.20602216,2.113676973,20.85077708,218.1892284,1.157131389,4.139120237,0.69702127,0.512021251,1.316481145,0.318285168,8.786413982,37.35707646,-0.001360355,0.877554901,0.003906092,-0.009273571,-0.005180142,-0.002716797,-7.33E-05,-4.57E-05,-0.000584157,-2.23E-06,-5.46E-05,-7.23E-06,8.96E-07,4.65E-06,6.49E-07,-8333.189401,0.000201801,0.000905409,-1.18E-05,0.000213522,-6.61E-05,0.001324138,1.09420739,1.031575776,0.958452165,0.877343717,0.581244611,1.066591468,1.299780722,0,0.96130825,0,1.071842953,279.8849682,213678027
532193,19.34981681,2.690372478,28.4925062,44.42596211,0.924413806,3.106787748,1.182519834,1.386228681,1.576487003,0.517682857,6.313211125,31.33405271,0.004371314,4.230446999,0.000949347,0.028620701,-0.003586258,-0.002914297,-4.41E-05,-2.22E-05,-0.000514865,-3.04E-06,-2.47E-05,-6.78E-06,2.50E-07,4.08E-06,2.47E-07,-21713.76709,0.000287302,0.001166595,-7.56E-05,4.27E-05,0.000173464,0.00161851,1.010855707,1.060819662,1.17328273,1.365778273,0.878779946,1.162159725,1.005994817,0,1.534159026,0,0.893067066,277.3757518,213700770
532888,4.054820576,4.511418282,14.08061647,79.57528916,1.02658629,1.506561646,1.17964576,1.338450433,0.441231978,0.430619803,8.447728704,38.19246161,-0.001373695,1.41937092,0.002830378,0.019745295,-0.001840739,-0.004152181,-7.27E-05,-2.58E-05,-0.000514489,-5.49E-07,-1.99E-05,-6.43E-06,2.81E-07,0.003860845,3.46E-08,-57.21449519,0.000251073,0.0006202,2.73E-05,0.000171709,0.000145657,0.002035383,1.078343685,0.959385315,0.93823227,1.40070756,0.848078608,1.012111314,0.619502343,0,1.153042249,0,1.047890571,277.5562628,213978075
535896,11.79904916,4.355899258,27.1949471,42.16629173,1.192364186,1.650773595,1.03947497,0.812254231,0.957049654,0.344990774,7.152279491,32.39758661,0.005933931,2.922378083,-0.000844538,0.0040651,-0.005946098,-0.002111205,-5.30E-05,-2.81E-05,-0.000599506,-2.90E-06,-3.37E-05,-7.82E-06,6.59E-07,7.65E-06,2.61E-06,-6976.339473,0.000234918,0.001069194,-6.87E-06,5.14E-05,-8.33E-05,0.000840649,0.908642527,0.860664006,0.907357971,1.408668407,0.773022057,0.895309927,1.216422883,0,1.724098864,0,0.952312009,278.8165191,215178267
535915,0.568610007,3.064783367,14.84118897,90.20872688,1.079723497,4.907115757,0.921587391,1.505646407,0.449493701,0.370075525,6.121105018,31.61353954,0.00520426,1.143810486,0.002812685,0.034093641,-0.006117876,-0.003150436,-8.41E-05,-5.19E-06,-0.000570053,-2.47E-06,-2.70E-05,-6.71E-06,0.005830549,8.03E-10,0.001560524,-1.778132298,0.0002355,0.000982788,-0.000137866,0.000113409,-7.63E-05,0.00141236,1.00248082,1.18932905,1.060361466,0.889993511,1.086301389,0.976036756,0.796032772,0,0.961235507,0,0.87949613,278.5409252,215185848
536416,4.886492702,3.896947432,14.98680932,95.7666937,2.053333747,3.035467051,1.264667339,1.178768257,1.264306962,0.571554404,9.242092204,28.70604467,0.005974589,5.212235123,0.000248724,0.033320684,-0.004161989,-0.002641684,-7.27E-05,-3.53E-05,-0.000590077,-2.09E-06,-1.29E-05,-6.15E-06,1.85E-07,8.02E-08,3.36E-05,-1130.098581,0.000265975,0.001258839,-4.64E-06,1.42E-05,-0.000170685,0.001964129,1.058754054,1.051281037,1.240272789,1.108242354,0.90242815,0.915990534,0.878611257,0,0.242938171,0,1.103702475,279.8551125,215385747
537302,0.835059553,5.088817262,17.94678378,103.348347,2.369763142,1.486014426,1.414671819,1.020974698,0.554761649,0.62187177,9.680421125,35.81983985,0.000894571,-0.85528233,0.004613128,0.017021714,-0.005066262,-0.001651642,-6.62E-05,-2.14E-05,-0.000565338,-2.64E-06,-1.11E-05,-8.39E-06,0.032967582,6.115986495,4.14E-10,-0.318889628,0.000226044,0.001623434,-4.59E-05,-1.15E-05,2.70E-06,0.000947026,1.161185021,0.917377285,0.903074732,1.304929817,0.857388679,0.913488718,1.095242964,0,0.830752254,0,1.136458399,279.2808455,215739261
537947,3.258632545,2.777303454,22.29425675,97.53271803,0.6890842,4.046728317,1.394887219,1.203668657,0.582597306,0.40240417,8.533318889,30.5888953,0.006268917,0.682053552,0.002856715,-0.009215243,-0.001365265,-0.002705587,-5.96E-05,-2.44E-05,-0.000582482,-1.91E-06,-3.40E-05,-7.29E-06,0.077004477,5.90E-43,0.359030433,-1.193523057,0.000273226,0.000816876,-4.99E-05,9.73E-05,-0.000247033,0.001028751,0.986468353,1.007041125,1.155683813,1.76587413,0.788552544,0.824418131,1.017792481,0,1.934815356,0,1.054150736,279.7351004,215996616
540728,9.186566071,5.706950138,26.0108912,69.1980331,0.956434199,2.226089898,1.758529919,1.411579769,0.752014644,0.493644297,7.9120203,31.85113911,0.005460572,0.233037648,0.003543402,0.011197037,-0.003373929,-0.003524671,-4.86E-05,-2.06E-05,-0.000546725,-2.60E-06,-2.84E-05,-7.27E-06,0.005171001,5689.873279,0.009745639,-0.917075974,0.000226863,0.000843854,6.41E-05,9.06E-05,-0.000183935,0.001873856,0.900465141,1.017492247,1.077177652,0.168899855,1.376834228,0.922445286,1.414673048,0,0.141102029,0,1.009092732,277.0278126,217106235
543003,7.791942907,3.29745927,14.42416116,113.9128554,0.95539563,2.71799406,0.981887908,1.296030792,1.074052658,0.469535257,8.192770749,31.39349635,0.002703829,1.903114766,0.002860655,0.038977976,-0.006387676,-0.001237935,-6.02E-05,-2.90E-05,-0.000519872,-2.18E-06,-3.76E-05,-6.90E-06,0.018492063,0.137623817,7.64E-17,-1.008438934,0.000200267,0.001736088,-8.38E-05,0.00016366,8.37E-05,0.00091748,1.121768616,1.025534198,0.995932146,0.733649644,1.375971354,0.914361933,1.025203152,0,0.891599733,0,1.028626192,282.6721603,218013960
543325,1.610539754,3.558753361,9.580957854,121.0884909,1.025604419,3.552792091,0.660632798,1.299329793,0.831553081,0.389562601,7.926964203,31.09529755,0.00943273,0.259481499,0.000217898,0.024332452,-0.006466877,-0.001754873,-4.77E-05,-4.34E-06,-0.000536824,-2.12E-06,-3.64E-05,-6.74E-06,0.035184328,8.99E-37,1.54E-12,-0.532254936,0.000232669,0.001300494,-1.88E-05,0.000105334,-0.000214751,0.000291524,0.867812747,0.866486521,1.187304446,0.289553867,1.0476568,1.156218963,0.935808613,0,1.496446519,0,1.010010266,274.7692581,218142438
543592,3.111858541,5.040851356,20.05989793,135.8300656,1.309306272,1.346595372,0.862616282,1.430758983,0.725868936,0.490545857,8.549749859,32.9465878,0.001892189,3.969877157,0.001728258,0.030921075,-0.002386121,-0.005510113,-7.91E-05,-2.40E-05,-0.000543223,-9.68E-07,-4.58E-05,-7.69E-06,0.00719143,0.155994892,7.03E-12,-0.770092058,0.000251372,0.000904175,-4.94E-05,0.000261819,9.75E-05,0.001173325,1.168036314,0.915775744,1.185386688,2.208005277,1.315095558,0.989719546,0.619768665,0,-0.038836083,0,1.055118202,278.6358514,218248971
545193,12.83981939,4.59666574,12.48624574,63.84904207,0.94351735,3.253529868,1.148847198,1.39515367,1.387665757,0.600040973,8.570266327,32.56681263,0.004143204,4.925349033,-0.000669064,0.008681418,-0.001576174,-0.003538615,-6.43E-05,-2.29E-05,-0.000559574,-2.62E-06,-2.64E-05,-7.36E-06,0.041277704,7.98E-44,17.33153895,-1.969658129,0.000279272,0.000719678,3.30E-06,0.000176855,0.000495544,0.000957665,0.963361324,1.269061627,1.072979422,1.342208521,0.933744734,1.157563449,0.799057675,0,0.595494768,0,1.056448903,278.8080502,218887770
549870,11.05910659,2.24329204,17.55321265,125.030892,1.216133594,1.99414159,1.173876248,0.852703303,1.1467831,0.299310467,7.925696417,34.63947575,0.002228027,3.012591131,0.001504891,0.01424315,-0.005093878,-0.003395164,-5.00E-05,-7.91E-06,-0.000555375,-3.26E-06,-2.45E-05,-6.79E-06,0.048999017,1868.083231,1.83E-17,-0.780148796,0.000203638,0.002075692,-0.000147067,4.59E-05,-0.000236177,0.001690097,1.260486243,0.921821396,1.15564736,1.443197454,0.731834617,1.118798442,1.041887498,0,0.953192194,0,1.0099177,276.6284465,220753893
550557,0.53682227,3.462433705,13.14977842,97.75350643,1.206676468,1.84164588,0.866511934,1.057452599,0.26130134,0.20832612,6.094231411,31.10120133,0.005613664,5.289179987,-0.001559337,0.032399341,-0.005328358,-0.001733633,-7.49E-05,-3.57E-05,-0.000525142,-2.64E-06,-3.72E-05,-6.06E-06,0.012241253,4.37E-39,1.02E-12,-0.964035411,0.000251482,0.001292989,-0.000194775,0.000122895,0.000225638,0.001236109,1.157065941,0.986630025,1.079455419,0.341868516,0.839407798,0.957449137,1.619856927,0,-0.014694362,0,0.87765463,275.9103198,221028006
550674,10.49649865,3.898955449,19.4311316,40.36143115,0.812468678,3.543134625,1.288017797,1.537472399,1.388182482,0.495079282,8.287181185,38.21711578,-0.002115679,-1.338130767,0.006010395,0.029491852,-0.00543106,-0.002423126,-6.95E-05,-6.51E-06,-0.000555393,-2.50E-06,-3.04E-05,-9.35E-06,0.007838333,6.90914851,3.56E-10,-1.156339341,0.000253399,0.001303791,3.21E-07,4.89E-05,-0.00017634,0.001210952,0.808746577,1.037110936,1.090953713,1.602914259,0.701133194,1.199844332,1.105440597,0,1.331110006,0,1.035324064,279.4077277,221074689
551635,1.808228924,3.051539198,12.79441361,47.81177956,1.058400181,4.095750481,0.976974322,1.287914655,0.554567245,0.444058036,6.766840608,39.21159824,-0.003540855,0.454392769,0.00538588,0.030717571,-0.00266124,-0.004691451,-5.94E-05,1.02E-05,-0.000524019,-3.47E-06,-3.15E-05,-7.04E-06,0.005785661,1.65E-15,0.075911302,-1.658239714,0.000239793,0.001614768,-4.05E-06,0.000128886,-0.000303781,0.002100442,1.101228214,0.992194541,1.159501294,1.107012208,0.660564563,0.944501506,0.964555104,0,0.660599475,0,0.924702382,276.098371,221458128
551890,6.550675873,4.161807438,17.43654313,50.98087553,1.643935169,4.11444179,1.147638507,1.617610228,0.607089096,0.442595465,7.344923489,36.28028244,-0.00014955,2.228428062,0.002562063,0.021515321,-0.005042182,-0.002875531,-5.65E-05,1.55E-05,-0.000536981,-2.47E-06,-3.26E-05,-8.95E-06,0.020724039,7.90E-34,0.018815892,-0.850084505,0.000258353,0.001055875,0.000139572,7.67E-05,0.000221028,0.000741175,1.075768938,1.116874831,1.036666258,1.399509208,0.279123097,0.727638869,0.76920389,0,2.024239644,0,0.966536464,279.1066428,221559873
556508,14.23700499,4.52950715,23.34667633,75.93036856,1.015636123,3.312647359,1.492153772,0.775046055,1.507014402,0.681417532,8.776694042,32.63875543,0.00250146,5.384520767,0.00088027,0.015033078,-0.007482517,-0.001999179,-4.62E-05,-5.95E-06,-0.000490854,-2.63E-06,-5.47E-05,-6.61E-06,0.003574295,0.120630438,3.87E-18,-2.243546086,0.000264452,0.001443626,-0.000123501,0.000252332,-5.46E-05,0.001743527,1.101473011,1.034109497,0.896343293,1.241586512,1.630306711,0.92007899,1.287298062,0,0.714675863,0,1.071069496,279.2362703,223402455
560948,6.907742458,3.902141431,13.17786252,116.7744629,0.938150312,4.176532815,0.764821578,1.273081926,0.671305894,0.623329334,7.971529955,34.17895068,0.000473735,1.363505182,0.004097417,0.027144606,-0.002677995,-0.001540952,-4.74E-05,-4.75E-06,-0.000545043,-1.47E-06,-5.16E-05,-6.64E-06,2.12E-07,4.84E-06,5.53E-06,-8783.787771,0.000245265,0.00168442,-0.000158318,0.000110691,0.000248172,0.000929155,1.001739156,0.880997377,1.000636717,1.280183851,1.229329508,0.868935189,1.236769593,0,1.992007853,0,1.013460596,280.8682295,225174015
562615,5.961039031,4.431171057,21.20128215,65.34069659,1.317471492,2.417568506,1.388280306,1.562251829,0.704662017,0.464851822,8.547524125,35.8963146,-0.001560716,3.768272763,0.002618221,0.01164815,-0.002810234,-0.002436051,-6.24E-05,-1.35E-05,-0.000528042,-1.88E-06,-2.14E-05,-7.22E-06,0.002737909,1.71E-17,0.004115559,-1.952270301,0.000276472,0.000913773,-0.000143351,0.000139734,4.61E-05,0.000602583,0.957472501,1.014671102,0.963146233,0.981920382,1.108664993,0.907677335,1.116055229,0,1.748822106,0,1.054989688,278.5018039,225839148
563831,3.244028999,3.435023346,11.72358962,54.49899957,1.371772484,2.185237161,0.484250713,1.363993762,0.48808762,0.336625607,5.921958999,37.94879069,-0.003102173,0.505071322,0.005195075,0.026204131,-0.00650282,-0.002297898,-6.54E-05,-3.05E-05,-0.000572608,-3.07E-06,-6.98E-05,-7.55E-06,7.91E-07,1.02E-06,1.74E-07,-5134.080408,0.000274727,0.001096556,-0.000100647,0.000171907,9.78E-07,0.000363868,0.968318838,1.083573622,0.91995745,1.658017745,1.188976514,1.242682104,1.40573944,0,0.850908622,0,0.865433118,280.4834315,226324332
565503,9.755938606,3.758864982,7.165248212,145.2906034,1.392274768,3.011672908,0.703488576,0.888847741,0.731501164,0.426139283,7.909474169,37.32113163,-0.000690729,-0.009086747,0.00346398,0.004084585,-0.00467615,-0.004419757,-7.75E-05,-3.78E-06,-0.000537835,-2.12E-06,-2.75E-05,-6.77E-06,0.009279242,3.47E-09,0.001637254,-1.164487243,0.000213217,0.001103422,-3.75E-05,-5.46E-06,0.00037973,0.001111212,0.998354462,1.008030528,1.040932153,1.332034072,0.559938084,0.917252684,1.165967306,0,1.385202908,0,1.008810838,279.2927616,226991460
565872,6.884679499,5.217049711,39.69240946,49.08478592,0.962588148,1.710156261,1.813129926,1.571761485,1.032531874,0.662171205,7.818517436,33.92753841,0.005204306,0.692939566,0.000339675,0.013830362,-0.003649924,-0.002417788,-6.87E-05,-1.05E-05,-0.000478096,-3.71E-06,-3.47E-05,-6.51E-06,0.001201319,0.76113642,3.92E-27,-0.989823017,0.000200886,0.001080534,-3.98E-05,0.000263734,-6.53E-05,0.001099217,0.915298522,1.182877654,1.094982008,1.300161951,1.148687591,1.023215543,0.695543437,0,1.043528426,0,1.002108416,278.1927383,227138691
565966,15.61829431,3.801003465,14.1544762,97.16957143,1.863186893,3.474390172,0.850833241,1.297492211,1.937175781,0.513277636,7.715052045,32.17634324,0.004633007,-0.142797234,0.004168232,0.019838081,-0.000685692,-0.002024037,-7.44E-05,-1.61E-07,-0.000552326,-1.58E-06,-4.57E-05,-6.83E-06,0.01168782,0.071602641,0.002433641,-0.766882812,0.000240189,0.0011107,1.34E-05,0.000169861,-0.000300226,0.00176501,0.948220701,0.977349534,0.824303675,2.228237153,0.901520142,0.821983889,1.142587746,0,1.128384888,0,0.994714918,278.2007256,227176197
566634,18.24237425,2.838465863,17.16028393,179.5501564,1.187168725,1.309216053,0.759559618,0.854029538,1.476976635,0.375774064,7.451852034,31.67255765,0.003969059,0.275286436,0.004095888,0.016685784,-0.003720908,-0.002439053,-6.08E-05,-1.63E-05,-0.000567135,-3.57E-06,-4.49E-05,-7.50E-06,0.003801672,9.56E-15,0.012729461,-2.320480666,0.000209174,0.000916545,-0.000157545,0.000213236,-0.000203999,0.001881419,0.96578039,1.086078298,1.048681502,0.824808534,0.461620267,0.968746659,0.990204329,0,1.459419651,0,0.975411144,280.4048533,227442729
566663,9.189892829,3.570473804,7.641603091,134.2639318,2.149470769,3.818079071,0.84343369,1.16643934,1.613066481,0.59443551,9.654643364,33.20544116,0.00208658,1.163297657,0.005557649,0.027443029,-0.002904912,0.000318464,-7.47E-05,-1.54E-05,-0.0005637,-2.31E-06,3.15E-06,-7.38E-06,0.00127867,1.03E-17,0.018618223,-1.836877431,0.000209445,0.001375817,-6.71E-05,3.39E-05,-0.000121282,0.000897372,1.074447517,0.932215364,1.061435114,1.144613434,1.150526916,1.120468674,0.90357213,0,1.315735402,0,1.13477789,277.1119522,227454300
567169,3.969986768,4.380732322,18.4872794,139.8905777,0.960584307,3.178881953,1.073040589,0.904530191,0.546836493,0.736839339,8.561099718,29.0432148,0.007263235,6.377336867,-0.002080791,0.017208624,-0.005809636,-0.002854722,-6.56E-05,-9.87E-06,-0.000479536,-1.06E-06,-6.58E-05,-6.91E-06,0.007120284,30.70701311,7.77E-13,-1.109560398,0.000262805,0.001429659,-0.000141971,0.000199363,0.00018821,0.000495383,0.971149054,1.076159175,1.033544449,0.726998947,1.261613459,0.962186167,1.425111962,0,1.107010884,0,1.055789123,280.8645679,227656194
567359,6.611993758,5.239781139,10.2531836,57.04604481,1.294143903,3.719329614,1.193416233,1.739767452,1.077691116,0.673112557,9.553997492,36.1246553,-0.000181952,3.231611105,0.003020119,0.023287812,-0.003267666,-0.002844292,-5.74E-05,-1.54E-05,-0.000590423,-2.30E-06,-7.27E-05,-8.90E-06,0.000436746,0.032641075,4.44E-28,-7.876206646,0.000254594,0.001420164,-0.000115867,0.00026811,-2.94E-05,0.002201143,1.224316532,1.201616218,0.991487534,1.86767594,1.166621764,1.156347407,1.21298324,0,1.357568604,0,1.127044559,276.4232905,227732004
568277,1.475039455,3.083127531,13.67743852,131.7215645,1.284775144,4.067310552,0.997887648,1.231857365,0.014064196,0.414255619,8.07887102,36.44049713,-0.000175292,2.364175317,0.002458392,0.023298616,-0.003581468,-0.003828167,-5.24E-05,-3.57E-06,-0.000628854,-2.26E-06,-6.51E-05,-6.80E-06,3.89E-07,0.000622775,1.24E-07,-314.2642962,0.000213584,0.001094545,-9.12E-05,9.08E-05,0.000322426,0.001015953,0.891524016,1.014263292,1.115935636,1.306286849,1.203820831,0.628309779,0.937447827,0,1.371653449,0,1.020655753,278.882866,228098286
568289,15.88965176,2.78716678,8.932895356,243.5333208,1.673076725,4.012030889,0.657292348,0.860710185,1.369783931,0.57645096,7.824538121,31.00064943,0.006086211,1.789709121,0.002110456,0.009762576,-0.004235753,-0.004012466,-7.96E-05,1.67E-06,-0.000580881,-3.32E-06,-3.18E-05,-8.49E-06,2.28E-07,33.5230255,1.22E-08,-0.478468585,0.000265711,0.001663622,1.77E-05,7.54E-05,-0.000278357,0.000805706,1.107424068,1.062271682,0.862701557,0.765499884,1.341391503,1.075116611,0.709380944,0,1.158943073,0,1.002496799,276.852941,228103074
569152,2.565743789,4.40801139,16.15413316,218.6331899,1.406228498,1.828435592,1.535272536,0.830783665,0.750386938,0.687017549,8.078737313,36.67409282,-0.000843263,1.584766451,0.003612282,-0.003643444,-0.001701933,-0.002903346,-5.34E-05,-6.06E-06,-0.000527356,-2.83E-06,-4.34E-05,-7.31E-06,0.000472625,0.045700318,1.72E-26,-2.208713676,0.000296457,0.001236215,-5.44E-05,0.000134636,-0.000431765,0.001094723,0.973393005,0.992295654,0.964053428,0.182183431,1.636249781,0.90787914,0.495167885,0,1.569699164,0,1.020647256,278.6503963,228447411
569466,16.98007268,4.441594411,27.53672,68.55948426,0.812002298,3.206907362,1.868938178,1.500516754,0.95525538,0.595833619,7.369585369,31.69705716,0.006712606,1.997904415,0.00016453,0.007345579,-0.004451097,-0.002120149,-7.23E-05,-6.00E-06,-0.000523257,-1.80E-06,-3.97E-05,-7.33E-06,0.001350105,0.00314758,5.58E-27,-6.037573413,0.00024894,0.001266491,-9.62E-05,0.000140615,-0.000154031,0.001091075,0.928138319,1.020776957,1.019132487,-0.028398628,0.5430249,0.932815628,1.225948784,0,0.202856037,0,0.968665877,277.6412449,228572697
572157,2.325100607,3.23161718,21.31431998,27.77850232,1.099985393,3.441973618,1.613631902,1.619715951,0.946365945,0.270528516,6.963072013,31.2852631,0.003598921,4.528451607,0.000388062,0.004813697,-0.004073087,-0.004217431,-7.28E-05,-6.06E-05,-0.000578019,5.45E-07,-3.49E-05,-5.95E-06,0.006804437,51.41580734,0.003911289,-0.506900903,0.00013949,0.001187994,7.57E-05,6.36E-05,0.000248972,0.001140396,1.178908217,0.928917184,1.012219587,0.943475679,0.838644416,1.101711926,1.50668088,0,1.168026946,0,0.938875322,280.0383752,229646406
576209,18.62832999,2.81433701,11.82124094,175.2001018,1.312000228,3.274085682,0.647239245,0.691020562,2.059289686,0.652481158,6.769600472,36.42575789,8.75E-06,2.660583239,0.002631055,0.02749723,-0.003554291,-0.005136261,-6.83E-05,-1.10E-05,-0.000566615,-2.76E-06,-2.58E-05,-7.73E-06,0.001549316,2.78E-18,0.013574985,-2.10109188,0.000279195,0.001105719,-0.000131823,0.000113155,0.000451928,0.001104647,1.012369604,0.982016144,1.067597159,0.060868588,0.78834384,0.847492613,0.681880816,0,0.174308188,0,0.924870789,275.3688663,231263154
576957,1.347970297,3.973617765,17.41583568,134.013826,0.964817779,1.5688411,1.016274434,0.879733964,0.133581101,0.222548095,6.422956401,35.81521635,0.001002893,0.950642585,0.003234063,0.018327787,-0.005934775,-0.003305999,-5.18E-05,-3.92E-05,-0.000544601,-2.68E-06,-2.56E-05,-6.84E-06,0.005971244,0.861946104,7.20E-11,-1.304446138,0.000221848,0.000808399,-0.000144405,0.000215298,0.00039573,0.001782484,0.982904262,0.966379428,1.088676229,0.966335843,0.712299905,0.88294522,1.260921364,0,1.261016054,0,0.899672965,278.5189,231561606
577748,4.796987743,2.797911166,13.92669384,131.9548272,1.083052319,3.802585117,0.961391701,1.166363404,0.625699971,0.336938285,8.470979367,31.4726672,0.006906198,0.704943372,0.001132182,0.011781947,-0.004313952,-0.003977341,-6.53E-05,-2.92E-05,-0.000615402,-3.17E-06,-5.79E-05,-6.84E-06,0.035165021,1.16E-32,1.138534101,-1.869595993,0.000202286,0.001328065,-9.57E-05,6.91E-05,4.48E-05,0.001174856,1.258586808,1.026063475,1.151371227,0.895126531,0.740104926,0.992578378,0.894882589,0,1.45226086,0,1.049559718,276.5818513,231877215
578945,6.865052653,6.457847314,28.70643248,41.19032937,1.514682463,1.705170246,1.91526723,1.511283229,1.165773107,0.880291144,8.991120603,34.1906539,0.001388491,1.478164833,0.004255061,0.028313518,-0.003307509,-0.001303634,-2.43E-05,-2.91E-06,-0.000544472,-4.28E-06,-5.27E-05,-5.62E-06,0.008709762,192.5042668,3.57E-19,-1.021342451,0.000244349,0.001315444,-5.86E-05,0.000163183,-5.94E-05,0.00145014,0.974528082,0.996750648,0.870179012,-0.029334898,0.884764339,0.646223419,1.369258097,0,1.754585016,0,1.086541147,277.3722094,232354818
580311,14.79360836,4.576152135,22.04383132,70.96245692,1.02227565,3.888366957,1.474450906,1.649157241,1.959124313,0.911608974,6.212790532,30.0815516,0.008106603,1.397942931,0.000289561,0.018497537,-0.003483132,-0.00245404,-0.000103913,-2.58E-05,-0.000536228,-3.25E-06,-1.31E-05,-6.60E-06,9.69E-07,2.57E-10,1.82E-05,-2025.049372,0.000237415,0.001054662,-0.00011382,9.55E-05,0.000282328,0.00242436,1.120438777,1.07229233,1.050524761,1.148250987,1.392367095,0.902330371,1.34293882,0,1.088259588,0,0.886412579,279.373517,232899852
580401,6.756228764,4.278340354,24.11910004,53.75504973,2.075551274,2.138473738,0.921166725,1.417519703,1.2490352,0.406651291,6.903180979,32.22372856,0.000595635,4.048970034,0.001482296,0.022955428,-0.004183121,-0.001876155,-3.87E-05,-2.54E-05,-0.000565589,-1.96E-06,-4.05E-05,-7.57E-06,0.031837508,3.00E-33,0.309551737,0.199761241,0.000265306,0.00124333,-0.000242087,-1.53E-05,0.000270813,0.002095374,0.90250746,1.003540731,1.168227821,0.51050399,1.277118077,0.952257202,1.157500295,0,0.777306318,0,0.934458185,282.4964298,232935762
580578,3.059592128,5.301784773,20.10549591,40.01657017,1.120981082,2.060945787,1.38915958,1.549932507,0.705940997,0.388266894,7.030958645,27.63013928,0.008305043,6.202360238,-0.002088879,0.01488257,-0.002210139,-0.000983117,-7.41E-05,-1.98E-05,-0.000522285,-1.83E-06,-6.47E-05,-6.21E-06,0.022841925,0.039850272,5.69E-16,-1.036546244,0.00019737,0.001387903,-6.10E-05,8.49E-05,1.88E-05,0.001386693,1.118878337,1.089857382,1.024064712,0.954637418,0.813901038,1.056369958,1.318949245,0,2.643624266,0,0.943245249,278.5183745,233006385
581256,14.27275112,3.117209433,14.09357772,100.6245619,1.614896392,1.937189456,0.536057539,1.053717393,2.161898722,0.444683937,6.535271799,32.2890656,0.002784625,3.670094522,0.001897017,0.016106087,-0.007046563,-0.002016361,-7.77E-05,-3.15E-05,-0.000541464,-2.34E-06,-3.62E-05,-5.44E-06,2.99E-07,0.260278162,7.89E-08,-1.136518494,0.000279265,0.000929525,-3.86E-05,0.000342658,-3.57E-06,0.00157923,0.879553901,1.00539034,1.123047921,1.593324585,0.953079107,1.098081957,0.614320175,0,0.883989105,0,0.908228571,277.8512434,233276907
584376,2.483297317,3.099261707,20.92847227,288.9169543,2.150223022,1.444885975,0.863844538,0.232447627,0.636700636,0.474459548,8.304310303,36.72965107,0.001011405,-0.737130351,0.004112631,0.011773257,-0.005049503,-0.004249749,-7.72E-05,-1.05E-05,-0.000603262,-2.95E-06,-2.43E-05,-8.50E-06,0.029920285,2714.062274,1.34E-17,-0.595611419,0.000261368,0.00121759,3.68E-05,6.18E-05,0.000460861,0.001190079,1.048823781,1.041814293,0.986237533,0.790521306,0.964010993,0.83237997,0.940274159,0,1.463679431,0,1.036516327,276.9697196,234521787
586799,8.260664004,4.245650009,7.636949707,149.309435,2.081593153,4.120648988,0.712114902,1.269770884,1.263813458,0.624180329,9.328321318,33.66820203,0.00360925,2.462113217,0.001078675,0.019053226,-0.005586012,-0.001123211,-6.09E-05,-1.06E-05,-0.000566219,-2.23E-06,-1.17E-05,-7.81E-06,5.31E-07,6.88E-89,3.48E-06,-1448.014317,0.000256062,0.000723055,-1.40E-05,-4.04E-05,-0.000151235,0.000465765,0.934617408,1.058214826,0.933288932,1.406582022,0.738667383,0.977439712,1.016943912,0,0.422161582,0,1.110580411,276.7268362,235488564
591425,15.78611581,3.291497295,18.23396674,58.95045484,1.42895168,3.713226814,0.833428024,1.042376087,1.552690459,0.342685539,8.506711816,33.19365453,0.001106359,3.875245975,0.002781712,0.027749253,-0.006044153,-0.002756433,-3.74E-05,9.18E-06,-0.000567013,-1.85E-06,-1.42E-05,-7.81E-06,0.019365887,1.04E-29,0.011518382,-0.929787682,0.000232689,0.00116715,-3.40E-05,0.000100843,-0.000145473,0.002463231,0.966054306,1.039765461,0.985834761,0.944450496,0.946418753,0.740197208,1.268766353,0,2.309177366,0,1.052145416,278.4268424,237334338
593185,20.38816678,3.503170189,31.72397522,69.26651278,1.419865146,1.153201571,0.992517363,0.836456527,1.703698477,0.383604989,7.053680237,36.34336879,-0.000526836,1.973762763,0.002881283,0.010959485,-0.007360901,-0.002059442,-7.53E-05,-1.39E-05,-0.000593696,-2.91E-06,-2.02E-05,-6.87E-06,0.008570788,3.00E-05,0.088941465,-0.967788737,0.000181246,0.001520946,-9.22E-06,6.27E-07,6.15E-05,0.001991845,0.70069694,1.039891884,1.230878563,1.36297024,1.038645901,0.928160995,0.919354656,0,1.808594651,0,0.944829849,278.5065317,238036578
593306,1.206339128,4.556175995,27.95652359,86.42623413,1.2785678,2.024131502,1.470272877,0.900866636,0.740413697,0.394299246,5.989332026,36.09350321,0.000526478,2.181901619,0.002319809,0.034192411,-0.005878228,-0.002014792,-5.24E-05,-2.83E-05,-0.000547979,-1.20E-06,-3.46E-05,-7.91E-06,0.025870525,4.07E-12,0.004292382,-0.426253423,0.000300913,0.001146869,-7.62E-05,0.000116824,-0.000157193,0.000977553,0.926731451,0.93181272,0.90133418,1.12271718,1.835831852,1.080709631,1.071378768,0,-0.202743725,0,0.870157305,277.8365684,238084857
594760,3.040116335,3.357489277,17.69436453,50.91513194,0.981658932,2.40151605,1.232578893,1.318637722,0.074863414,0.300706607,7.210481307,36.8238347,0.001387023,2.236386728,0.001095841,0.023896934,-0.00343054,-0.000818245,-4.42E-05,3.88E-06,-0.000557107,-3.57E-06,-5.16E-05,-8.55E-06,0.041977728,13544.61634,5.54E-17,-0.966312638,0.000254933,0.001426331,-5.52E-06,0.000156782,-5.66E-05,0.000544073,0.997547663,1.082778422,0.898460134,1.573902866,0.866173314,0.879924769,1.409208196,0,0.568345738,0,0.956883467,274.9731379,238665003
597921,5.8048223,4.461508734,26.962112,75.12922638,1.276801222,2.808852508,1.475101398,1.746188361,1.066450173,0.400521137,7.003277328,28.97082764,0.009843244,-0.078677849,0.000566432,0.037792353,-0.003175174,-0.002149636,-8.50E-05,-2.20E-05,-0.000487705,-2.85E-06,-5.99E-05,-8.90E-06,2.02E-06,2.34E-06,1.30E-07,-4051.614468,0.000251735,0.001077574,2.73E-05,0.00011889,8.14E-05,0.000892164,1.236056497,1.035090923,0.793039452,-0.239628072,0.777451922,0.889200144,0.562200982,0,1.012468017,0,0.941350246,279.1098935,239926242
597934,22.17878659,2.965874506,12.78074296,54.44932931,1.9270411,4.697012133,0.931308077,1.283631196,2.136662391,0.305683504,8.378870558,35.02164322,0.00065735,3.245033664,0.001689496,0.014767671,-0.003612784,-0.001603524,-6.85E-05,-2.40E-06,-0.00051224,-1.89E-06,-3.02E-05,-5.53E-06,0.001333696,0.005157594,2.44E-26,-2.353381869,0.000146873,0.001423717,5.67E-05,0.000145669,-0.000127953,-0.00044189,1.08477292,0.915444011,1.038856439,-0.065441797,0.869351767,1.052664686,0.762176092,0,2.57413807,0,1.042781034,277.5726385,239931429
602247,12.1628828,3.440183912,19.19419002,35.87884298,1.009453409,3.067185487,1.107284055,1.345003843,1.292227353,0.316182871,7.284696348,38.30552867,-0.002270819,2.605577846,0.002818956,0.007514263,-0.007433208,-0.004583179,-8.17E-05,-3.81E-05,-0.000521867,-1.80E-06,-1.27E-05,-7.27E-06,0.012011631,3.51E-11,0.008245794,-0.926420716,0.000217172,0.00150764,-7.12E-05,0.000106692,0.000104654,0.001265211,1.115907692,0.919555068,1.211804909,0.272649807,1.081458708,1.058186757,0.702702395,0,0.712227554,0,0.962205343,277.3307159,241652316
603659,12.28995525,2.862521226,8.222818044,36.0132873,1.267395493,2.162619949,0.510250072,1.20844855,0.916381186,0.404780144,7.188716925,30.15062051,0.0060483,3.192365017,0.000993387,0.03523139,-0.003506072,-0.003327653,-6.64E-05,-2.64E-05,-0.000575752,-2.41E-06,-1.95E-05,-9.27E-06,0.001519383,2.33E-18,0.007541026,-3.935224967,0.000249301,0.001005662,-0.000155554,5.00E-05,-3.33E-05,0.000563269,1.013462175,1.019429821,1.041612782,0.97280388,0.978154916,0.949180537,1.231550906,0,2.402148727,0,0.955091069,277.9709779,242215704
603945,12.81232534,4.747917576,13.92745871,27.29709129,0.963456169,1.989230734,0.822146134,1.525325328,1.123400518,0.492556366,7.251797446,29.64875819,0.00624266,5.970248469,-0.001505624,0.016459559,-0.003409501,-0.002549375,-7.74E-05,-2.06E-05,-0.000527321,-1.56E-06,-3.84E-05,-7.53E-06,0.031456793,2.250268266,2.48E-16,-0.979337779,0.000279756,0.001352562,-2.25E-05,0.000233102,0.000136276,0.001465463,0.937446983,0.979747194,1.138126521,1.450756978,1.39123032,1.073624886,1.040459926,0,0.961612883,0,0.960049591,278.3187248,242329818
605352,3.749899928,3.413646076,27.81536101,31.83302114,0.985321537,3.495094672,0.935914245,1.59159696,0.435118909,0.270419458,5.496483687,31.32789434,0.004604079,4.416945147,-0.000710454,0.02533669,-0.002744549,-0.001163138,-8.35E-05,-7.46E-06,-0.000567773,-1.98E-06,-3.07E-05,-7.75E-06,0.027423687,1.06E-38,7.58E-13,-0.77307732,0.000185858,0.001265498,-0.000132846,4.39E-05,7.87E-05,0.002162995,1.00629448,1.091161799,0.926942956,0.616743335,0.29027434,0.860843025,1.219177454,0,1.698170915,0,0.833576439,279.3266813,242891211
605566,9.616923678,1.807197464,24.56616509,138.1898725,1.655908637,1.495889029,0.821407123,0.453287261,1.246798837,0.099039262,8.801004308,30.65531676,0.007041529,3.596458335,-0.001702979,0.031870014,-0.00305335,-0.002077272,-5.87E-05,-5.58E-07,-0.000520399,-2.65E-06,-2.32E-05,-7.89E-06,0.004691462,254.0943652,3.25E-11,-0.713126678,0.000259022,0.001170519,-1.97E-05,8.99E-05,-0.000146044,0.001251028,1.11037152,0.964209186,0.790091694,0.913532892,1.11797482,0.975828485,0.598171348,0,0.466240054,0,1.072843627,278.2603428,242976597
610666,4.027035444,6.262049523,10.73864739,25.15004911,1.068210416,1.979815206,0.90532577,1.678876796,0.683430751,0.467717168,8.485545433,38.17264438,-0.003460225,3.393078585,0.003029189,0.016495695,-0.003092332,-0.003746444,-6.78E-05,-3.27E-05,-0.000481953,-2.39E-06,-2.84E-05,-8.12E-06,0.102805534,3.07E-41,1.657181403,-1.098344447,0.000222928,0.000879149,9.10E-06,2.47E-06,0.000118302,0.000941793,1.110620298,0.745475364,0.865676097,0.756215914,1.209198271,0.703843011,1.243032771,0,1.059306101,0,1.050558903,277.5501204,245011497
611970,9.438141848,2.704305629,12.33145846,73.24245111,1.120424994,3.194720752,0.425750227,1.074893807,1.224545121,0.492663989,7.551243438,38.93520171,-0.000999714,0.150890761,0.00417469,0.009187878,-0.006236489,-0.002459623,-5.67E-05,-2.05E-06,-0.000541227,-2.35E-06,-4.59E-05,-7.09E-06,5.54E-07,6.93E-07,2.03E-05,-3245.36186,0.000326185,0.001169383,5.04E-06,0.000157468,-0.000244433,0.000415922,1.074489584,1.235907071,1.073279692,0.276064193,0.805344205,1.121724802,0.174583874,0,1.193648971,0,0.982428177,275.0525014,245531793
612195,12.26512959,3.009269227,8.429309324,100.1147476,0.995548931,3.666255272,1.358111066,1.603702438,1.688770245,0.531495575,8.401542439,31.34571577,0.003856952,4.875181919,-0.000139708,0.010865668,-0.004061167,-0.004887989,-4.43E-05,-1.56E-05,-0.000546588,-2.71E-06,-1.33E-05,-8.06E-06,0.005502073,0.395095934,5.13E-10,-1.192787487,0.000222094,0.001715755,3.59E-05,0.000227916,0.000192351,0.000880261,1.193426966,1.095250569,1.174565992,1.752553452,0.712025515,1.072974215,1.474001193,0,1.012002939,0,1.044546449,280.4601629,245621568
616383,7.962223764,4.753316234,23.77087435,72.32011557,1.476556452,1.724549645,1.191399665,1.621442075,1.155696625,0.402772315,8.227061465,33.63972645,0.002844701,3.217627046,0.001674181,0.002022759,-0.001285688,-0.004155455,-5.89E-05,-7.41E-06,-0.000524778,-2.86E-06,-2.70E-05,-7.14E-06,0.020449174,2239.462845,1.30E-17,-0.722261333,0.000169513,0.001005572,-0.000102473,0.00011271,-0.000336289,0.002377873,0.95093276,1.1075259,1.052868723,2.345485227,0.201957411,0.811113335,1.474596594,0,0.961347921,0,1.030970646,278.373833,247292580
621174,7.896197394,3.105909803,11.50619561,142.5930455,1.175359252,2.687833838,0.971577228,1.277777896,1.075752946,0.409629585,7.297238402,34.52913766,0.000213763,1.585533461,0.004659904,0.016417434,0.000274199,-0.003676154,-6.49E-05,-3.30E-05,-0.000576823,-2.48E-06,-5.64E-05,-8.14E-06,2.34E-07,0.004446767,5.88E-08,-30.03094464,0.000188541,0.000921612,-5.51E-05,9.42E-05,0.000215315,0.002809293,1.240583364,1.015379168,1.043269548,1.23285216,1.220708472,1.104094256,1.006000704,0,1.703272268,0,0.963187561,278.1652843,249204189
622827,3.677025878,4.895171937,15.82523455,79.50314189,1.229446837,2.639297459,1.045075335,1.098969528,0.93887199,0.45793842,7.299678275,28.2907841,0.008768597,2.600481752,0.001335401,0.022478597,-0.002869424,0.000402791,-6.46E-05,-1.12E-05,-0.000502676,-4.08E-06,-9.86E-05,-7.26E-06,0.00085846,0.003569309,3.65E-27,-10.71450848,0.000284234,0.000971894,-0.000143684,-6.21E-06,0.000187946,0.001601219,1.048759038,0.885680703,0.908108197,1.259373077,1.569545064,1.10646554,1.584211174,0,2.268009396,0,0.963385893,276.0064211,249863736
623793,6.112091296,3.225455517,17.90273366,52.28562624,0.67981792,3.36225925,0.891388168,1.367243142,0.991766953,0.408109237,7.105690696,37.89512761,-0.000190589,0.801536979,0.002730812,0.033681653,-0.003221833,-0.002207344,-5.03E-05,-3.03E-05,-0.000583658,-2.18E-06,-2.19E-05,-7.31E-06,0.118984273,2.58E-39,0.231651494,-0.745308049,0.000237986,0.001318054,-0.000184619,1.16E-05,5.02E-05,0.000344955,0.990708074,0.896425294,0.981259235,1.002221735,0.748162841,0.880497083,1.439538502,0,1.919558187,0,0.948744615,276.5861183,250249170
631109,6.323422455,4.046662477,10.63196053,124.9074744,1.465842366,2.028927218,1.135212475,1.291968869,1.068276915,0.600092038,7.712038334,32.53347592,0.005276768,3.30089554,0.001046968,0.024408057,-0.00561555,-0.003571526,-5.11E-05,-2.78E-05,-0.000557417,-2.88E-06,-5.10E-05,-9.70E-06,1.84E-07,6.28E-09,1.93E-06,-14425.79327,0.000243302,0.001301849,2.54E-05,9.15E-05,7.36E-05,0.001496938,1.178821534,0.984034001,0.803257538,1.600252167,0.824712204,1.093440617,0.711097293,0,0.59129099,0,0.994483716,274.4656577,253168254
631490,13.80525613,5.002490873,8.896399032,92.15362842,1.208848789,3.98609413,1.252932683,1.302422257,1.640525112,0.659768961,9.46133843,34.27528654,0.001293982,1.185928807,0.003608874,0.009861833,-0.004119559,-0.002049733,-2.86E-05,8.91E-06,-0.00056792,-2.02E-06,-3.38E-05,-7.01E-06,0.00472456,3559.67111,1.14E-12,-0.793103523,0.000241555,0.001253863,-6.91E-05,8.33E-06,6.75E-05,0.000956667,0.968353832,1.01040077,0.894851785,1.988911654,1.025798048,1.007872162,1.295979529,0,2.415911201,0,1.119808619,279.969474,253320273
631536,8.830722222,5.185853853,18.01366193,62.33862611,1.141912569,1.91785431,0.648928418,1.320926768,0.935362156,0.180794889,6.200791166,33.46000304,0.005639775,0.608574093,0.002766416,0.009981907,-0.004911803,-0.002182078,-6.30E-05,1.80E-07,-0.000628807,-1.32E-06,-5.63E-05,-7.54E-06,0.034922751,1.30E-32,0.214212879,-0.895524687,0.000244535,0.001777864,-2.55E-05,0.000181938,7.82E-05,0.001423273,0.880987378,0.983644734,0.893550184,1.185897146,0.864321791,0.943683389,0.785266026,0,1.138665381,0,0.885337116,273.5990669,253338627
632050,3.381809454,3.391378297,14.29333821,90.08249011,1.236839897,3.507890605,1.192718597,1.186223821,0.076113761,0.21189832,7.631061375,36.27117833,-0.001138246,1.813160534,0.004589593,0.019429707,-0.002548898,-0.001094514,-7.41E-05,-3.65E-05,-0.000517899,-3.10E-06,-3.12E-05,-6.36E-06,0.07355891,2.17E-44,0.237239907,-0.583300947,0.000192154,0.001529956,-0.000200349,-6.17E-05,0.000423539,0.000157781,1.19067894,0.961513375,0.93844177,1.519654768,0.647283031,0.818056615,0.985526836,0,1.877745685,0,0.988204702,276.9828133,253543713
632909,9.396185001,3.968653291,17.33002624,106.8957124,1.973317896,3.149221829,1.232690606,1.231225896,1.678651427,0.440132101,9.351982916,34.57996346,0.000693424,0.677323334,0.004498461,0.015286098,-0.004817107,-0.00014047,-6.74E-05,-1.15E-05,-0.000538026,-1.40E-06,-4.89E-05,-7.83E-06,0.00390563,0.019959405,0.045479804,-1.64677859,0.000245391,0.001534516,-8.14E-06,0.000163884,-8.04E-05,0.001197443,1.205763385,1.082346638,1.067772965,0.069264261,0.995739776,1.051068553,1.021116625,0,0.809953171,0,1.111980699,279.0828098,253886454
637000,9.754657494,4.563789252,6.913662232,65.22961828,0.510118284,4.72858793,0.991176165,1.5486445,0.899131064,0.2985126,6.738693047,28.27252026,0.006578918,2.59786658,0.002115601,0.012210535,-0.000425097,-0.003063477,-6.06E-05,-3.78E-05,-0.000538698,-2.64E-06,-2.90E-05,-6.56E-06,9.09E-07,0.003219369,7.33E-08,-73.94740127,0.000260396,0.001246528,-8.01E-05,9.78E-05,0.000233565,0.001830793,1.100586568,1.009283541,1.183496377,1.429966552,1.10398939,0.857641982,1.123536696,0,0.551563363,0,0.922922761,280.8796082,255518763
637847,10.39292731,5.095174045,26.57008715,55.10187328,0.995137511,3.911603427,1.823892806,1.526292515,1.518224142,0.600944924,8.79708113,33.64846707,0.002603734,4.446374368,0.000871766,0.015519654,-0.003095142,-0.000196931,-6.10E-05,-8.66E-06,-0.000509345,-2.24E-06,-5.58E-05,-7.74E-06,0.005444065,3.088255752,0.006378181,-0.840777026,0.000231372,0.000628814,-0.000119011,0.0001715,-0.000164155,0.00152288,0.953707551,1.008871097,0.999978749,1.421362723,0.996930227,0.827793857,1.517777096,0,0.882806528,0,1.072591822,275.6013452,255856716
639248,2.24904706,3.916354061,9.112400181,83.63333844,1.354325006,2.488474943,0.823675127,1.101075768,0.190482126,0.527907132,8.411759552,36.52872936,-0.001851482,2.805911572,0.003472261,0.003219101,-0.003949714,-0.002015982,-5.71E-05,8.31E-06,-0.000574107,-2.25E-06,-2.63E-05,-8.19E-06,0.004915517,7.39E-05,0.11805742,-1.63865191,0.000221737,0.000923658,-0.000105971,0.00011716,0.000144727,0.000572142,0.766438317,1.056224093,0.973159571,0.799262845,0.719855614,0.941559891,1.012453486,0,1.46287759,0,1.045442965,279.216698,256415715
643021,8.280400095,4.751995261,15.90313802,130.7007443,1.340899877,1.441082525,0.852823496,0.671459387,1.246106879,0.399184435,6.328754144,28.18673059,0.007807301,2.891054218,0.001750158,-0.000302015,-0.008225278,-0.003946067,-6.62E-05,-1.78E-05,-0.00048104,-8.00E-07,-2.90E-05,-6.06E-06,0.028648421,1.89E-32,0.410647091,-0.434721414,0.00020061,0.001447985,-0.000102876,7.15E-05,-2.56E-05,0.001485732,1.007516306,1.03967241,1.112200305,1.057201685,1.176396394,1.087907268,1.529446669,0,0.456166517,0,0.894054202,277.5088847,257921142
646780,11.03135865,3.308800311,10.67005404,81.69273366,1.420581386,3.545098764,1.202819734,1.374626059,0.878501495,0.249516862,7.690963088,35.4090247,0.001682171,0.119437415,0.003589795,0.014199442,-0.00293327,-0.004386611,-5.92E-05,-7.10E-06,-0.000495884,-2.25E-06,-3.27E-05,-7.74E-06,0.003448774,3.78E-14,0.003925466,-2.464648581,0.000232176,0.001148722,-0.000156237,0.000280814,-0.000160552,0.002046394,1.028993401,1.060612729,1.061743897,1.191964578,0.766464304,0.668988789,0.251027041,0,2.057857771,0,0.99296227,277.7111536,259420983
649678,16.99247407,3.489986766,29.00292242,71.61116409,1.938408048,4.140148378,1.519843467,1.114510432,1.823098786,0.482721917,8.40149479,30.79135068,0.009071315,0.84906819,-0.000115579,0.036177123,-0.003275725,-0.003763807,-8.53E-05,-1.16E-06,-0.000507697,-2.55E-06,-5.42E-05,-5.15E-06,0.004091838,1.093177418,0.002367953,-0.701728158,0.00023868,0.001453982,6.23E-06,0.000295958,-9.41E-05,0.001213057,0.950257606,1.12053992,0.886223034,1.481546632,0.456511574,1.283913887,1.153461728,0,0.673404587,0,1.044542556,276.8795272,260577285
649900,8.80868534,5.290217107,25.22948606,99.79389895,1.814529221,1.020319559,1.163621612,0.943152159,1.311951256,0.562762261,7.698067729,30.96827945,0.00645802,2.180056268,-9.43E-05,0.017212544,-0.002538801,-0.003005007,-5.63E-05,-2.73E-05,-0.000539521,-3.93E-06,-5.21E-06,-7.49E-06,0.039472761,1.04E-34,2.22E-12,-0.310183951,0.000253809,0.001295725,-9.55E-05,2.70E-05,4.03E-05,0.001668978,1.115990605,1.121263857,0.849159979,1.164718587,0.430303779,0.896963413,1.257120827,0,1.604156965,0,0.993563592,278.9468937,260665863
649908,7.15992564,4.671456375,6.412368086,52.55535238,1.087541849,2.859784434,0.662459283,1.227992741,0.249076151,0.330946687,7.954886628,35.2971483,0.000276267,3.876297388,0.002120333,0.03765061,-0.004655369,-0.002511505,-6.97E-05,-2.38E-05,-0.000584558,-2.50E-06,-3.31E-05,-8.21E-06,6.06E-07,1.27E-90,0.000160794,-622.1440627,0.0002446,0.001325367,0.000130863,0.000109162,0.000101791,0.000215771,1.075549877,1.070683279,0.923261399,1.189612691,0.751223559,1.109069983,0.465700569,0,1.275162637,0,1.012135473,277.2673856,260669055
650506,5.299880953,4.059970242,26.40842838,37.93267239,1.282770094,2.583621957,1.554569796,1.173482678,1.411756149,0.359288695,6.46445877,34.89942589,0.004883324,-0.371133313,0.000991643,0.018145776,-0.002495565,-0.002147443,-6.05E-05,-1.82E-05,-0.000576078,-2.76E-06,-3.39E-05,-7.32E-06,0.002382283,5.48E-19,0.000242341,-4.476525929,0.000229413,0.001036677,-1.93E-05,0.000275008,-0.000161455,0.002108236,1.083361386,0.914843426,1.074628895,1.810323713,0.840375752,1.098003288,0.855283949,0,-0.033641237,0,0.902675913,277.1932041,260907657
653835,7.380319338,3.103068832,15.62042639,51.19345297,1.346323282,2.922476512,0.793815576,1.222743396,0.97386613,0.300198784,7.481844225,33.23235717,0.002624713,3.524435844,0.000903512,0.01134964,-0.004658738,-0.003012382,-8.88E-05,-1.92E-05,-0.000536612,-1.32E-06,-2.28E-05,-6.98E-06,0.007325527,1.96E-08,0.001722146,-1.247207145,0.00022476,0.000728638,-7.70E-05,0.000219033,-0.000166386,0.00062643,1.002633162,0.997896587,1.082631064,0.864871845,1.250679273,1.047997862,1.291114015,0,0.275355901,0,0.977835157,280.6976806,262235928
654092,2.573632429,3.844761942,33.16275244,91.14385845,0.904460282,3.389980296,1.191615929,1.278767349,0.530068036,0.605455875,7.41466311,38.39076354,-0.002181209,2.419934404,0.003283144,0.015410867,-0.002175653,-0.001330134,-6.12E-05,-3.57E-05,-0.000451935,-1.55E-06,-2.60E-05,-6.38E-06,0.00808492,1.58E-13,0.098724726,-1.677615621,0.000308513,0.001472724,-0.000108615,5.32E-05,-0.000115174,0.000693975,1.163292058,1.00381949,0.944491052,-0.017365933,0.831992821,1.009064639,1.157240841,0,-0.11422093,0,0.972480364,276.432198,262338471
656035,4.919124749,3.543310607,18.41206953,52.62519671,0.980345028,2.050802479,0.937410246,1.312720067,1.098871112,0.48482345,7.818235369,34.69776478,0.001342921,2.716860997,0.001689139,0.011915174,-0.003388018,-0.002941229,-7.90E-05,-1.27E-05,-0.000560961,-3.12E-06,-3.56E-05,-8.37E-06,0.002608823,0.037178543,0.015462878,-2.321931459,0.000245282,0.001515612,-1.78E-06,7.57E-05,7.32E-05,0.001307994,0.842899054,1.11596481,0.851921631,1.160870723,0.762201254,1.121125771,1.19000992,0,0.372725682,0,1.002089936,278.8546576,263113728
656785,6.741097219,4.52623327,5.583564926,136.531533,1.245433835,2.616498942,0.980263952,1.234008319,1.202465684,0.534681662,8.620726738,31.07607591,0.005022937,4.161594385,0.000947613,0.022752204,-0.006106295,-0.001561309,-3.58E-05,-4.56E-06,-0.000568899,-2.12E-06,-1.72E-05,-7.24E-06,0.011339552,0.117520864,0.025434985,-1.636631684,0.000232207,0.000993006,-1.86E-05,0.000198839,7.61E-05,0.000991434,1.168888476,0.93719271,1.068171852,1.393876927,1.024557345,0.944872155,1.296809641,0,0.477762042,0,1.059921092,276.7744558,263412978
657770,6.269277437,2.223402864,21.97943811,75.57286984,2.070956107,4.653190449,1.688216816,1.181395216,0.95547551,0.534419531,8.194249323,31.59369404,0.005178445,0.696059599,0.003498441,0.035974328,-0.003536393,-0.003332659,-6.05E-05,-5.79E-05,-0.000487819,-1.94E-06,-4.77E-05,-7.49E-06,3.57E-07,4.71E-88,3.27E-07,-4393.18009,0.000232005,0.001679033,-0.000124951,0.000266442,0.000160905,0.00092319,0.994423699,1.100549978,0.784553214,1.472656582,0.491399668,1.109065537,0.786560843,0,0.832401121,0,1.028728018,278.2662328,263805993
658276,1.185674929,4.29606801,8.702993429,103.145856,1.494826946,3.506570268,0.738476164,1.522123221,0.552057777,0.458365632,9.528878087,34.21204324,0.00434376,1.386005731,0.001108258,0.019567926,-0.004323917,-0.002541133,-7.30E-05,3.40E-06,-0.000523076,-3.20E-06,-2.69E-05,-6.80E-06,0.005153864,0.021146263,0.000943388,-2.053739855,0.000253018,0.001228834,-4.71E-07,0.000166238,0.0001845,0.001185265,0.909061815,0.977029721,0.881646295,2.520625429,0.458951462,0.880169609,0.769444276,0,2.440640985,0,1.124775745,276.4531449,264007887
658824,3.551057042,4.213305906,14.84532279,23.77132809,1.026627864,3.557818595,1.149736698,1.443579615,0.562788964,0.345990521,7.003123494,36.21492656,0.000816942,2.754459256,0.001722011,0.002085979,-0.005745325,-0.002216473,-4.35E-05,-1.98E-05,-0.000579713,-2.17E-06,-2.63E-05,-9.25E-06,0.006619739,2.75E-12,0.00041505,-2.191114226,0.000214774,0.001169099,-8.31E-05,0.000141995,0.000146444,0.001864246,1.161381133,1.097861425,1.009604657,1.890038089,1.542832962,1.062552303,1.686873329,0,1.183746482,0,0.941331039,277.384799,264226539
659301,2.386272212,4.419194373,15.02969848,32.80244926,1.192406284,1.775230614,1.424854011,1.450634855,0.890937762,0.445302507,6.87433647,34.3735363,0.002649583,0.010357841,0.003811565,0.010997499,-0.005840299,-0.002605873,-7.76E-05,-1.78E-05,-0.000533441,-2.10E-06,-2.26E-05,-7.09E-06,6.94E-07,5.92E-05,1.51E-07,-1824.540401,0.00024185,0.001449757,8.38E-06,0.000133397,-0.000223403,0.001403226,1.091275645,0.994146958,0.907785988,0.767350534,1.459732505,1.13585333,0.866867029,0,0.238142326,0,0.932241453,278.0756178,264416862
661709,18.35642839,5.051166995,26.64499779,28.09901963,1.137421445,1.280744412,1.005074861,1.109137821,1.27693772,0.178741163,5.799574158,40.02170679,-0.003762269,-3.312473218,0.007463031,0.025910744,-0.003991148,-0.002880791,-7.32E-05,1.36E-07,-0.000529197,-2.34E-06,-3.31E-05,-8.99E-06,0.010325187,0.018080152,8.20E-16,-1.350491571,0.000191331,0.001492219,-8.09E-06,0.000214565,-0.000417362,0.00187106,1.109864712,0.921798599,0.817996382,1.479433199,0.520842834,1.16276051,1.133805142,0,0.923893511,0,0.854488455,280.7663425,265377654
664674,4.595604401,3.025863055,3.164916682,165.2295137,0.891097186,4.305353244,0.940366858,1.44604599,0.779389182,0.413210408,7.451580538,32.11208804,0.007732871,-0.047733672,0.001274204,-0.005738218,-0.004249668,-0.004562535,-4.12E-05,-2.48E-05,-0.000597718,-2.01E-06,-4.41E-05,-6.38E-06,0.010719785,9.895606253,1.92E-11,-0.417770037,0.000248305,0.001303762,-8.64E-05,8.11E-05,-6.75E-05,-0.000304139,1.041687122,0.994582939,1.066352207,0.625666192,0.800982283,1.131280473,1.252085994,0,1.347186924,0,0.975397069,276.1945783,266560689
665263,8.039399776,4.646188197,31.93962103,35.33135805,1.678235205,2.198966038,1.208427169,1.534288274,0.780976168,0.11710609,7.832051256,31.1258453,0.007910127,1.336948752,0.000291825,0.021628473,-0.005485973,-0.00256205,-5.68E-05,-4.48E-05,-0.000551486,-7.04E-07,-2.94E-05,-7.65E-06,4.35E-07,1.56E-85,5.69E-07,-11785.06925,0.000257718,0.001426891,-0.000174157,-9.59E-05,-1.80E-05,0.001549278,1.059254503,1.014952915,1.183174874,2.125871417,0.677201844,0.767116181,1.46903208,0,0.833784632,0,1.003069413,277.8931423,266795700
665971,5.830915951,2.621738776,7.104065703,82.87251031,1.079203318,3.619978904,0.812577693,1.297649907,0.594003423,0.352595907,8.316756266,37.9892876,-0.000250994,0.185712752,0.003336958,0.017066652,-0.003833918,-0.001198769,-8.20E-05,-1.58E-05,-0.000505609,-2.38E-06,-1.54E-05,-6.68E-06,0.041401371,3.83E-38,9.04E-13,-0.663837828,0.000281541,0.000861074,-0.000270341,0.000131268,-0.000501304,0.001351384,0.895607989,0.897262984,0.984874871,1.093600002,1.172417361,0.862654418,0.996542688,0,2.626361032,0,1.037545074,276.9899013,267078192
668866,3.85194041,4.522955123,11.62069973,143.826202,1.376426972,2.154598416,1.335605973,1.268972811,1.157728435,0.533684023,7.497506331,34.71595902,0.002976503,-1.270022491,0.004394252,0.045449759,-0.003914028,-0.001310942,-5.79E-05,-1.55E-05,-0.000556744,-8.02E-07,-6.05E-05,-7.83E-06,0.010227446,15.26567451,0.004468891,-0.709921425,0.000246508,0.001119295,-5.28E-05,0.000141495,0.000115511,0.001610568,0.87917845,0.937166022,1.068754851,-0.01163289,0.918791267,0.732066807,0.791402492,0,1.509387546,0,0.978868878,278.1513169,268233297
669884,2.458125507,3.922035608,11.20496452,70.79168817,1.679739214,3.396115907,0.947813121,1.271014131,0.454814448,0.398295521,7.598122035,27.42987484,0.007642411,5.717203068,-0.000593824,0.039526072,-0.001805389,-0.003508761,-7.23E-05,-1.75E-05,-0.000549032,-1.85E-06,-3.80E-05,-7.45E-06,0.031403927,18.10084631,9.53E-15,-0.319032893,0.00024384,0.000464155,-2.15E-05,3.04E-05,5.89E-05,0.000910366,1.030128481,0.978902321,0.914327383,1.97394093,1.07976835,1.175662291,0.891610721,0,1.272210847,0,0.98573119,278.1481759,268639479
670403,1.419491983,4.238697336,14.22496461,53.69084882,0.747923028,6.42220134,1.131066431,1.752321879,0.687441596,0.447717919,8.004611386,32.89589498,0.002518649,3.21740814,0.001592375,0.041943012,-0.006653767,-0.003633974,-7.59E-05,-2.07E-05,-0.000597542,-2.30E-06,-1.32E-05,-6.99E-06,6.95E-07,4.58E-92,5.88E-06,-7050.818441,0.000273385,0.001354836,3.12E-06,0.000187186,0.000152723,0.000872563,1.268624074,0.955737763,1.028637191,0.127904447,1.2890848,0.874436529,1.110045056,0,1.970805452,0,1.015210011,280.0556967,268846560
670439,11.79307569,4.212710083,15.23289833,140.1410902,2.001216385,0.575877079,0.726647449,0.980313246,1.366136362,0.666050496,9.423045529,30.99170123,0.005479971,5.272468119,-0.001243655,0.025387305,-0.003275794,-0.002681532,-4.97E-05,8.96E-06,-0.000572587,-2.80E-06,-4.00E-05,-7.21E-06,0.006619572,35.20913821,0.008993426,-0.583159032,0.000292672,0.001542064,-2.14E-05,0.000136384,6.25E-05,0.001493722,0.855012011,1.023183566,1.015606234,1.030241022,1.082700699,1.07205169,1.328624604,0,0.542901183,0,1.116813691,277.1181841,268860924
670842,19.77966821,1.897975647,14.37229928,146.6167599,0.879197219,4.978996533,0.88280984,0.888503851,1.287378351,0.569809511,8.453126358,35.95230684,0.002456944,2.774361483,4.53E-05,0.0196891,-0.006024077,-0.002713172,-7.64E-05,-7.18E-06,-0.000548028,-2.00E-06,-6.23E-05,-6.57E-06,9.80E-07,3.24E-08,1.33E-05,-5486.557144,0.000210235,0.001095529,2.04E-05,-0.000133206,0.000156333,0.002492547,1.206585378,1.093569841,1.187813454,1.230674968,1.365509318,0.935209154,1.218413814,0,0.456847775,0,1.048287062,276.9442395,269021721
671494,17.15944445,2.308100183,14.83467833,182.5952704,2.004129512,2.683264921,0.771348839,0.818669394,1.953255134,0.577731958,9.593656876,29.93038373,0.009937076,1.230083,-0.000330048,0.034229674,-0.001500638,-0.004438725,-9.18E-05,7.07E-06,-0.000518249,-3.37E-06,-3.65E-05,-6.35E-06,6.13E-07,1.98E-05,2.19E-08,-3302.761298,0.000278649,0.001147428,6.74E-05,8.97E-05,-0.000198979,0.001016534,1.198686416,1.046070118,1.003561423,0.764170888,1.11538168,1.081474739,1.413587063,0,1.285590726,0,1.130057531,275.8021427,269281869
671802,10.13654087,5.885424189,14.22981082,108.5526716,1.200719493,2.593004801,0.652896967,1.07659359,1.099201574,0.585617444,8.106160929,38.49239475,-0.002326836,1.626939108,0.004039249,0.017340495,-0.004579043,-0.001932935,-7.88E-05,-2.78E-05,-0.000509006,-5.42E-07,-3.60E-05,-6.51E-06,0.004436226,25.8775745,3.53E-18,-0.786950066,0.000221533,0.001246375,-6.37E-05,6.07E-05,0.000168217,0.000250116,1.120329429,1.057231381,1.216948293,1.543042298,1.307857426,0.884707246,0.910698315,0,1.2986483,0,1.022355623,275.6855971,269404761
672032,6.930096521,3.075669279,6.143998738,170.979899,2.257515167,3.482144024,1.153630469,1.008462539,1.502607895,0.506343994,9.905272368,32.65242582,0.002320065,4.010554648,0.000711515,0.022167125,-0.006075166,-0.002857294,-4.24E-05,-3.35E-05,-0.000532244,-2.00E-06,-2.24E-05,-6.46E-06,0.008047227,1.10E-09,0.002685441,-0.035373208,0.000256298,0.001130912,-1.58E-05,0.000181181,-0.000190078,0.00099758,1.141008873,1.082090096,1.006049845,2.425539426,1.380240433,0.826057939,0.680455938,0,0.454793913,0,1.153581371,279.5083528,269496531
673884,21.33969059,2.848772786,46.5288249,139.3551611,1.129893565,0.722532141,1.347185756,0.315661645,1.460031055,0.287315148,6.329677523,34.99755498,0.002984419,2.571086266,0.000145705,-0.007082634,-0.006613429,-0.002397503,-5.00E-05,6.27E-06,-0.000558733,-1.73E-06,-4.10E-05,-7.08E-06,0.027272014,0.529484348,5.86E-17,-0.749255434,0.000268689,0.001336526,-7.16E-05,0.000106507,0.000304657,0.000728863,1.023236199,0.995993632,0.952562851,0.390470787,1.233845108,0.847215765,1.007044012,0,1.065975142,0,0.894113533,277.3533281,270235479
674197,9.582802018,5.783984217,24.36674035,28.10818703,1.47803964,1.165830431,1.011928426,1.176124609,0.958068952,0.392357368,6.627618549,30.81473436,0.008111179,1.625312437,0.000219666,0.023544841,-0.004304652,-0.003501946,-7.64E-05,-1.66E-05,-0.00056032,-2.08E-06,-5.12E-05,-7.56E-06,0.008208855,0.955232509,0.001661539,-0.59455032,0.000161528,0.001268739,4.49E-05,6.85E-05,-8.25E-06,0.000597566,0.945780272,1.065157451,0.923981916,2.57539878,0.506484824,1.062130086,1.305226247,0,0.856627603,0,0.915165633,277.4768916,270360366
676661,11.21137875,4.98648153,20.10122318,40.33114011,0.690644303,5.032553406,1.694430647,1.893840429,1.476715591,0.544183309,8.646135607,34.36895721,-0.000234119,3.803363089,0.002719264,0.029813899,-0.00466309,-0.003678733,-7.42E-05,-3.68E-05,-0.000517636,-2.24E-06,-2.59E-05,-8.60E-06,0.073183563,4.29E-38,0.00337646,-0.530412595,0.000238191,0.001401918,7.18E-05,9.34E-05,-4.20E-05,0.001558521,0.825256903,1.001296868,1.12337938,0.933233544,0.725949007,1.143715271,1.001755299,0,1.929066734,0,1.061875707,278.9985814,271343502
680287,8.569889555,4.882711456,20.46074585,86.11560635,1.49729595,1.589689055,1.102051411,1.162780002,1.023787363,0.598210296,8.286767145,35.0963214,0.002231588,2.299520668,0.001562177,0.027417774,-0.006511088,-0.004358632,-6.31E-05,-2.35E-06,-0.000574998,-3.30E-06,-4.39E-05,-6.72E-06,7.28E-07,1.51E-90,2.75E-07,-6713.140954,0.000254426,0.001188476,-5.08E-05,0.000172575,-0.000270764,-4.45E-07,1.090434089,0.858737521,0.938819893,1.559779408,0.698586944,0.92452381,0.959636567,0,0.597585468,0,1.035302447,276.769745,272790276
683729,12.91387894,4.720164035,15.79293637,67.97714308,1.096638712,1.642686602,1.002613195,1.069187492,0.947497574,0.501709518,7.541294672,38.34198547,0.000201395,0.039619292,0.003852736,0.010750251,-0.004731658,-0.002642831,-7.38E-05,5.96E-07,-0.000571432,-3.23E-06,-4.25E-05,-8.05E-06,1.45E-06,2.742250503,2.41E-06,-0.924076616,0.000295983,0.001608347,-0.000109731,0.000166589,-5.69E-06,0.001583972,1.264956563,1.037020822,0.8759715,1.440375887,1.2105623,1.060624449,1.185570138,0,2.421513201,0,0.981519483,273.3089524,274163634
685844,7.631678969,4.777651484,11.08659961,84.73415096,0.827216844,3.954834128,1.156741768,1.868117557,0.755489941,0.445804914,8.637353353,31.81059047,0.002504734,1.867016836,0.004276573,0.023978599,-0.00152386,-0.002666063,-4.79E-05,-1.28E-05,-0.000568334,-3.03E-06,-2.23E-05,-6.75E-06,0.011541873,0.00353476,3.06E-16,-1.237046713,0.00029374,0.001269337,3.57E-06,-4.31E-05,2.94E-05,-0.000409586,1.004267348,0.927692972,0.915436153,0.398354109,0.792420829,0.904585784,0.939031626,0,1.573666205,0,1.061282559,280.0044618,275007519
686475,6.205188833,3.913655947,24.3922067,75.59562639,1.59169571,2.581777283,0.791381337,1.229745739,0.488615088,0.224337128,5.657934462,35.99452766,0.001017425,1.153518444,0.002889391,0.020065689,-0.003502965,-0.003644506,-7.54E-05,-5.78E-06,-0.000559064,-1.26E-06,-3.82E-05,-8.08E-06,0.010392015,4.83E-10,0.008083574,-0.534120442,0.000272277,0.001108424,-3.77E-05,0.000123777,-5.25E-07,0.001207078,1.19672068,0.988721695,0.868754419,1.418654405,1.179375924,0.891993785,1.144384257,0,0.308823931,0,0.845034194,277.0645601,275259288
686907,2.435187569,3.421416862,34.90406653,77.43669016,0.95415481,2.315074386,1.639684121,1.014830385,0.697732407,0.551755454,8.010846237,28.70450284,0.010236985,1.991794214,-0.00128837,0.011467917,-0.003258821,-0.004180536,-5.08E-05,-9.27E-07,-0.000593502,-2.88E-06,-1.83E-05,-7.13E-06,0.025009894,1.22E-32,0.011167116,-0.629365256,0.000212312,0.001718267,-9.32E-05,0.000182043,-3.01E-06,0.001127574,1.099374328,1.008769962,0.837708926,0.719432872,1.53139451,1.011219673,1.124044395,0,0.536528271,0,1.015806071,277.7113937,275431656
688599,0.972127244,3.849944166,33.7963501,104.7040602,1.180585277,2.0203629,1.938025776,1.236222917,0.366219202,0.365210183,8.463853899,34.65016548,0.002616208,3.164783764,0.001498385,0.014895062,-0.002488799,-0.001908472,-7.93E-05,-3.67E-06,-0.000593511,-3.56E-06,-1.28E-05,-7.82E-06,5.93E-07,6.34E-09,1.80E-05,-2603.435718,0.000271502,0.001462628,-9.70E-05,-4.97E-05,-0.000341233,0.001406343,1.077507913,0.931223384,1.060901438,0.811750859,1.073403047,1.074842225,0.853765438,0,1.586695233,0,1.049004888,275.3545023,276106764
689428,22.37992538,3.229937605,17.83973602,214.5801517,1.889692318,3.436002422,0.788845904,0.640498395,1.241705941,0.666835415,9.241426024,37.46720689,-0.001297572,2.930038604,0.003173633,0.004284059,-0.005073176,-0.002979822,-7.69E-05,1.40E-05,-0.000498695,9.79E-08,-1.86E-05,-7.72E-06,0.077491218,5.85E-40,0.850343242,-1.318393186,0.000290221,0.001538039,-0.000104333,0.000211362,9.15E-05,0.001567936,1.107005382,0.952266061,1.035505,0.762600174,0.823529176,0.955344318,1.246109626,0,0.93405539,0,1.103631687,275.4791652,276437535
689970,8.699398027,4.769495272,24.87692023,51.75708668,1.050327154,2.813120265,1.360737485,1.641513837,1.268556265,0.516577376,8.735735881,30.26792474,0.007520474,1.955962213,0.000502599,0.014847648,-0.002235949,-0.002414494,-6.46E-05,3.25E-06,-0.000549849,-2.32E-06,-5.14E-05,-7.92E-06,1.05E-06,4.05E-06,1.01E-06,-8827.633704,0.000201458,0.001068738,-0.000101924,4.33E-05,0.000156679,0.00246175,0.930118328,0.964683322,1.065011496,1.216875798,0.369961737,0.764005037,0.670265831,0,0.777865619,0,1.068213522,279.4621958,276653793
693090,2.565634788,3.692515725,17.6139967,108.0482421,1.663012741,2.272294529,0.875667938,1.168153734,0.783295826,0.342171422,6.695414902,38.83746615,-0.000855219,-2.502834242,0.006263767,0.026113038,-0.001876906,-0.003032939,-9.31E-05,-1.83E-05,-0.000549016,-2.30E-06,-1.99E-05,-7.29E-06,0.004761779,3.34E-18,0.000495737,-0.186305817,0.000236468,0.000906021,-0.000240186,0.000123051,-0.000240661,0.000550928,0.903043629,0.98272522,1.052642406,0.626690952,1.224302412,1.030485845,0.709381064,0,0.488623992,0,0.919748271,275.634422,277898673
694286,9.471634889,5.57464787,19.38440172,58.46488232,1.178896375,1.610163064,0.796529244,1.442770164,0.784864322,0.507906622,8.040337218,29.53115145,0.007106028,1.085301614,0.002561226,0.030361705,-0.004078729,-0.003534266,-1.95E-05,-4.10E-05,-0.000504693,-1.79E-06,-2.95E-06,-6.62E-06,1.08E-06,3.18E-88,7.36E-06,-3352.738923,0.000196175,0.001114252,-0.000112831,8.24E-05,8.14E-05,0.001533668,1.100267634,0.977449593,1.008752746,1.828377553,0.823639027,1.083171036,0.958876017,0,1.036020304,0,1.017842513,278.6218311,278375877
702886,4.434103349,6.065389757,7.341061474,131.0209391,1.16162265,2.803139973,0.921376528,1.333876997,0.525457958,0.566765535,7.738116876,31.46932585,0.007608776,1.737333748,-0.000771161,0.024475814,-0.006337578,-0.001924737,-4.72E-05,-1.93E-05,-0.000556558,-2.28E-06,-3.83E-05,-6.59E-06,0.000739678,0.000139013,1.51E-26,-11.06077872,0.000207401,0.001449541,-7.93E-05,-3.71E-05,3.28E-06,0.000746691,1.012712288,1.143957843,1.185649893,1.273408329,0.562041823,0.951747485,1.303362704,0,0.768797708,0,0.996738109,277.2930779,281807277
702944,5.827338539,4.918688346,16.41902952,108.8054547,1.133121208,2.769830425,0.99440418,1.2922894,0.421717022,0.399956019,7.497791518,31.85077062,0.00465431,5.410621804,-0.000879706,0.02222094,-0.001947377,-0.003533996,-6.52E-05,-1.93E-05,-0.000511291,-3.28E-06,-3.15E-05,-7.05E-06,9.82E-07,1.31E-06,2.29E-05,-2623.082513,0.000269126,0.001437597,-6.11E-05,0.00019147,-0.000163668,0.00094944,1.061003512,1.170920971,1.061861031,-0.433938223,0.355102706,1.024673552,0.913830443,0,1.653360702,0,0.978884659,278.2588276,281830419
703281,1.785349945,5.039114701,8.321935055,98.16086506,1.207870824,3.265262899,0.554279185,1.191648501,0.332459695,0.376291149,8.731349841,31.86333286,0.00920823,1.937799525,-0.001052286,0.009606489,-0.005676404,-0.004935299,-6.02E-05,-2.26E-05,-0.000520372,-1.24E-06,-4.54E-05,-6.39E-06,0.012377655,2820.249513,3.25E-11,-0.645786903,0.000224556,0.001547618,-0.000123442,0.000102584,0.000196108,0.000721383,1.229743957,0.94691501,0.879441243,0.801214498,1.086845425,1.063086087,1.267380285,0,0.831258737,0,1.067938597,272.6546861,281964882
705951,6.089257158,2.012857184,16.75228232,99.86165508,0.846667277,3.399435271,1.275013443,1.415829192,0.997801051,0.296794648,6.713502503,36.3520878,-0.000133363,1.453713108,0.002949812,0.016770712,-0.006899483,-0.003150678,-5.68E-05,1.09E-06,-0.000537326,-7.40E-07,-1.14E-05,-7.12E-06,0.057530893,6.52E-38,1.70E-12,-0.449064285,0.000213507,0.000976292,-6.04E-05,0.000292521,-0.000103015,0.001285096,0.90757193,1.07412719,1.01880979,1.668813702,0.839571689,0.93067901,1.231458671,0,0.809198964,0,0.92094933,279.0745562,283030212
707505,10.74405969,4.40804257,10.80275835,75.77860403,1.013769941,3.342870065,0.649648512,1.21692063,0.863358597,0.450405141,9.068672616,37.18301035,-6.63E-05,1.456934896,0.002174075,0.01308412,-0.002832542,-0.002996079,-5.75E-05,-1.93E-05,-0.000489955,-2.56E-06,-3.68E-05,-5.80E-06,0.001251132,0.561261972,5.09E-27,-1.306050983,0.000234149,0.001363494,-0.000205971,0.00014425,0.000135446,0.00143004,1.045592256,1.112514289,1.110115758,1.661157067,1.030736573,0.791261935,0.970584518,0,1.451577439,0,1.092406791,277.0379628,283650258
707611,5.588466015,3.159467545,16.20287113,76.50212731,0.715947655,3.816980269,0.901039954,1.375817283,0.52686222,0.359228709,7.915502183,32.24628505,0.004159901,5.615601207,-0.001076415,0.010508223,-0.004025318,-0.003410772,-6.86E-05,-4.05E-05,-0.000549699,-3.77E-06,-2.14E-05,-7.77E-06,0.076956359,2.38E-45,0.79150089,-1.160598187,0.000190835,0.000958196,-0.000106855,0.000245344,-0.000322363,0.000991773,0.832985829,1.007051695,0.873914333,2.135234541,0.691207479,0.804332579,0.989658346,0,1.147003054,0,1.009260731,278.1325436,283692552
709496,2.676673217,2.950493617,7.648598582,122.4379477,1.117591644,7.288323868,0.63898042,1.1757908,0.697314117,0.471435424,8.461624257,29.7489939,0.010029771,1.70647882,-0.001466843,0.025012692,-0.003235334,-0.004808519,-6.53E-05,-2.06E-05,-0.000535164,-1.89E-06,-2.05E-05,-6.60E-06,0.023225434,0.651333747,2.93E-16,-0.818694682,0.000206648,0.000927944,-0.000126755,3.21E-05,0.000116348,0.00267751,0.768775829,1.0357082,1.08756058,2.320004343,0.990640418,1.024733178,1.355310137,0,1.262928927,0,1.048811109,276.7794521,284444667
710639,4.027966927,5.667472405,29.94875444,95.13612279,1.37376611,1.713777304,1.75572071,1.187553827,0.62695138,0.678482026,7.77858664,32.99966434,0.002288747,4.532552073,0.001249009,0.018623979,-0.0018387,-4.49E-05,-6.05E-05,-3.08E-05,-0.00058438,-3.14E-06,-4.32E-05,-8.55E-06,0.051883904,2.45E-38,0.109883679,-0.610000893,0.000299585,0.001805378,-7.20E-05,5.73E-05,-0.000390777,0.000799838,1.073661425,0.95997508,1.226878855,1.526324582,1.369344268,1.174471728,1.028987147,0,0.683301638,0,0.999441848,277.0926868,284900724
710685,4.822582548,4.200114941,8.118715822,100.4868074,0.919451325,5.514323282,1.33056286,1.512264593,1.027311856,0.702651686,8.93005381,32.36742799,0.002783809,3.39032969,0.002072811,0.006843134,-0.004349996,-0.001305483,-5.13E-05,-2.64E-06,-0.00053431,-2.57E-06,-7.92E-06,-8.88E-06,0.109107122,2.30E-41,0.579818472,-1.192668833,0.000242561,0.000889104,9.76E-05,-3.47E-05,3.76E-06,0.001351686,0.960009633,0.968761475,0.889580358,0.286998162,0.96838785,1.049393331,0.871998111,0,1.091108554,0,1.08217996,280.0805053,284919078
711050,22.761191,3.868630086,7.30714511,178.0351795,1.264230882,1.80816267,0.731349286,0.764646363,1.197562178,0.535379851,8.529312501,33.85049961,0.004118586,3.377702091,-0.00026924,0.022040942,-0.003311049,-0.001862998,-6.35E-05,-4.16E-05,-0.000590396,-2.40E-06,-3.48E-05,-8.20E-06,0.035936586,1.39E-32,0.302089909,-1.483213388,0.000202917,0.000721839,5.04E-06,0.000129561,-0.000236373,0.001675767,0.93912062,1.046500387,0.932549395,1.7290395,0.737965933,1.103194939,1.248649929,0,0.120387755,0,1.053813134,276.6832705,285064713
717063,2.412455322,3.24697552,11.11547898,99.1862526,1.332445179,2.064804019,0.698900362,1.089202932,0.549923809,0.38879619,6.683640451,33.29230468,0.004017905,1.339676141,0.002204646,0.012893434,-0.00337562,-0.00191176,-4.33E-05,5.12E-06,-0.000565275,-3.97E-06,-4.12E-05,-6.83E-06,0.05833855,3.94E-38,8.02E-14,-0.465858615,0.000212669,0.001374506,-3.08E-05,0.00010453,0.000259084,0.000460567,1.061033722,1.005598503,1.222549171,1.486402474,0.695063539,0.887191186,0.959312984,0,1.112106924,0,0.918751989,276.9434374,287463900
719067,4.147685159,5.945398665,23.2952078,33.87988819,0.821577498,0.920036642,1.462292071,1.137800922,0.551453027,0.223385037,6.951866004,32.25418085,0.00262074,3.668796343,0.001090931,0.007595218,-0.004749422,-0.002401979,-6.94E-05,-2.27E-05,-0.000607798,-3.19E-06,-4.35E-05,-7.53E-06,0.008247836,1.86E-14,0.034349044,-1.683308213,0.00019898,0.001234611,-2.39E-05,0.00017008,-0.000221446,0.000368867,1.209709403,1.080773148,0.924679138,0.741616258,1.266371697,0.714526927,1.136920684,0,0.180369302,0,0.938050879,280.9965534,288263496
719158,6.088237315,4.69723905,14.45021003,108.0994056,1.430815415,2.218894206,1.128665496,1.18593631,1.109459448,0.425894231,7.172237446,34.74495367,0.002725418,3.99422407,0.000291308,0.022666537,-0.004732574,-0.003353901,-7.53E-05,-1.08E-05,-0.000533933,-1.83E-06,-4.70E-05,-7.44E-06,0.004001075,5.735612763,1.05E-18,-0.74107336,0.000236575,0.001320946,-0.000149724,-3.90E-07,-0.000257416,0.001723335,1.03529719,1.038860258,1.252518827,0.914042772,0.818042402,1.127160398,0.992462515,0,0.765702863,0,0.953676307,277.5203942,288299805
720778,11.82966998,3.920490751,18.85244403,82.80689785,1.13485559,2.74468066,0.922726499,1.216888252,1.229586275,0.722397366,7.828880361,33.03372588,0.002280451,2.436353613,0.001877446,0.006900165,-0.00405359,-0.002266507,-6.48E-05,-2.54E-05,-0.000624828,-2.14E-06,-2.83E-05,-8.48E-06,0.012962174,0.183200462,8.62E-17,-0.788123543,0.0003107,0.001306373,-8.41E-05,9.48E-05,0.000100763,0.000846998,0.720422559,1.034062222,0.989180103,1.382754377,0.61741373,0.898804819,1.304212906,0,1.708122793,0,1.002819752,281.2418299,288946185
722415,2.205865707,2.61996021,21.69120178,119.3134855,0.982544033,1.83933776,0.700329867,0.58721872,0.457599613,0.404676749,6.995744083,36.13782447,0.000681335,0.231995313,0.003804222,0.011957717,-0.005848688,-0.0036404,-8.81E-05,-2.11E-05,-0.000491428,-1.48E-06,-2.40E-05,-7.27E-06,1.10E-06,7.31E-11,1.13E-05,-3639.939511,0.000235482,0.001146437,-7.37E-05,0.000167846,-0.000165384,0.002396895,1.07782866,1.127834162,1.093456512,0.325140612,1.318899375,0.863416957,1.045927185,0,0.422051723,0,0.940755121,278.0200538,289599348
722643,5.549264731,3.581731483,19.25428061,313.9617353,2.058803801,1.384518596,0.672237255,0.226845031,0.725395032,0.456023581,8.565782629,33.42488745,0.00275766,0.204714654,0.004046324,0.026415762,-0.004004697,-0.004380329,-9.34E-05,-2.03E-05,-0.000577105,-1.36E-06,-6.88E-05,-7.89E-06,1.60E-07,1.31E-08,1.27E-06,-13110.92472,0.000273686,0.001564583,-9.84E-06,4.61E-05,0.000239083,0.001302313,0.906062084,1.04316079,1.005349415,0.862278546,0.77781451,0.931251575,0.739786308,0,1.753843047,0,1.056196847,278.8296068,289690320
725609,6.211405415,4.113510302,15.16716815,102.0834154,1.103462613,3.432004414,0.944939822,1.25245986,0.384399634,0.381640275,8.439565816,34.63176361,0.001657678,1.765256815,0.002748515,0.021492638,-0.004064298,-0.002596441,-7.21E-05,-3.29E-05,-0.000564098,-1.64E-06,-7.93E-06,-6.68E-06,0.085950993,6.34E-37,0.842052406,-1.177755212,0.000160403,0.001688766,3.17E-05,0.000232625,-5.72E-05,0.000989318,0.929095192,1.02682023,0.936928753,1.163660072,1.019742303,1.148122302,1.177454001,0,1.277248931,0,1.047308932,278.2641512,290873754
728573,2.978800554,4.086962696,30.33082538,160.567649,2.37080444,2.522460639,1.653712125,0.858945636,1.676775877,0.76120487,9.771217559,30.30452752,0.005845568,5.57764803,-0.00041399,0.018702507,-0.004800568,-0.003465528,-3.54E-05,-2.90E-05,-0.000539875,-1.37E-06,-3.08E-05,-5.99E-06,0.023971882,3.00E-35,1.95E-13,-0.298089783,0.000220463,0.001080674,-8.15E-05,0.000198422,0.000140962,0.001770156,0.9422573,0.975383931,1.032701316,0.179601623,0.821652265,1.061181491,0.755602514,0,1.623521497,0,1.143399957,277.1722203,292056390
728837,3.127214647,5.555445602,36.51388496,99.07070126,1.528150684,1.143729425,1.777786279,1.270753945,0.318443228,0.455997302,6.768421431,37.29091381,-0.002367809,3.108780696,0.003514209,0.020732389,-0.005175968,-0.002499301,-6.79E-05,7.47E-06,-0.0005224,-3.28E-06,-5.07E-05,-6.54E-06,0.007614076,1.932000038,5.12E-18,-0.760624952,0.000204659,0.001246049,0.000102068,0.000151459,0.00024078,0.000801908,1.009087304,1.033864838,1.1239855,1.050910306,1.918352867,1.108348703,1.307784062,0,0.238069052,0,0.924799259,278.9329684,292161726
729822,15.31413268,4.649370463,14.88445594,75.30473439,1.04720232,4.087594984,1.085811385,1.356191605,1.504542005,0.694607385,8.651793199,34.10886496,0.003855031,4.492788893,-0.000252857,-0.004270448,-0.001795235,-0.004253648,-5.21E-05,-1.38E-05,-0.000560927,-2.72E-06,-5.22E-05,-6.49E-06,8.41E-07,7.20E-95,8.81E-05,-654.643967,0.000264232,0.001693362,-5.97E-05,-1.43E-05,0.000240148,0.001351585,0.922009813,0.8104649,1.071006746,0.975445301,0.699207307,0.962005232,0.430029375,0,1.628300767,0,1.062234885,275.4498921,292554741
732226,4.902887979,3.808495168,12.36364605,158.6167934,1.761821809,2.314899489,0.880887511,0.532346286,0.675255359,0.414419934,8.452891411,31.96421691,0.009641872,1.475868034,-0.001395781,0.022122017,-0.004725008,-0.00374954,-5.69E-05,-2.32E-05,-0.000633916,-1.92E-06,-3.26E-05,-6.22E-06,0.017100805,1.24E-38,7.23E-12,-0.486626998,0.000234331,0.001000516,-0.000173492,5.78E-06,-0.000195318,0.00140371,1.153428608,0.879016613,0.861123119,1.408473014,1.175729061,0.929383497,1.05800829,0,0.351893314,0,1.048276647,274.5262947,293513937
734049,8.587653831,2.619542626,20.52253561,62.13010479,1.296163267,4.174940418,1.113601064,1.43052141,1.240396683,0.316147174,7.419650133,31.5307001,0.005468087,5.302749376,-0.001203019,0.013372459,-0.004565134,-0.001978233,-6.13E-05,-2.42E-05,-0.000580502,-1.91E-06,-5.89E-05,-8.01E-06,0.102448209,1.05E-39,2.644309868,-1.586045547,0.000236366,0.000594985,-2.26E-05,0.000267438,0.000246203,0.001669262,1.029911349,0.976222997,1.030880527,0.681398803,0.918603527,0.940246812,0.475169286,0,0.513249892,0,0.972802973,278.7484076,294241314
735097,7.836247416,3.095817989,36.4059309,72.57580883,0.878907447,2.156673709,1.564171043,0.799661232,0.989777982,0.407076345,6.771521032,32.68747833,0.00302448,3.627435732,0.001795006,0.023877184,-0.002451769,-0.002345281,-6.33E-05,-2.89E-05,-0.000599426,-3.52E-06,-1.65E-05,-6.91E-06,0.037775886,1.19E-36,0.579211989,-1.303874774,0.000229653,0.001302651,-3.50E-05,8.86E-06,-0.000273977,0.001463113,0.908950584,0.900449776,1.018013397,0.66152194,1.039447533,0.710569552,0.677198415,0,1.376842558,0,0.92498715,278.0474081,294659466
736670,5.863565932,5.647691206,18.34553337,46.37224934,1.066303616,2.726612295,1.573466371,1.62676342,0.908460814,0.440296123,9.18935829,37.75188357,-0.001565282,-0.013778901,0.004400935,0.034141516,-0.003479836,-0.003945328,-7.08E-05,-1.64E-05,-0.000556998,-2.20E-06,-1.19E-05,-6.61E-06,2.43E-07,0.006018699,9.56E-09,-36.69734381,0.000214713,0.001242672,-0.000218149,0.0001096,2.60E-05,0.00145125,1.030142089,1.057675822,1.117183547,1.035785867,1.156299664,0.855605246,1.146826201,0,1.211337509,0,1.099830478,279.5322318,295287093
740776,9.10982573,2.964108784,14.64380456,170.2440385,1.668307472,4.226930554,0.892742112,1.039912831,1.480606659,0.6830165,10.96990058,34.69427175,0.001373574,3.166502569,0.001022391,0.020569086,-0.00470936,-0.002658911,-6.05E-05,-1.74E-05,-0.000492915,-1.09E-06,-3.72E-05,-7.39E-06,0.000976286,0.426141529,1.26E-27,-0.997828216,0.000322209,0.000888181,-0.000181133,5.10E-06,-3.17E-05,0.001658082,0.885054936,1.079562582,0.904557187,1.415269449,1.073688847,0.778153041,0.991349966,0,1.454264705,0,1.231062263,278.5319348,296925387
741748,4.342462864,5.074318675,13.77972905,107.8850133,1.409377651,2.055772528,0.891324537,1.27050732,0.53241083,0.490684472,6.465222397,29.05756864,0.006729672,6.677639677,-0.001373872,0.034040286,-0.004512949,-0.002985034,-5.01E-05,-1.10E-05,-0.000441072,-2.80E-06,-2.67E-05,-7.58E-06,0.019150614,8.01E-41,34.42668284,-0.765132218,0.000291945,0.001619828,-7.08E-05,9.82E-06,-8.97E-05,0.000673814,1.067267591,1.062777493,1.101878407,1.348787226,1.074252885,1.111559087,0.454255465,0,0.024978459,0,0.902727879,276.146762,297313215
742268,4.766172424,3.885282014,11.54225162,176.1483419,2.233532679,2.592729423,1.010090557,1.008303535,1.323238574,0.710988614,10.11565277,33.04183398,0.002865863,6.061617417,-0.001129816,0.015695993,-0.003758352,-0.004316538,-8.73E-05,-3.93E-05,-0.000573613,-2.83E-06,-9.92E-06,-7.70E-06,0.002972724,5.03E-16,0.025497465,-1.053703041,0.000262514,0.000911475,2.18E-05,7.96E-05,-2.04E-05,0.001822928,0.995968531,0.906000546,0.999642383,0.904345826,0.751359661,0.934860274,1.289306666,0,0.304280789,0,1.16876385,278.3817449,297520695
743801,24.04172165,3.335020469,33.16641527,144.2427312,1.305248592,1.083318582,1.379263375,0.732161858,1.843417892,0.347185549,7.809787513,31.39762724,0.005724818,5.372075154,-0.001098722,0.034367009,-0.003018815,-0.003567451,-6.14E-05,-7.19E-07,-0.000523243,-3.34E-06,-4.63E-05,-7.85E-06,0.025936632,1.33E-35,0.21406886,-1.057500405,0.000175876,0.001127828,-6.13E-05,0.000176826,0.000168948,0.000390909,0.890247968,0.92881196,0.818323908,0.611256396,1.439906566,1.050265143,1.212906253,0,1.96085416,0,1.00143546,276.9539124,298132362
748045,2.462049856,5.435175201,8.37630958,150.3638673,1.70850514,1.403442157,0.819212496,0.932049593,1.020057338,0.598950186,8.248852698,35.66284514,0.001454309,1.851268955,0.00190106,-0.003571168,-0.003656604,-0.003885868,-6.98E-05,-1.23E-05,-0.000492955,-2.59E-06,-5.38E-05,-7.09E-06,0.016852103,4.03E-34,0.016081241,-0.994711786,0.000240138,0.001727888,-8.75E-05,0.00013832,0.000418367,0.001183979,0.955421215,0.976845164,0.997682397,1.680213315,0.526056828,0.526123717,1.090490049,0,1.067893706,0,1.032428775,278.3661266,299825718
749537,2.718557069,3.644421111,15.25118378,76.88331294,0.995097388,1.673170473,0.94244844,1.28160543,0.650332364,0.43452944,6.986466358,29.02799934,0.005787228,4.048025282,0.000116568,0.026907146,-0.006593376,-0.003888037,-4.87E-05,-4.88E-05,-0.000540893,-2.67E-06,-3.54E-05,-7.93E-06,2.56E-07,0.000527512,6.97E-07,-211.7794031,0.000246396,0.001405777,-3.80E-05,0.000216466,-0.000475063,0.001885167,0.880869611,1.131042258,0.867042838,-0.04869932,1.203730284,0.872444195,0.893660223,0,1.948092231,0,0.939980057,279.8433312,300421026
751177,8.361946026,3.929340046,15.00020008,143.3601399,1.63022172,3.391377702,1.80033427,1.2617998,0.946235619,0.593640281,8.463619999,31.03917273,0.003596854,0.361946093,0.004417651,0.014408646,-0.000378117,-0.001656705,-7.06E-05,-2.72E-05,-0.000634764,-3.11E-06,-2.76E-05,-7.35E-06,0.003288562,0.51912213,0.009820219,-0.669529578,0.00013063,0.000944166,-4.74E-05,0.000113492,5.20E-05,0.001076679,1.182807772,1.011229022,0.86939664,1.293808241,0.64209428,0.8181945,0.600587741,0,1.920352595,0,1.048977773,281.6231989,301075386
759208,2.573817606,4.782474555,23.92566402,44.89526857,0.828732805,3.621553639,1.275651013,1.130426996,0.205327544,0.364117007,7.70472542,31.1652836,0.008190286,-0.434617914,0.001396089,0.020582859,-0.007006409,-0.003568385,-7.01E-05,-1.64E-05,-0.000599366,-3.27E-06,-3.08E-05,-5.69E-06,0.000843047,0.074689091,1.11E-27,-2.562020124,0.000182809,0.001840804,8.45E-05,7.82E-05,7.27E-06,0.000901979,1.02049678,1.089052554,1.114232638,-0.133043623,1.23900832,0.877734791,0.591799196,0,0.551225406,0,0.993843554,277.2928683,304279755
759903,22.00291665,3.756124124,29.04937267,151.9648037,2.612020447,1.556834646,1.577796843,0.940298375,2.399490179,0.566158165,10.03931699,37.90836556,-0.002235886,2.246812974,0.003359376,0.026162846,-0.00179018,-0.002802751,-5.39E-05,-4.40E-05,-0.000645626,-2.57E-06,-1.72E-05,-5.10E-06,1.41E-06,1.63E-05,2.34E-06,-2026.23364,0.000265729,0.001651819,-0.00013374,0.000223851,0.000121335,0.000636892,1.148517117,1.067956472,1.041267475,1.329093464,1.191581375,1.10802345,1.814004576,0,0.374828724,0,1.163690216,277.6770802,304557060
760358,5.012440408,2.771145747,7.126215962,69.80924164,1.722583264,3.601612098,0.765302963,0.962957335,0.45035744,0.335786507,8.040877618,33.95665195,0.000699879,3.783678396,0.002197643,0.027629089,-0.005167809,-0.00138972,-4.44E-05,-1.64E-05,-0.00058062,-1.73E-06,-6.91E-05,-7.88E-06,0.000551629,0.000142352,1.70E-26,-14.84532513,0.000250198,0.000894563,8.34E-06,9.97E-05,8.11E-05,0.002029717,0.909541481,1.051340411,1.090593323,0.855827773,0.906343294,1.104301326,0.75725113,0,1.135552725,0,1.017875288,279.0050394,304738605
762046,8.875909457,4.390907947,15.13249615,41.01311336,0.686181352,3.428153611,1.036012641,1.825716791,0.905662631,0.3644873,8.101476252,35.89890779,0.000284208,3.311988563,0.001868227,0.014534066,-0.007063505,-0.004214463,-7.49E-05,-4.99E-05,-0.000545238,-2.84E-06,-2.53E-05,-7.81E-06,0.00849017,36.10079755,2.26E-19,-0.927638046,0.000251405,0.002071679,-0.000179525,7.89E-05,-0.000138751,0.002155769,1.04577312,1.054607401,1.093242208,1.611673493,1.199830078,1.151975677,0.863160859,0,1.057099163,0,1.022105516,278.0965787,305412117
765502,4.878474834,2.434866107,37.5233893,110.4432574,1.696007184,1.553852462,1.167074298,0.74739995,1.095056246,0.306107469,8.831768273,30.87795236,0.005288549,6.277952325,-0.001800172,0.028614331,-0.00556702,-0.001560581,-9.29E-05,-3.61E-05,-0.00055278,-1.99E-06,-2.60E-05,-7.44E-06,0.008321584,7.31E-14,0.034988204,-1.903773161,0.000204461,0.000862417,8.04E-05,0.000135844,0.000382524,0.001704065,1.117158075,0.947942261,0.979862881,1.743999144,0.633806693,0.970378047,0.43505308,0,0.56161351,0,1.075171319,277.1486037,306791061
768820,9.860581125,3.418241392,11.73568515,66.62224387,0.927310075,3.750347993,1.319012372,1.44105566,1.080363672,0.504191105,7.551004312,30.99297022,0.008214909,3.877532295,-0.000600726,0.002900181,-0.002321129,-0.003411295,-5.32E-05,5.10E-06,-0.000564085,-2.91E-06,-5.55E-05,-6.38E-06,0.044195912,7.95E-41,0.875594532,-1.263669141,0.000245062,0.001265191,-3.27E-05,-2.82E-05,2.75E-06,0.000916604,1.056523038,1.044746393,1.076859974,1.778544359,1.405702748,1.162271548,1.095347245,0,0.555152069,0,0.982412631,274.3182884,308114943
770099,12.51671045,5.525608521,9.401223646,93.22927226,1.971843294,3.326464666,1.671435837,1.422018168,1.955409951,0.712520695,8.769693411,36.50418325,-0.000257083,3.524786216,0.001762238,0.017502291,-0.003572187,0.000148429,-7.41E-05,5.68E-06,-0.000519849,-1.24E-06,-2.83E-05,-7.55E-06,0.006488998,12.77971336,0.014797765,-0.432360393,0.000244057,0.001131448,2.05E-05,1.32E-05,0.000133923,0.002317775,0.865864408,0.868235286,0.81690979,0.256917227,1.349877078,0.734615602,1.461559805,0,1.625874795,0,1.070645287,275.0654866,308625264
770448,4.261349444,5.132741135,25.85323132,110.942548,0.819789782,1.967544021,1.439257878,1.311808618,0.385755138,0.259647067,5.827332836,34.36554462,0.00308998,1.402613975,0.002254378,0.018347027,-0.003823755,-0.003237463,-4.87E-05,-1.56E-05,-0.000520764,-2.22E-06,-3.50E-05,-5.48E-06,0.008674297,5.14E-12,0.019480334,-1.071039844,0.000212796,0.000781539,-7.94E-05,6.37E-05,9.00E-05,0.001409079,1.073137992,0.959490259,1.056521806,0.786309365,1.747756879,1.073866731,0.814235961,0,1.290008901,0,0.856749317,277.3695554,308764515
773026,2.797719852,3.712461557,21.50862561,27.90812227,1.122228739,2.650789085,1.64551133,1.214478892,0.98113497,0.506088267,7.312775303,33.9248243,0.001472132,4.465474294,0.001616914,0.007003716,-0.005407812,-0.004297234,-5.75E-05,-6.81E-06,-0.000569242,-1.10E-06,-2.90E-05,-7.47E-06,0.025980689,2.645867104,6.41E-18,-0.424503729,0.000220324,0.000967553,2.22E-05,0.000113988,0.000204343,7.09E-05,0.888614,0.919704545,1.176309946,0.729519706,1.316869152,1.161133593,0.561378617,0,0.830518334,0,0.964453687,276.6696891,309793137
777949,4.08166795,2.313185154,13.77438272,91.20390045,0.977527892,3.229777468,1.068189156,1.432337297,0.811890026,0.378899873,7.734828427,36.56981737,0.000276827,1.434150657,0.002808532,0.013831382,-0.001130735,-0.002201731,-6.45E-05,-3.97E-06,-0.000517299,-1.13E-06,-3.75E-05,-7.36E-06,0.03873727,2.585337447,2.96E-16,-0.63210859,0.000244283,0.000974445,-0.000134522,2.13E-05,0.000247936,0.002180486,0.815805579,1.004669482,1.119090638,0.478188388,1.573622554,0.949722739,1.264453211,0,0.816852943,0,0.996498748,276.744824,311757414
778521,8.378148902,5.306068515,9.400968053,136.1407699,1.802514552,2.648309498,1.143326483,1.485349741,0.775205841,0.547574375,8.817824191,35.67874863,-0.000779639,3.760697382,0.002404516,0.022236232,-0.005497411,-0.002986737,-5.87E-05,-1.73E-05,-0.000529109,-2.68E-06,-3.00E-05,-8.03E-06,1.52E-07,1.09E-05,2.23E-06,-999.0579263,0.000212705,0.001399606,-3.95E-05,2.64E-05,-0.000275802,0.00101969,1.016773675,1.031832135,1.003948567,1.071806428,0.188456273,0.695826833,1.191871715,0,-0.33838115,0,1.073934408,276.6026236,311985642
779077,10.43029536,5.773961084,28.67194491,75.1504904,1.331977515,3.201594519,1.779724577,1.586238603,1.304534221,0.49904044,7.523932271,32.8750451,0.00543565,1.763405326,0.001832852,0.041831397,-0.002531094,-0.001776902,-4.58E-05,-2.11E-05,-0.000481479,-7.57E-07,-4.18E-05,-7.97E-06,0.094167212,5.42E-44,0.719249261,-1.163790443,0.000188045,0.0012513,3.57E-05,0.000126476,-9.42E-05,0.000471524,1.128326524,0.884385927,1.01043478,0.865918163,1.024009297,0.965597357,1.017027288,0,1.824677857,0,0.980319687,276.5478122,312207486
779360,21.41443869,2.085416583,10.236712,86.01503809,1.134427904,6.510250672,0.774788134,1.540339052,1.946114976,0.561160723,8.975980138,35.69490894,0.001397818,1.76430143,0.001873472,0.030787956,-0.002957713,-0.00342769,-5.17E-05,-3.27E-05,-0.000597749,-2.34E-06,-2.01E-05,-7.19E-06,7.08E-07,3.23E-07,6.25E-06,-5391.336092,0.000252692,0.001341218,7.76E-05,0.000151296,-0.000258869,0.001586366,0.816385871,0.856108255,1.004624281,1.881048521,0.846524456,0.7028453,1.391971325,0,0.415796779,0,1.085366472,277.3881382,312320403
780141,6.840793188,3.215748407,17.75995028,120.149049,1.235474162,3.345431808,0.780590214,0.887951019,0.99000501,0.714301384,8.099961406,35.95124222,0.000341457,4.436700212,0.001597461,0.01955096,-0.003350495,-0.001079697,-8.24E-05,-2.98E-05,-0.000502269,-2.97E-06,-5.28E-06,-6.79E-06,1.82E-07,1.04E-10,3.83E-06,-19376.47876,0.000197593,0.001004879,-1.21E-06,2.36E-05,0.000178306,0.001682739,0.994015032,1.182746646,0.961340333,0.762370853,1.071292845,0.958453599,0.64137571,0,1.248636674,0,1.022016765,276.2118966,312632022
780210,13.09334043,3.551955142,9.834469439,89.98024196,1.328382702,3.564339407,0.722368396,1.698759664,1.400732985,0.410477078,9.546717964,36.37877687,0.000317377,0.688912482,0.003840827,0.008226086,-0.004780187,-0.003273107,-6.96E-05,-2.66E-05,-0.000577407,-2.95E-06,-3.21E-05,-7.43E-06,0.055891107,6.55E-39,0.175184814,-0.638065301,0.000248726,0.001454269,-4.33E-06,4.03E-05,3.74E-05,0.001229661,1.147211031,0.98802374,0.905717746,0.75280757,1.47840203,0.986366773,0.823183974,0,1.285366656,0,1.126478154,277.5351414,312659553
781943,8.249574069,2.862080828,7.669096083,85.46175519,1.062098237,4.66992425,0.997791689,1.27211803,0.899106842,0.537403422,8.79068304,37.12295043,-0.001501956,-0.544271341,0.005783238,0.005968927,-0.006775682,-0.004919415,-5.77E-05,-1.05E-06,-0.000503888,-1.89E-06,-3.16E-05,-7.74E-06,5.70E-07,2.33E-05,5.99E-07,-3082.862765,0.000169985,0.001457335,-4.41E-05,0.000131479,-1.76E-05,0.001309515,0.89814221,1.037820964,1.103966421,0.496538543,0.880862043,1.280471504,1.182351893,0,0.66976739,0,1.072199367,279.4420209,313351020
782087,4.28807622,3.377002188,24.87833523,49.68297808,0.741683351,2.839879363,1.166256085,1.213271073,0.481490599,0.326426751,7.631011281,31.76301408,0.00785912,2.234682548,-0.000397098,0.01487749,-0.003936024,-0.004180811,-7.13E-05,5.18E-06,-0.000486726,-1.87E-06,-3.97E-05,-6.47E-06,0.025066632,829.4019066,3.49E-17,-1.081457643,0.000293348,0.00155162,-6.19E-05,9.01E-05,2.77E-05,0.000710723,1.079697265,1.043212368,1.006618292,1.9595896,1.085728081,0.937286898,1.091151111,0,1.272060354,0,0.988202094,277.0129571,313408476
782803,8.604017364,4.964810955,13.2238739,97.12436846,1.249976114,2.950915191,1.147634607,1.272636731,1.043791358,0.502051126,7.101947546,25.7170384,0.012389042,7.052724314,-0.00341529,0.025041861,-0.001564525,-0.002738439,-4.27E-05,-2.85E-05,-0.000482667,-1.96E-06,-5.61E-05,-7.81E-06,0.005667094,0.005119491,0.032383551,-1.795769755,0.000182246,0.000634955,-0.000111038,6.80E-05,-0.000255034,0.00167752,1.167224436,0.900109902,0.947499192,1.330763637,1.177270933,1.05376735,1.048331061,0,2.729599125,0,0.948472365,275.2313393,313694160
784698,5.411361498,4.597862534,19.49424341,146.3181405,1.484728924,2.295849014,0.789888023,0.718757961,0.48385186,0.556630522,7.997750478,35.28719291,0.002713255,-0.626311047,0.002470906,0.01822366,-0.004158481,-0.003044594,-7.94E-05,-1.88E-07,-0.000573935,-2.32E-06,-6.19E-05,-7.23E-06,5.84E-07,0.000769915,3.18E-07,-163.2719328,0.000204322,0.00098218,-3.02E-05,0.000148579,-8.19E-05,0.002014172,1.089362695,1.065441384,0.886927139,0.53340595,0.878457917,0.822338333,1.264812748,0,1.834621999,0,1.014886251,280.7635963,314450265
785277,3.621835575,4.946830744,15.19892962,89.2823681,0.83609644,3.473832374,0.976209245,1.374352273,0.571944318,0.46931514,7.698376308,34.42824423,0.003751506,-0.797320455,0.004150956,0.00614274,-0.002524354,-0.002346784,-6.95E-05,-1.05E-05,-0.000552721,-1.10E-06,-1.78E-05,-8.11E-06,0.003793568,7.72E-06,0.000141485,-2.788313501,0.000196083,0.001468274,-9.02E-05,0.000107229,-0.000295288,0.001337046,1.074818922,1.048907719,0.897998302,1.492305877,0.677877965,1.213963716,1.011080508,0,1.523871224,0,0.993582566,276.3435818,314681286
785622,4.733450728,4.005294716,21.41625863,44.56582232,1.369949839,2.542407637,1.016903148,1.470445194,0.620008879,0.358902107,6.245086978,29.56160793,0.003574548,6.781987626,0.000198693,0.027988008,-0.003633665,-0.000417839,-8.57E-05,5.19E-06,-0.000561009,-2.37E-06,-4.75E-05,-6.35E-06,5.61E-07,4.76E-88,2.23E-07,-6361.195697,0.000224863,0.00132415,-0.000255987,0.000213575,-7.59E-05,0.001155395,0.989898526,0.990796684,1.044117185,1.26233768,0.846361646,0.909575672,0.737397175,0,1.069714443,0,0.888481989,277.6432767,314818941
786696,2.296700557,4.557280875,26.2374125,32.24751688,1.25453051,2.664454525,1.592737363,1.638102921,0.562219229,0.366080335,8.471550195,33.83593785,0.004751575,2.185569395,0.001456217,0.024428505,-0.006521733,-0.003542635,-8.62E-05,-2.19E-05,-0.00050551,-2.94E-06,-6.93E-05,-7.64E-06,0.013323857,4.279610134,8.31E-17,-1.004474206,0.000269552,0.001396903,-2.08E-05,0.000284801,0.000364392,0.001956657,1.00879505,0.988973894,1.050436357,0.987289756,0.668332923,1.151962777,0.267287874,0,0.471849306,0,1.049595866,275.2487546,315247467
788144,1.153265263,4.660147107,10.3563083,67.08744195,1.427180429,3.184667445,0.69415756,1.158716044,0.358816139,0.375420385,7.510561424,37.98169766,-0.001224466,-0.940088656,0.00567864,0.020115703,-0.004656571,-0.001244255,-6.01E-05,-2.90E-05,-0.00050433,-2.32E-06,-5.09E-05,-8.29E-06,0.010602183,0.656608513,7.23E-18,-0.831119992,0.000160003,0.00178438,-0.000133341,0.000115556,0.000411542,0.000852677,1.043431053,0.849577259,1.224719091,1.64495977,1.196556919,1.140763938,0.777454584,0,0.858432413,0,0.979502912,277.565606,315825219
788399,11.89944936,2.648990701,29.3854699,82.6108778,1.50222387,3.242234016,1.220381366,0.884202827,1.191445659,0.443599715,8.205118676,29.67968921,0.008027196,3.451189653,-0.001746228,0.028187652,-0.001671854,-0.002069174,-3.93E-05,-1.56E-05,-0.000531626,-1.81E-06,-4.93E-05,-7.88E-06,0.009596168,0.63602263,1.17E-11,-0.566105164,0.000213663,0.001141202,-0.000120629,0.000109788,1.14E-05,0.001450664,0.958600934,0.792100898,0.912570707,1.483410339,1.501225855,1.05425446,0.928181649,0,1.531957802,0,1.029490006,278.8849991,315926964
789057,5.397014522,3.140879232,14.02033599,51.04657286,0.854427044,6.839625313,1.156135735,1.386706888,1.006399622,0.433829576,7.808440704,37.88956874,-0.001817163,1.654031135,0.003798131,0.01993189,-0.005492767,-0.004950988,-7.45E-05,-7.33E-06,-0.000459918,-1.68E-06,-4.27E-05,-8.00E-06,0.011786916,6.420811078,1.94E-16,-0.703763702,0.000292518,0.00093609,-0.00012113,8.21E-05,0.000114552,0.000474276,0.903003424,1.0833574,1.05940152,1.373145921,1.231026174,0.959220243,1.318613217,0,0.364039999,0,1.001358055,277.762956,316189506
791673,5.71127153,2.220616892,15.24397334,62.21677814,0.912798667,3.915500079,1.2634888,1.456219461,0.478052827,0.189681312,6.173796181,31.96911407,0.004793055,0.406813138,0.003622073,0.024399801,-0.002386002,-0.002257973,-6.44E-05,1.47E-05,-0.000515529,-2.78E-06,-1.46E-05,-6.77E-06,0.021517309,2.74E-37,0.060313573,-0.986476505,0.000219903,0.001093112,3.93E-05,0.000160221,-0.000222992,0.000602494,1.00392997,0.944268442,1.253195774,1.59632403,0.614539187,1.065932359,1.255708705,0,1.383655234,0,0.883706031,278.6136111,317233290
794589,5.964796837,4.916824849,8.270160181,81.78264357,1.321655685,1.962276356,0.534295747,1.344434042,0.637313062,0.504653051,8.149193293,34.03049387,-0.00115365,3.62996093,0.003301684,0.037686108,-0.004086029,-0.00348638,-2.33E-05,1.21E-05,-0.000576201,-9.76E-07,-4.08E-05,-6.39E-06,0.000767492,0.068201969,8.77E-27,-2.386791136,0.000309862,0.000244985,5.50E-05,-1.04E-05,0.00044495,0.000397171,1.121588125,1.021241866,1.026714092,1.075915947,1.103880844,1.208081031,0.630352086,0,1.102699967,0,1.025337816,281.8308095,318396774
794957,13.69601393,2.46238113,11.72602212,113.4375823,1.401243367,3.84366935,0.605394308,0.97936848,1.336835228,0.521440615,9.313541365,30.57304959,0.004622144,2.587279534,0.00131073,0.027504145,-0.004241772,-0.002776804,-6.74E-05,-1.10E-05,-0.000600846,-1.64E-06,-2.11E-05,-7.53E-06,0.029535045,4.12E-34,3.60E-12,-0.61682461,0.000252444,0.001430065,-3.65E-05,-1.59E-05,2.33E-05,0.001051768,1.142870917,1.028449914,0.920006601,2.004885127,1.04442702,0.936425455,1.045161749,0,1.068330389,0,1.109578133,281.655139,318543606
796822,10.52215725,3.81446773,14.20065058,15.61211168,0.818553346,2.340336635,1.306029191,1.514523953,1.374730033,0.335083951,6.912781441,37.48303512,-0.001542407,3.114385139,0.002902514,0.021275895,-0.001989295,-0.002906094,-6.14E-05,-2.71E-06,-0.000542612,-2.75E-06,-3.18E-05,-6.19E-06,0.005989367,0.476045309,3.49E-11,-1.542226077,0.000212479,0.001652561,-6.51E-05,0.000305946,-1.50E-05,0.000426087,0.900678732,1.237192538,1.014209901,0.573101887,1.095074326,0.916755742,1.310971627,0,2.725179821,0,0.935285191,276.6847447,319287741
797321,26.13389419,2.470964685,19.09562652,102.0454692,1.482533297,4.986573122,0.921948124,1.11867793,2.381563022,0.532102522,7.796801335,36.92229335,-0.001281234,-1.385824943,0.006722603,0.015079248,-0.002065902,-0.004009846,-9.04E-05,1.73E-05,-0.00054048,-2.22E-06,-2.36E-05,-7.42E-06,0.009343751,1119.050018,5.14E-18,-0.619219502,0.000239774,0.001211736,1.91E-06,-5.10E-06,-0.00012702,0.001655701,1.09244813,1.106637652,0.888160693,2.079687868,1.061543634,0.888648466,0.6128522,0,1.427170488,0,1.000583991,278.3914593,319486842
799349,6.013345333,4.185084223,19.13801107,59.40677832,1.07003573,2.028547015,1.312300459,1.294815906,1.104972672,0.575250416,8.195588815,31.42688021,0.005946708,1.202855071,0.002194557,0.016107425,-0.00311235,-0.003433768,-5.86E-05,-3.54E-05,-0.000560265,-1.84E-06,-1.48E-05,-7.45E-06,0.022336164,2.79E-33,0.535028934,-0.960527517,0.000273956,0.001042703,-7.43E-05,0.000179217,-9.03E-05,0.000857807,1.00816628,1.038651995,1.048840049,1.897921141,1.344968403,1.127659338,0.555700225,0,0.100134237,0,1.028819555,278.3544227,320296014
802401,7.057156024,2.433315973,6.61882359,112.3799332,1.140490998,2.89642163,0.867528395,1.255173307,0.929437111,0.43766466,6.173055034,34.64126644,8.46E-05,3.384574744,0.002595605,0.024670533,-0.003650054,-0.003538584,-7.11E-05,-2.29E-05,-0.000574935,-3.82E-06,-4.28E-05,-6.47E-06,0.011382068,10534.49874,0.018759013,-0.893389501,0.000252344,0.001624867,3.34E-05,0.000152303,-0.000268717,0.001004342,1.290430899,0.965740693,1.035796967,1.109310401,0.832966636,1.115461229,0.782156936,0,1.647005978,0,0.883657096,279.6140361,321513762
802540,5.181117788,5.778621238,33.98029322,36.7039434,1.898761052,2.103051774,1.75080867,1.747578328,1.305437994,0.518184712,6.892056492,32.71911123,0.004624865,4.179688316,0.00077387,0.019727356,-0.00353003,-0.003009496,-3.23E-05,-2.81E-05,-0.000546948,-8.86E-07,-3.83E-05,-7.61E-06,0.020214839,2.60E-28,0.061968846,-0.429797579,0.000254621,0.001172112,-8.17E-05,0.000112239,3.98E-05,0.000784861,1.133104781,0.908946109,0.876524376,1.481944687,1.031406392,1.050595662,1.213626757,0,1.233240248,0,0.933768184,274.2920596,321569223
804168,3.615406728,2.091361341,15.5208695,42.21294353,1.327857891,4.979923334,1.067307314,1.271588805,0.338165807,0.433549558,7.78220657,35.992867,0.000781374,1.567425847,0.002661273,0.033811188,-0.003461835,-0.003311118,-5.18E-05,-2.60E-05,-0.000554905,-1.11E-06,-4.06E-05,-6.99E-06,0.000731111,1.73E-05,1.35E-26,-12.24274158,0.000247115,0.001388212,-9.60E-05,0.000213343,6.63E-05,0.002113602,1.005893736,0.947296687,1.144806328,0.606737079,1.102908168,0.983797228,0.692342273,0,0.321113749,0,0.999634491,277.6709584,322218795
807586,13.34553643,5.486335498,19.6962562,60.3594309,1.190194123,2.030503817,1.425598785,1.348211394,1.485812089,0.560571393,8.15407689,37.86261901,5.71E-05,0.24723143,0.003938143,0.01227225,-0.001460305,-0.003780194,-8.30E-05,-3.32E-05,-0.000545216,-2.23E-06,-2.42E-05,-7.20E-06,0.031725494,45.12750966,1.80E-17,-0.627840178,0.000254512,0.000987696,-2.77E-06,7.70E-05,0.00025084,0.000409718,1.006368737,1.07253404,1.101052928,0.43917211,0.823495686,1.098297226,0.759184168,0,2.036477748,0,1.025746499,275.5460768,323582577
808520,13.71886789,4.650552409,14.77256729,68.21294218,1.632275122,4.277917166,1.500602079,1.411841757,1.475964252,0.726389873,9.888125749,35.58252253,0.002072463,-0.487505028,0.004255517,0.028587948,-0.003072274,-0.002294428,-8.82E-05,7.00E-07,-0.000597227,-2.86E-06,-3.43E-05,-8.67E-06,0.009320287,2.20E-31,0.038835446,-1.03304537,0.000259076,0.001143135,-6.61E-05,2.75E-05,-0.000174574,0.001311278,1.092817758,1.009292795,0.863181171,1.101428522,0.699335443,0.953416088,0.516872159,0,0.927313949,0,1.152541312,276.7405975,323955243
811013,7.020226175,3.902402063,29.02082833,105.1441254,1.398442487,1.098070403,1.000996974,0.579900181,0.914446608,0.318693989,8.2439909,33.32339728,0.002315535,4.442931178,-0.00047947,0.029370245,-0.006224513,-0.003416162,-6.10E-05,-2.88E-05,-0.000509132,-3.63E-06,-1.75E-05,-5.90E-06,5.69E-07,1.89E-93,8.02E-06,-6837.97371,0.00028364,0.000876194,-6.10E-05,0.000193954,0.00018417,0.00171471,0.977286996,0.989388753,1.083686393,1.771743774,0.623066871,1.093054832,0.882704674,0,1.699781766,0,1.032089783,280.2518569,324949950
812805,2.054594449,3.619417349,25.4338291,100.7392145,1.33413446,2.25190385,0.971428907,1.088308182,0.359229189,0.350157492,7.789557075,33.12942867,0.003953319,3.478838086,-0.000465569,-0.002152808,-0.001482405,-0.002951332,-4.63E-05,1.23E-07,-0.000530947,-2.57E-06,-4.36E-05,-6.36E-06,0.024840296,4.04E-31,0.05444399,-0.787837688,0.000246648,0.001400813,6.60E-06,0.000213696,-1.12E-07,0.000923359,1.093132673,1.050838156,0.901098359,0.604215081,0.999726436,0.84823055,0.809850536,0,1.700924284,0,0.999985707,278.0851422,325664958
815249,4.235605158,3.997647269,10.53848077,88.38888207,1.150991683,3.414700838,1.133416274,1.335795002,0.799656289,0.493794963,8.366126748,38.2992315,-0.003124656,2.450607361,0.00338766,0.042998938,-0.005140082,-0.003669829,-5.66E-05,-2.55E-05,-0.000535608,-2.03E-06,-2.36E-05,-6.79E-06,4.31E-07,7.78E-86,5.93E-06,-6048.349716,0.000311437,0.001118572,-0.000137657,9.72E-05,-0.000142785,0.001169819,0.853794509,0.88049916,1.175255373,0.382298932,1.543192278,1.075188974,1.492150938,0,2.210578291,0,1.041615022,277.8622427,326640114
815658,13.68922957,3.026385535,19.88258773,122.5884581,1.329353073,2.99368302,1.253579292,1.120418439,1.133340052,0.504721,8.140833513,34.23129551,0.001718725,0.437333069,0.004196725,0.016122705,-0.000904202,-0.003843502,-4.30E-05,6.41E-06,-0.000565227,-2.49E-06,-4.49E-05,-6.10E-06,8.70E-07,0.000885569,7.86E-09,-165.0356256,0.000273012,0.001033973,-0.000138028,9.21E-05,-0.000188956,0.001252137,1.003187781,1.043641263,1.104541743,1.543950853,0.446963195,0.851641076,0.684013748,0,1.740888209,0,1.024763127,280.0985369,326803305
816260,1.195142343,4.110799603,18.35769061,66.80703936,1.140259913,2.183880768,0.972295692,1.060097621,0.592819612,0.679524377,8.229715176,34.72359171,0.001371605,1.379007825,0.003547336,0.012756671,-0.0058444,-0.002548549,-7.54E-05,-2.38E-05,-0.000656814,-1.42E-06,-2.51E-05,-6.61E-06,0.006262731,12735.91283,7.09E-18,-0.785927198,0.000217762,0.000535647,-0.000189238,0.00011011,0.000414306,0.001476896,1.176937947,1.027703398,1.021825867,1.121037725,1.045551596,1.063317132,1.182721884,0,1.15179255,0,1.031091029,279.1729294,327043503
818772,3.785855966,4.958067658,20.42004055,114.4420673,1.250011936,1.533667231,0.905363387,0.689840565,0.426608527,0.445400441,7.707473599,31.05628332,0.004688113,1.963009046,0.002194252,0.022734694,-0.002567418,-0.003046328,-8.31E-05,-8.44E-06,-0.00047558,-2.96E-06,-2.61E-05,-8.58E-06,0.027458393,0.500160035,7.68E-17,-0.737190328,0.000199663,0.001235935,6.05E-05,0.00011476,0.000416237,0.001684282,0.755069809,0.905440806,0.975055985,0.454053687,1.60311416,0.89950895,0.604267388,0,0.500433207,0,0.994038452,279.9217311,328045791
818902,2.547566992,5.154700893,12.88313772,70.43148803,1.320159135,1.722831055,0.698501468,1.43061332,0.514868777,0.392750911,8.46249401,37.95243462,0.001222329,1.100744083,0.001559223,0.01833414,-0.00517009,-0.001610388,-7.40E-05,-7.83E-06,-0.000512275,-1.76E-06,-4.42E-05,-7.65E-06,0.01057897,5.29E-06,1.53E-17,-1.578079919,0.000247524,0.001297132,-0.000110852,0.000223745,9.83E-07,0.001427142,1.157941616,0.869240224,0.947932264,0.974967385,0.556720518,0.83534747,1.101700459,0,0.62026031,0,1.048874439,274.7596735,328097661
819161,12.53452992,2.806644518,28.99712357,88.08175167,1.546541764,2.776015598,1.005812588,0.755365614,1.16704149,0.417381285,7.316759506,34.18699083,0.001855715,2.295607216,0.001852925,0.026176197,-0.004854972,-0.000348905,-6.57E-05,-2.93E-05,-0.000496328,-2.47E-06,-3.58E-05,-7.38E-06,0.029574546,8.63E-37,9.76E-13,-0.880444093,0.000256479,0.001457056,-2.54E-05,7.05E-05,3.68E-06,0.001026145,1.004526989,0.991677529,1.047752621,1.429211777,0.956532811,0.890708563,1.346445929,0,1.588061417,0,0.96476497,280.0628857,328201002
819236,5.703834826,3.675888635,19.89800302,125.2075948,0.836805912,2.233450473,1.151296664,1.162867091,0.466080772,0.544067664,6.95123041,34.14776877,0.00578276,-0.704746528,0.001297638,0.024746149,-0.006422683,-0.002975237,-8.70E-05,-1.91E-06,-0.000561167,-2.28E-06,-5.75E-05,-5.58E-06,0.006266156,3.827915064,6.75E-18,-1.046681057,0.000284215,0.001114393,-8.94E-05,0.00012396,0.000207359,0.001765773,0.959353336,1.017205162,0.985238393,0.341095909,0.484418259,1.015613943,1.312655712,0,1.405450404,0,0.937993412,277.5573672,328230927
821330,10.64656579,2.724726775,11.20606191,106.1723468,1.110420324,3.782044535,0.976335207,0.761345034,1.421786654,0.436896182,7.012790691,38.38201947,-0.002731088,2.676318691,0.003891398,0.018058325,-0.001532845,-0.003771453,-5.26E-05,1.62E-07,-0.000532694,-2.25E-06,-5.05E-05,-7.87E-06,0.15948169,1.42E-40,0.370226655,-0.661017948,0.000206076,0.001685014,-5.19E-05,6.96E-05,-7.30E-05,0.00093054,1.238698969,1.012973403,0.967748468,0.287453956,1.393226496,0.947120851,1.731808793,0,1.399985076,0,0.94221579,275.91787,329066433
821807,2.86875336,5.11034263,27.02252346,68.62446712,0.957309882,2.361415244,1.557547843,1.780829435,0.484531423,0.367317073,7.39183063,32.18297738,0.005144917,4.939005902,-0.001306639,0.005125544,-0.003217715,-0.001548079,-3.98E-05,-8.51E-07,-0.000595538,-1.46E-06,-3.35E-05,-7.55E-06,3.39E-07,8.82E-86,5.27E-09,-18521.04292,0.000238839,0.001303106,-8.17E-05,0.000190605,-0.000208846,0.000639898,0.826757364,1.073668964,1.06705944,0.488881893,1.306662292,1.109352934,1.517021076,0,1.493294461,0,0.970525384,275.9126664,329256756
824260,14.39781661,3.061088601,16.43838625,25.98772226,0.541637392,4.070501236,0.894737367,1.526673302,1.149978978,0.297907742,7.292587286,37.09899064,-0.001411,-0.817963092,0.005992862,0.017187448,-0.001952655,-0.00503434,-5.52E-05,-1.52E-05,-0.00052258,-3.38E-06,-3.96E-05,-5.81E-06,0.038770535,2.81E-43,19.33965347,-2.334709189,0.00027859,0.001169245,-0.000117739,9.94E-05,0.000105482,0.001746718,1.15383219,1.086860085,1.036824391,0.285320262,0.756299093,0.956401246,0.833310556,0,1.7866131,0,0.962746911,277.5241503,330235503
827411,4.962667139,5.527688004,8.78485707,161.9740066,1.57418382,3.26415143,1.015383643,1.52345881,0.833082183,0.659958415,9.72258811,30.891309,0.005523898,2.802188125,-0.000160495,0.024220562,-0.001349799,-0.002054798,-6.81E-05,-1.48E-05,-0.000514013,-2.87E-06,-3.12E-05,-7.53E-06,0.001549168,1.29E-16,0.015951007,-2.444589574,0.000258216,0.001639785,-0.000200857,6.78E-05,9.51E-05,0.000932473,1.172788688,1.049125475,0.982169895,0.826983294,0.365310165,0.74716763,1.617217302,0,1.928089308,0,1.139525679,280.5476399,331492752
827506,11.11700907,5.073711607,17.50675748,133.2102907,1.160613274,2.387274102,0.988111597,1.034354756,1.045344116,0.52601133,7.773792953,28.95302369,0.009514254,2.73330055,-0.001521876,0.020128582,-0.005426223,-0.003635023,-5.42E-05,-2.21E-05,-0.000560561,-2.35E-06,-2.61E-05,-6.46E-06,0.010391371,3.391369968,2.59E-12,-0.577554736,0.000249945,0.001212168,-9.14E-05,8.30E-05,-0.000321427,0.000899318,0.885183264,0.932425046,0.991489385,0.502081297,1.042433573,0.826752656,1.139751538,0,1.067493993,0,0.999096904,278.7239186,331530657
832120,10.58358406,3.077798504,16.81687457,129.0658021,0.849749539,2.940302372,0.555404747,0.944625307,0.622015979,0.423738562,7.79224707,33.56760778,0.004162547,1.106382208,0.002221561,0.037965819,-0.00528236,-0.002476068,-7.04E-05,7.31E-06,-0.000536333,-6.33E-07,-3.87E-05,-6.62E-06,0.05437138,9.56E-41,3.263539455,-1.788347552,0.000194201,0.001173045,-9.56E-05,4.90E-05,-0.000132828,0.000723354,1.178048507,0.882337771,1.074232249,1.145416827,1.496423653,1.044968856,0.789053302,0,0.293315429,0,1.000272826,277.038673,333371643
836996,10.29543211,3.672996533,15.86551244,97.9152006,1.363352178,3.065073325,0.944277312,1.135071392,1.562050581,0.619780029,7.860388589,30.93107732,0.005376171,3.691838065,-0.000306379,0.01160095,-0.005126667,-0.002973325,-6.80E-05,1.27E-06,-0.000544624,-7.97E-07,-5.41E-05,-7.76E-06,0.013235318,7.92E-35,0.025946132,-1.266003346,0.000298752,0.001440264,-0.000151813,0.000215589,-5.86E-05,0.001695434,1.015543581,0.952696301,0.88741125,1.067126058,0.529072791,0.941992934,0.95478681,0,0.655314122,0,1.00522603,280.4771638,335317167
839172,12.46162507,2.981371761,11.221271,51.82471285,1.368196412,4.075767765,1.445141197,1.610314299,1.631935005,0.380268601,7.637233713,30.05582013,0.004658591,1.66607672,0.00332808,0.029583537,-0.002963646,-0.001405992,-3.97E-05,-1.63E-06,-0.000576625,-3.20E-06,-2.16E-05,-8.50E-06,0.017703771,4.04E-30,0.035670387,-0.750613501,0.000161833,0.001052671,-6.93E-05,9.98E-05,8.16E-05,0.000564713,1.033516672,0.978204583,0.932398478,1.506223461,0.686782718,1.104834283,1.204209326,0,0.893168061,0,0.988561618,281.5596856,336185391
839400,0.503725162,3.489954412,16.94475838,49.30304911,1.130465517,4.399813505,1.393887793,1.456147463,0.339951207,0.533834268,6.541879851,38.50234782,-0.002082262,-0.671550349,0.005231299,0.01218862,-0.001579575,-0.005210411,-5.55E-05,-2.75E-05,-0.000556922,-1.97E-06,-1.17E-05,-7.56E-06,0.003881043,1.40E-12,0.001758079,-1.739082628,0.00026929,0.001448875,-0.000181281,0.000173435,0.000141239,0.001108676,0.949546043,1.067368968,0.968893626,1.062733056,0.60949772,0.97926007,0.928965489,0,0.594296347,0,0.908666232,278.1223469,336276363
839665,1.932084543,5.470305297,9.585092142,78.50201346,1.091709358,2.188333186,0.96128806,1.267906793,0.496248175,0.420003628,6.654801917,28.37751514,0.009475185,4.254753466,-0.002422383,0.022585348,-0.002746782,-0.004055001,-4.77E-05,-1.61E-05,-0.000517595,-1.76E-06,-5.23E-05,-8.39E-06,0.010679177,0.053030762,2.107632326,-1.207647936,0.000251225,0.001417993,-6.34E-05,0.000128209,-6.85E-05,0.0012566,1.114076707,1.106156117,0.980422224,1.064184716,1.107901988,0.920957747,1.054946498,0,1.137591323,0,0.917063151,277.9572351,336382098
840937,7.22118876,5.284319037,11.58457511,59.41641424,1.679955665,3.255059385,1.251936339,1.658599286,0.93640519,0.40096467,8.130359727,37.89405701,-0.001017679,1.908822338,0.003052561,0.034747241,-0.001190382,-0.001967356,-4.43E-05,-2.23E-05,-0.000537557,-1.45E-06,-2.80E-05,-6.94E-06,0.016352928,1.16E-33,0.07222613,-0.859814222,0.000282752,0.001707811,-6.44E-05,4.63E-05,1.36E-06,0.002002338,0.876726484,1.110570529,1.072437776,0.711281751,0.811117359,0.859402598,1.224235337,0,0.570648819,0,1.024153765,276.2989999,336889626
843185,7.504261137,4.04800111,20.15425067,305.3151991,1.985882591,2.048955926,1.042367508,0.577604435,0.903074331,0.560387925,7.913721989,31.94075409,0.004433355,-0.107435598,0.004661802,0.014152702,-0.005717989,-0.001989355,-6.61E-05,-3.77E-05,-0.00050701,-1.83E-06,-2.15E-05,-8.40E-06,0.003422419,1.23E-16,0.007802613,-2.321976115,0.000279612,0.00169088,-7.12E-05,2.80E-05,2.95E-05,0.00184384,0.831701649,0.99036142,1.0881194,1.65041555,0.88669377,1.031348053,0.710169028,0,1.999965272,0,1.009174832,278.3171092,337786578
846605,3.061631366,4.441528953,10.62458624,128.1129497,1.465921916,3.291362495,1.020981658,1.292510805,0.491984903,0.225125392,6.970403432,35.92373603,-0.001044965,5.607778389,0.001038573,0.026195792,-0.006261522,-0.003027603,-4.85E-05,-2.84E-05,-0.000535587,-2.79E-06,-2.93E-05,-6.61E-06,1.61E-06,0.000166052,3.92E-07,-341.0442741,0.000197054,0.001456358,-0.000132657,8.15E-05,-0.000145631,0.001255665,0.96758529,0.786950213,0.744715284,1.492983724,0.799922728,0.688973002,1.094799713,0,0.297348905,0,0.939263703,278.5864015,339151158
847006,16.79176825,3.70932034,13.22017009,75.09496844,1.305950792,4.305055086,0.857749417,1.44887218,1.61102118,0.484341132,9.350628136,36.82016634,0.00221899,-1.872692692,0.004315198,0.023802727,-0.004430888,-0.00472847,-5.38E-05,9.13E-06,-0.000556684,-4.69E-06,-2.63E-05,-5.88E-06,0.006921246,20.48939296,5.56E-11,-0.775721712,0.000256992,0.000900329,-7.06E-05,0.000100814,-0.000110786,0.000489746,1.180382074,1.002583834,0.948934979,2.771244331,1.049905505,0.993947098,1.067902564,0,2.065241346,0,1.111910908,276.5121283,339311157
851181,4.002219192,4.155460958,35.37837554,85.3320816,1.605887904,1.931677733,1.407519544,1.234017379,0.748990855,0.329199422,7.924098467,34.63387294,0.000508443,0.925707035,0.005129449,0.030004041,-0.001867757,-0.002588264,-5.24E-05,-3.28E-05,-0.00052981,-6.43E-07,-3.03E-05,-8.09E-06,0.003342004,2.28E-05,9.01E-18,-1.843788805,0.000248527,0.00111223,-0.000202873,0.000103962,0.000240114,0.000854333,1.068267365,0.976441746,0.88221496,1.411873998,0.958621476,1.171064683,0.646508733,0,2.063435108,0,1.009808816,279.4850647,340976982
851575,8.125413246,2.743617312,20.75780917,120.4924509,1.432917064,3.033851347,1.051102303,0.946582611,1.081579024,0.513110926,7.894625122,32.86585093,0.002918297,-0.193282189,0.004962278,0.021403226,-0.001972686,-0.002462305,-5.79E-05,-2.35E-05,-0.00053954,-1.64E-06,-4.90E-05,-7.17E-06,0.002667757,3.28E-05,0.951676228,-1.987438449,0.000203844,0.001103391,2.22E-05,0.000219615,0.000309506,0.002069892,1.114688119,0.923946838,1.009768093,1.680045052,0.77473363,0.730158397,0.89159216,0,0.075538297,0,1.007895987,279.8961194,341134188
852094,16.37200487,3.807204821,16.03849534,112.9427515,1.197960324,4.356229279,1.129739529,1.448800429,1.61180443,0.50258515,7.964628413,37.13680809,0.000781735,-0.377894853,0.004052359,-0.000701707,-0.002332828,-0.003652611,-7.60E-05,-1.58E-05,-0.000491424,-2.18E-06,-4.09E-05,-7.65E-06,0.021061922,2.88E-36,1.76E-12,-0.78561308,0.000299846,0.001235901,-9.90E-05,0.000170114,2.24E-05,0.001293641,1.028043031,1.056452039,1.136364163,0.636409039,0.689890782,1.034595022,1.101072195,0,0.568850367,0,1.012935459,277.0759427,341341269
855064,7.441808199,3.857225172,12.28159406,110.3106301,1.277249328,1.564672956,0.526896765,0.684712015,0.824823553,0.509089399,8.216396188,31.81945307,0.00344145,3.264052322,0.001651688,0.018528949,-0.001038446,-0.005334446,-5.94E-05,-2.36E-05,-0.00057633,-1.89E-06,-3.12E-05,-8.17E-06,0.002737258,3.30E-23,0.028511799,-2.07869805,0.00026855,0.001500644,8.43E-06,8.53E-05,0.000146839,0.001583588,1.110860168,0.851814753,1.045483801,0.932136083,1.183147141,1.188053983,0.60314821,0,1.020831322,0,1.030376041,278.8593193,342526299
855634,11.77252597,3.911187533,26.94447227,38.83079719,0.984031252,1.969711659,0.991633048,0.736226594,1.145159114,0.556882965,7.320428306,32.46820364,0.004607357,2.753742851,-0.000605102,0.02540302,-0.001856457,-0.004957654,-9.12E-05,6.10E-06,-0.000547924,-1.96E-06,-2.90E-05,-7.24E-06,2.19E-07,0.001565249,6.13E-07,-99.55107982,0.000210539,0.001323075,-1.00E-05,1.65E-05,-5.55E-07,0.001606828,1.070448152,0.950007219,0.912485576,0.830576694,0.821952663,0.772801042,1.370525504,0,0.998054048,0,0.964949941,279.7130006,342753729
859906,10.78892676,4.73437813,12.94534753,103.5305677,1.163016434,0.602917488,0.828531118,1.274313067,1.141646033,0.370253196,5.352409819,32.55029031,0.004633205,0.161558125,0.00328227,0.022509742,-0.005472933,-0.002988834,-3.47E-05,-7.43E-06,-0.000528855,-2.47E-06,-4.94E-05,-5.96E-06,0.074667843,5.00E-40,0.573388416,-1.240263257,0.000252151,0.001766704,-1.57E-05,0.000254168,0.000288794,0.001054285,0.777899362,0.97524782,0.985484457,1.378119162,0.637598212,1.040436582,0.508545952,0,1.11921432,0,0.822331571,279.6622681,344458257
861597,0.783907576,5.187583043,17.53809955,101.5775496,1.153558811,3.452765372,1.146080948,1.406146584,0.222124124,0.584448942,8.976993458,37.29209845,1.36E-05,1.06384384,0.003179438,0.015425881,-0.002933342,-0.002410817,-6.24E-05,1.21E-05,-0.000517206,-1.95E-06,-4.93E-05,-7.27E-06,8.26E-07,7.07E-08,1.28E-05,-3463.605833,0.000216759,0.001112387,-0.000109367,9.96E-05,-0.000170736,0.000743513,0.88630799,0.96901576,1.072444087,1.109906043,0.186934571,1.026035675,0.871837994,0,1.379483238,0,1.085447886,277.7315691,345132966
862306,8.278102053,4.378866324,19.1208144,21.00705095,1.057901044,3.604768485,1.22346492,1.323895049,0.907399975,0.427022478,9.201655734,35.59814564,0.000624822,1.641675602,0.00347347,-0.000927991,-0.00266718,-0.004014747,-5.84E-05,-1.06E-05,-0.000605535,-1.56E-06,-2.98E-05,-7.88E-06,1.09E-06,7.88E-08,1.40E-06,-6517.851442,0.000237299,0.001494861,-0.000100649,0.000313329,-0.000295437,0.001492623,1.099162392,0.931280227,1.040498976,2.281599142,1.018954718,1.233557517,0.647333029,0,1.148556355,0,1.100655436,276.4794165,345415857
862863,7.960558,4.736060279,10.94304791,118.5560573,1.004814868,3.977575265,1.111714393,1.666293411,1.401101266,0.843137206,8.715667827,32.69289884,0.004327461,4.961304163,-0.000967456,0.021023563,-0.002536473,-0.001135932,-5.40E-05,-3.37E-05,-0.000493371,-2.68E-06,-4.66E-05,-6.57E-06,0.005210348,5.67E-16,0.0473868,-2.34144707,0.00023155,0.000961307,-0.000192851,7.47E-05,-8.67E-05,0.001363056,1.090141594,1.082985261,1.209765136,1.434967936,0.771030924,1.15995923,0.868371491,0,0.725036787,0,1.066712662,277.5350062,345638100
868139,9.935738264,4.895308601,8.364162008,83.95953933,1.309728034,2.456696588,0.417132711,0.973625759,0.822577107,0.552186078,7.376328553,30.68959964,0.004879178,6.122502363,-0.000978081,0.037323215,-0.002326003,-0.002036224,-6.55E-05,-3.08E-05,-0.000619652,-2.09E-06,-2.12E-05,-7.70E-06,0.01694739,2931.373441,2.91E-18,-1.047041328,0.000259286,0.000915894,-2.33E-05,-7.24E-05,0.000189078,0.000632137,1.108158466,1.029531399,1.134975432,1.212686126,0.681876941,0.894823406,1.38864379,0,1.752517781,0,0.96935276,278.6019479,347743224
868372,8.575286573,5.619332645,15.10697126,101.5352319,1.217477454,2.634157645,1.097625694,1.49412343,0.947495629,0.690500766,8.45570131,32.71654452,0.001382676,5.783485673,-5.41E-05,0.004986619,-0.003933734,-0.003758216,-6.68E-05,-2.97E-05,-0.000592625,-2.76E-06,-2.16E-05,-7.32E-06,0.020789187,1.18E-28,0.010709398,-0.671194471,0.000259479,0.002030191,-9.37E-05,0.000145886,0.000161794,0.001965803,1.067639622,0.881837446,0.966090982,0.120297178,1.14613153,1.038784843,0.966353843,0,-0.208591733,0,1.048401271,280.1856968,347836191
869337,5.82228033,4.358856918,26.43376854,33.45456776,1.304476382,1.9993462,1.205740894,1.156958966,0.712203987,0.365860693,5.933272445,35.34832635,0.000968973,3.012784006,0.001285176,0.023839275,-0.003115911,-0.00039782,-5.68E-05,1.04E-06,-0.000559687,-3.63E-06,-3.05E-05,-7.94E-06,0.003398678,1.88E-16,0.000172882,-2.906015432,0.000187182,0.000586317,-8.78E-05,0.000140965,0.000184377,0.000787646,1.11927998,0.990311947,0.984210373,0.608223701,1.043984307,0.886278467,1.104022822,0,1.387313314,0,0.866370811,278.1062008,348221226
870542,7.335742649,2.268811091,25.68535587,122.6891154,2.009963685,2.079693599,1.038442511,0.697241816,1.415600202,0.476181299,9.534457891,34.08577358,0.001694071,1.075079457,0.004544998,0.044127257,-0.003845625,-0.000958432,-7.71E-05,-1.73E-05,-0.000517329,-1.92E-06,-2.75E-05,-7.19E-06,0.004769188,1.00E-15,0.010857257,-1.789418452,0.000333482,0.00121547,-6.15E-05,1.06E-05,-6.43E-05,0.001731406,1.04129191,0.898585795,1.040000949,0.830133703,1.050228664,1.210228656,0.459055438,0,0.943070825,0,1.125257962,276.9122731,348702021
873477,6.683635504,3.484921214,14.93278669,133.8530298,0.692423362,4.074048045,1.430022236,1.518983585,1.348746269,0.733938921,7.843354308,37.03467682,-0.00087086,0.156821275,0.004164066,0.025786661,-0.000326414,-0.002535481,-5.37E-05,-2.60E-05,-0.000514698,-2.18E-06,-9.46E-06,-6.87E-06,1.08E-06,6.30E-05,1.35E-06,-1834.491597,0.00024275,0.001011008,-5.64E-05,9.37E-05,9.91E-06,0.00087065,1.167449121,0.917935318,0.944169053,0.736879878,1.035217325,1.081385373,0.968000235,0,1.536877682,0,1.003931902,280.0010283,349873086
875146,7.259764719,3.915538746,7.605079778,166.1445308,1.247173616,3.076135823,1.046517109,1.121972728,1.174261979,0.679897044,8.797243987,30.13156216,0.010429936,0.722381457,-0.001092144,0.01665556,-0.001922466,-0.002468622,-6.29E-05,3.14E-06,-0.000563765,-1.90E-06,-2.48E-05,-8.63E-06,1.31E-06,1.22E-05,5.37E-06,-4264.756492,0.000225099,0.00102587,1.97E-05,0.000162796,0.000194538,0.001786755,1.039137729,1.04427214,0.992339052,1.48789295,1.125666354,0.682447218,0.969401703,0,2.485709427,0,1.072602099,276.3175934,350539017
879059,1.887306405,3.649795835,26.38698648,58.20531681,1.162166242,3.105397359,1.782583447,1.233764621,0.655150001,0.259638139,7.383329767,30.08088719,0.00676811,0.728931826,0.001273691,0.023484529,-0.004605184,-0.001411256,-4.32E-05,-3.26E-05,-0.000526107,-3.23E-06,-5.11E-05,-9.25E-06,0.008772762,132.8837452,0.03694236,-0.92042365,0.000197684,0.001204355,4.42E-05,0.000207897,4.01E-05,3.38E-05,1.039922126,1.103144468,1.074636582,1.076907701,0.845274507,1.130800595,0.474200397,0,0.30234883,0,0.969881664,281.7355984,352100304
879603,1.740938759,3.572115983,13.86194755,15.01432822,1.458738707,2.452672715,0.542031604,1.211738492,0.471411458,0.411050635,5.480845206,32.43968867,0.004871547,3.378785726,-0.000183787,0.033271798,-0.001658519,-0.0007,-5.25E-05,-6.09E-06,-0.000508488,-3.50E-06,-5.79E-05,-7.69E-06,1.51E-06,2.27E-07,9.73E-07,-4407.49242,0.000188789,0.001024757,-0.000149685,0.000300249,7.80E-06,0.001077823,0.789860129,0.926074912,1.392869296,0.403600851,1.062332075,1.185308123,0.942955176,0,2.917003928,0,0.832673565,276.3957801,352317360
884426,7.900492243,3.708193467,22.20750925,22.91979565,1.047222836,2.945202073,1.504433492,1.405242256,0.800025494,0.301293782,7.009408966,28.87854982,0.008934628,2.941754804,-0.001603244,0.023217588,-0.001216786,-0.00382796,-6.63E-05,-2.68E-05,-0.000567244,-9.86E-07,-3.24E-05,-7.19E-06,0.014933109,29.8593397,1.19E-15,-0.740409383,0.000238981,0.001602636,-6.27E-05,0.000171863,0.000360607,0.00094561,0.973876985,1.040957292,1.242936931,1.982371941,1.567145038,0.860695978,0.865366856,0,1.107081002,0,0.941947088,280.2830452,354241737
884593,17.541979,2.712094206,10.35896872,56.14247079,1.05762908,3.04189077,0.479435048,1.155052259,1.585566704,0.473007792,6.681984302,33.15205669,0.000559955,2.209271779,0.003354687,0.030759571,-0.001485578,-0.004572991,-6.66E-05,-9.11E-07,-0.000564522,-1.56E-06,-4.48E-05,-6.99E-06,1.94E-06,0.002767508,5.03E-05,-48.02042633,0.00023162,0.001663073,-4.62E-05,0.000150701,-4.51E-05,0.001051464,1.097528537,0.975418894,0.984925095,0.683007542,0.94606991,0.949839685,0.752794227,0,0.93898999,0,0.918690655,281.4374064,354308370
886112,2.938650111,5.852058125,19.06275201,84.13199556,1.069512779,3.282366871,1.463861727,1.564537073,0.551400825,0.532736051,7.515837912,33.80871975,0.001786471,4.368240751,4.43E-05,0.032194005,-0.001157604,-0.002565713,-7.86E-05,-5.78E-06,-0.000513626,-2.93E-06,-2.64E-05,-9.07E-06,0.004731964,215.6504927,2.97E-18,-0.593938326,0.000228961,0.00100537,-5.47E-05,0.000172235,-0.000117741,0.002247566,0.889881993,1.005853086,1.059555223,1.299823593,0.841346959,0.942581334,1.054811461,0,0.709961763,0,0.979817695,278.5562897,354914451
891539,14.5222362,3.456559169,13.13266056,89.13582739,1.626144591,3.43633986,1.190707423,1.260334773,1.544302585,0.619018541,8.517669619,33.83400535,0.003860418,0.235518199,0.002009067,0.015019236,-0.006708605,-0.0036631,-5.94E-05,2.54E-06,-0.000568254,-1.57E-06,-2.14E-05,-7.38E-06,0.002327442,2.72E-14,0.002557403,-2.430325956,0.000205826,0.00128662,3.63E-05,0.000136853,0.000103315,0.001552897,1.024915258,0.992126113,0.821253651,-0.04619131,1.022995572,0.991453223,1.334849175,0,1.736543143,0,1.052924928,279.3304361,357079824
891918,16.32831341,3.981819315,4.31147197,93.59172964,0.896253682,4.812931153,0.85362718,1.409969775,0.966873468,0.502913602,8.571386488,30.6284483,0.004112323,4.603765829,-2.77E-05,0.017789154,-0.002383473,-0.002262818,-7.52E-05,-8.56E-07,-0.000505982,-3.51E-06,-2.48E-05,-7.15E-06,6.99E-07,2.04E-08,1.68E-05,-4175.289453,0.000247476,0.000381923,-2.17E-05,2.48E-05,0.000351884,0.000875442,1.230487488,0.992468758,0.960454526,1.155053799,0.836942535,0.815318964,1.155253612,0,0.780920218,0,1.05650264,281.4776806,357231045
893406,4.078831132,5.373206431,19.63511762,148.0986836,0.943551658,2.597708924,1.149567695,1.377168684,0.576241424,0.520698306,6.895962321,37.99282596,-0.002814134,2.659417828,0.002900397,0.021051718,-0.000664265,-0.006259069,-8.49E-05,-4.64E-06,-0.000568947,-3.52E-06,-3.92E-05,-7.29E-06,0.020525104,1.57E-33,0.03899437,-0.543240979,0.000235951,0.001213254,-8.97E-05,0.000285143,0.000108084,0.001722918,1.019330013,1.174701623,0.889860477,0.093898334,1.786982256,0.822169687,1.168343807,0,0.468921287,0,0.934018467,279.2980955,357824757
894286,0.745598896,4.724073703,23.50353688,183.5927746,1.295989604,0.552997729,1.071807849,0.839459845,0.169504229,0.418778191,8.035137181,35.27499081,0.000938513,2.147342858,0.002354495,0.011343811,-0.003828251,-0.002303857,-7.63E-05,-2.27E-05,-0.000502156,-1.64E-06,-4.15E-05,-8.16E-06,0.02164635,30362392.91,2.85E-12,-0.931500072,0.000166364,0.001277021,-2.43E-05,3.78E-05,2.96E-05,0.001081551,0.968806879,1.01727622,1.008158449,0.506149939,1.206447578,0.736816241,1.421147466,0,1.069946164,0,1.017393106,277.8041617,358175877
894307,10.1729418,3.763499035,35.31688791,48.74098661,1.254939749,2.168319484,1.697561673,1.69904295,1.111208766,0.317737941,7.236418306,34.55620488,0.000302688,3.176493545,0.001875616,0.026078086,-0.003363061,-0.002109689,-4.89E-05,-3.49E-05,-0.000493157,-2.25E-06,-4.08E-05,-6.03E-06,0.008599626,9.97E-09,0.00462404,-0.885087646,0.000215697,0.001443,-4.82E-05,2.38E-05,-0.000382471,0.001323196,1.002209921,1.148002703,0.95917643,2.120476555,0.922722689,1.139810322,1.000951834,0,0.708431254,0,0.958961488,280.1118624,358184256
894709,3.863492448,5.16088468,12.19500251,57.19513927,0.465623923,3.185973377,0.786594609,1.59632021,0.941172327,0.541614067,6.79505275,30.8905947,0.00585259,1.020012053,0.002573176,0.016253376,-0.003988604,-0.000965681,-6.12E-05,-1.89E-05,-0.000599904,-1.73E-06,-3.56E-05,-7.70E-06,0.011142305,5.80E-11,0.111672581,-1.815080389,0.000258501,0.000772166,-8.66E-05,3.93E-05,-7.46E-05,0.001290769,0.951104147,0.980486102,0.785146566,0.689505641,1.169392967,1.072903476,1.626668619,0,1.437564787,0,0.926972608,278.8137415,358344654
894805,3.734249785,5.222112499,25.92332101,66.67953447,1.011809771,2.281260294,1.505766416,1.174859644,0.494306897,0.537090387,7.885233259,34.74198894,0.002612917,2.610403592,0.002065091,0.017749786,-0.004411853,0.000493846,-7.47E-05,-2.27E-05,-0.000546032,-2.89E-06,-4.01E-05,-6.85E-06,0.009316286,6.337103755,0.055837922,-1.285983919,0.000220291,0.001025159,-0.000100444,0.000275657,-0.000391208,0.000960983,0.829430743,1.038701522,0.886522245,1.1775475,0.669717079,1.092257044,1.025881412,0,1.626059266,0,1.007146766,276.635149,358382958
897996,2.139326233,3.986243242,15.5949258,123.7909676,1.269429225,1.831971234,1.263898023,1.094804304,0.595427671,0.504340789,7.974100371,32.29477207,0.002685236,5.065258939,0.000648759,0.020159944,-0.004855867,-0.004291393,-6.23E-05,-5.98E-06,-0.000521976,-2.58E-06,-1.27E-05,-8.39E-06,0.009128222,1.721470931,8.11E-12,-0.600487859,0.00015793,0.001379733,3.26E-05,0.000264454,-8.40E-05,0.000314549,0.881505578,0.989508952,1.088554485,1.291979735,0.862236374,0.971470623,1.085237167,0,1.527770135,0,1.013645895,278.3544752,359656167
898963,4.974550811,5.810622604,23.18903046,152.2201503,1.581592899,1.796157559,1.865173484,1.055824697,1.011919754,0.650819366,9.354919723,34.53952188,0.003316249,3.336719969,0.000331909,0.027156881,-0.005638023,-0.00484586,-8.33E-05,-2.47E-05,-0.000497045,-3.05E-06,-3.23E-05,-6.99E-06,1.39E-07,2.76E-08,8.77E-06,-8525.109274,0.00018953,0.001147054,4.25E-05,0.000200111,-3.28E-05,0.002530143,0.805206441,0.881494171,1.015332969,1.06556384,1.171972758,0.862160036,1.095637481,0,2.083307839,0,1.112132341,277.9420489,360042000
899358,6.995087569,2.545846495,3.771523069,142.0227457,1.425011731,4.108068466,0.566072727,1.041685115,1.259607461,0.436227379,8.550078211,29.25534011,0.007894565,2.180861118,0.000561799,0.006629205,-0.002242032,-0.003130469,-5.41E-05,-7.59E-06,-0.000638325,-1.49E-06,-4.57E-05,-8.12E-06,0.006215785,0.589954273,1.47E-18,-0.786185117,0.000226639,0.001791102,-9.67E-05,0.000170074,0.000494422,0.00095064,0.954983354,1.070367885,1.027037898,1.175460584,0.408493495,1.355281059,1.160891549,0,1.669692843,0,1.055138021,277.6678437,360199605
903128,7.403017845,3.023933705,14.216359,63.69896694,1.002557726,2.673570086,0.919160946,1.076871267,0.785663903,0.414262195,7.88455425,34.83083905,0.002990947,1.191413996,0.001355833,0.037166699,-0.003911572,-0.007353007,-4.29E-05,-2.53E-05,-0.000532647,-4.00E-06,-2.41E-05,-7.29E-06,0.00480864,0.066386678,0.008142572,-1.091291855,0.000253872,0.000848761,-0.000246846,0.000162774,3.23E-05,0.001376936,1.137702669,1.002682747,0.936681845,2.512811562,1.185222636,0.684893851,1.281100605,0,0.808094362,0,1.007062994,278.1154032,361703835
903332,25.237563,2.979824492,8.353959961,35.683685,1.463688685,5.453479695,0.693704441,1.766658269,2.510716494,0.419353278,8.024269572,29.8564348,0.006956929,5.071022385,-0.000941114,0.011529829,-0.006696527,-0.001828699,-5.91E-05,2.05E-05,-0.000570393,-1.79E-06,-5.65E-05,-6.50E-06,0.020115555,1.31E-30,0.013008722,-0.684795974,0.000160751,0.001290307,3.51E-05,0.000107332,-2.86E-05,4.97E-05,1.037127205,1.085082037,1.105602646,1.043418827,0.987938685,1.024509347,0.693065644,0,2.317685523,0,1.016701305,276.3864094,361785231
903700,12.05258013,4.401416604,29.67670997,88.47518763,1.351182721,1.838136322,1.447615012,1.201820621,1.373166835,0.228143459,5.760058157,30.49066881,0.009514526,1.315919004,-0.000240947,0.017200607,-0.002603524,-0.001946346,-9.57E-05,-2.40E-05,-0.000511333,-3.36E-06,-1.93E-05,-5.17E-06,0.001552053,1.44E-06,2.91E-26,-4.861112414,0.000227831,0.000924747,-4.51E-05,0.000200673,-2.65E-05,0.001165153,0.965290194,1.020366735,0.961019547,0.743025851,1.098042469,1.043955793,1.59565986,0,1.599636168,0,0.852454609,274.9442003,361932063
904024,4.896128386,4.449193489,8.022153264,151.7458408,1.515470826,3.25661872,1.206360136,1.254729468,1.238919447,0.539288348,9.187227899,33.98886862,0.002509092,2.745361689,0.001839906,0.014929907,-0.006065042,-0.004785998,-8.40E-05,-3.20E-05,-0.000535875,-1.74E-06,-4.44E-05,-5.43E-06,0.011565309,0.343576199,2.73E-17,-0.838592321,0.000242217,0.001279986,-5.36E-05,0.000197186,-0.000210351,0.001317545,1.177095948,0.99486245,0.988149431,1.394774862,0.980787863,1.021537833,0.867634891,0,1.152529238,0,1.099732626,278.1826148,362061339
904197,0.933442257,2.908212939,18.49156046,264.2324454,1.592324956,2.449777354,0.924418591,0.711767343,0.642833645,0.422536122,7.696448351,38.90302418,-0.002200349,-0.072604899,0.004754423,0.023868232,-0.005000708,-0.000310517,-8.31E-05,-1.08E-05,-0.000516377,-2.58E-06,-4.63E-05,-7.77E-06,0.024832282,7.97E-06,3.83E-15,-0.822221174,0.000249135,0.000685884,-0.000186182,7.69E-05,5.72E-05,0.001608364,0.982413981,1.010699082,1.143946266,0.146176337,0.660243636,1.256660025,1.160345591,0,1.852603357,0,0.993450321,276.5236154,362130366
908400,11.16906685,4.026894507,9.596100593,66.03230761,1.342243449,2.707484672,1.554080694,1.475316605,1.514659347,0.4294426,8.024849754,37.45603713,-0.00158496,3.059950164,0.001864943,0.026377151,0.00035629,-0.002928229,-5.46E-05,-7.66E-06,-0.000529842,-1.97E-06,-3.26E-05,-5.80E-06,0.039684509,8.72E-38,1.10E-12,-0.521286662,0.000301262,0.001206165,-0.000177987,0.000262923,0.000193452,0.001562884,0.867362922,0.894050634,1.046793207,0.075298333,1.09324862,0.971240623,0.668581204,0,2.065023193,0,1.016753103,278.5853702,363807363
908547,3.975765485,4.096607432,22.94826412,58.34157642,1.425776905,2.307262059,0.978622229,1.378115666,1.132166834,0.300666067,6.31661989,34.42053019,0.002988974,1.234816456,0.002677735,0.021916786,-0.005033882,-0.003051955,-8.81E-05,-4.62E-05,-0.000614099,-2.78E-06,-3.32E-05,-7.19E-06,0.021182399,7.40E-07,1.28E-15,-0.58442146,0.000210307,0.001366964,-7.06E-06,0.000178336,0.000258706,0.000949984,1.01867848,0.984335637,0.931616525,0.975813424,0.916701159,1.050398332,0.994061212,0,0.148050881,0,0.893254536,277.1738124,363866016
909786,7.618581731,2.85331926,20.60370568,142.9261011,0.880004364,2.939460803,1.294160019,1.11832638,1.421911567,0.551952711,6.966969257,33.50205124,0.004849558,3.971329473,-0.000983794,0.025698151,-0.003246311,-0.002198956,-8.81E-05,-3.72E-05,-0.000523534,-1.08E-06,-3.73E-05,-7.82E-06,1.60E-06,0.000153284,6.71E-07,-1175.40026,0.000231481,0.001427646,-1.82E-06,7.35E-05,0.000201498,0.001724847,0.928934056,0.954062366,0.91652542,1.196222944,1.060494122,0.856425859,0.857583428,0,0.172817403,0,0.939079082,275.1413631,364360377
910287,3.709833125,5.283966945,18.57718247,22.70589975,1.282740494,1.784688013,0.927828703,1.403920809,0.593619188,0.343196013,6.077609693,33.88984271,0.003091088,2.057156217,0.001296408,0.051921979,-0.006050612,-0.003603198,-6.57E-05,-2.32E-05,-0.00056228,-1.67E-06,-2.56E-05,-6.98E-06,0.037188358,7.81E-44,5.520604623,-1.847265284,0.000206506,0.001211063,2.40E-05,0.000214817,0.000417646,0.00178121,0.992483295,0.972271327,1.100395106,1.717313383,0.53033755,0.78228103,1.092033397,0,0.233529317,0,0.876792429,278.9310755,364560276
911162,1.300278407,4.341565791,27.63757708,77.34659476,0.499769797,3.371090786,1.941156297,1.635537516,1.170519349,0.485649685,6.48669853,37.04277119,-0.001281096,0.081606498,0.005535747,0.019431829,-0.003568368,-0.002257713,-5.38E-05,-2.23E-05,-0.000544321,1.04E-07,-3.67E-05,-7.31E-06,0.011087065,0.000481115,0.484451648,-2.21542325,0.000237616,0.001631877,-4.56E-05,0.00013854,0.000147291,0.002636687,0.959349809,1.05378664,1.076117196,0.597534003,1.675732511,1.284589359,1.04485258,0,2.469113744,0,0.904567423,278.0244514,364909401
913778,3.229068273,3.563777617,14.30093712,126.2636346,1.283882843,2.367006279,1.089635117,0.986787403,1.196320381,0.420311174,6.751977425,31.41663717,0.003623356,3.002537557,0.001675421,0.012187361,-0.001626028,-0.003419003,-5.05E-05,-4.06E-05,-0.000568578,-1.67E-06,-4.12E-05,-6.89E-06,1.71E-06,0.012010208,3.73E-06,-7.440596566,0.000278455,0.001110285,-5.77E-05,0.000201551,0.000429933,-0.00082523,0.897859498,1.034836864,1.055751954,1.577781244,0.696206305,0.773295356,1.119115081,0,1.543553567,0,0.923702756,279.8794208,365953185
914635,4.016446417,5.722584472,15.79481262,117.7925476,1.00028936,3.632150766,1.270849754,1.780088722,0.763182596,0.481359209,7.468513952,33.16360253,0.00287505,3.063591396,0.001698177,0.021726335,1.86E-05,-0.002251601,-8.52E-05,-8.15E-06,-0.000542797,-2.87E-06,-7.36E-05,-5.71E-06,0.001695168,1.42E-19,0.015019573,-2.317843138,0.000274846,0.000531636,-2.04E-05,3.98E-05,-0.000445468,0.000977006,1.002998388,1.022344135,1.171310068,0.828239996,1.027443069,0.793924997,1.45402304,0,-0.063930621,0,0.976710581,277.6944965,366295128
914985,1.568267036,4.496790709,22.91320011,65.61528205,1.116421339,0.752045863,1.179120964,1.133054662,0.542974963,0.277716863,6.407658173,32.8817912,0.004522856,-0.46853495,0.004592438,0.006063601,-0.005570851,-0.003647733,-6.63E-05,-1.76E-05,-0.000547323,-2.83E-06,-1.80E-05,-9.46E-06,6.59E-07,1.29E-07,1.92E-05,-4003.710882,0.000250442,0.000907344,-2.92E-05,0.000201909,-9.48E-05,0.002117077,1.088443542,0.97026813,0.933263709,1.948768316,1.190350117,0.840806561,0.701205887,0,1.36327773,0,0.898664386,277.7293148,366434778
915347,5.223383877,4.325670082,12.73793553,22.20615688,1.020357207,2.869500551,1.020697558,1.68525441,0.778863087,0.31474979,7.355885434,30.12613918,0.009248257,0.058093291,-4.29E-06,0.003721501,-0.002788913,-0.000967972,-5.45E-05,-1.81E-05,-0.000482437,-1.56E-06,-1.84E-05,-6.54E-06,0.006649465,6.23E-07,0.100293657,-1.909611237,0.000204629,0.001315871,-9.17E-05,0.000105526,0.000172586,0.001358814,0.766664993,0.924537081,0.906319574,1.985379457,1.177340971,1.239237799,1.295272286,0,1.378464263,0,0.967393178,278.7950071,366579216
915499,4.638574498,4.609126143,19.83543355,114.856768,1.16136736,2.473704657,1.046652698,1.14014609,0.555413378,0.553568309,9.024107978,38.58932524,-0.001474577,0.318427184,0.002790692,0.019290906,-0.005399493,-0.002887982,-7.40E-05,-1.35E-05,-0.000466669,-1.56E-06,-4.21E-05,-4.39E-06,1.06E-07,2.25E-11,8.28E-08,-75212.03623,0.000202172,0.00112589,-0.000101921,0.000137393,-0.000129608,0.002419101,0.911585662,0.99661334,0.958327031,2.070087136,0.71050589,0.949777361,1.141228205,0,0.271148185,0,1.088934294,277.9234777,366639864
915871,10.27073419,3.633057374,19.6874172,64.62390417,1.22232429,1.960422053,1.197930147,1.20911693,1.507589997,0.599039359,7.194039098,33.18720938,0.002876168,4.204144132,0.000977877,0.030187364,-0.005620252,-0.004162837,-5.18E-05,-4.33E-05,-0.000608033,-1.98E-06,-3.58E-05,-8.14E-06,0.078797195,1.11E-42,2.554163938,-1.396455108,0.000227736,0.001293184,-1.45E-05,4.82E-05,2.41E-05,0.000983302,1.167973362,1.116322486,1.031011137,1.783445978,0.96321497,0.773494196,1.09761037,0,0.87731608,0,0.955465385,278.6267719,366788292
916039,16.79172673,2.22904359,6.06247166,122.0695184,1.694044068,7.484837583,0.787334352,1.36745676,1.828248653,0.319505831,7.995119404,34.42689985,0.003230759,-1.360285654,0.00515473,0.033887988,-0.002968981,-0.001570675,-6.09E-05,-1.56E-05,-0.000548858,-3.23E-06,-2.81E-05,-7.12E-06,0.004612988,9.22E-06,0.081879917,-0.882454118,0.000217852,0.001135036,-5.72E-07,8.76E-05,-7.48E-05,0.001120457,0.944207334,0.944216473,1.025480537,1.514284428,1.078332784,0.871456603,0.817129511,0,0.429630631,0,1.01478685,278.0815074,366855324
918207,3.256800515,4.090703411,8.781944938,265.1312603,1.315003352,2.254544883,0.532644914,0.612484835,0.449577689,0.521204775,8.08306003,36.92459544,-0.002589593,2.920118152,0.004269122,0.028218024,-0.004056641,-0.003275018,-7.49E-05,-3.53E-05,-0.000514585,-2.07E-06,-3.25E-05,-6.63E-06,0.004691926,4.52E-13,0.134410907,-2.489198695,0.000247599,0.001383742,8.35E-06,5.63E-05,0.00018947,0.001290408,0.993956235,1.005101787,0.999641609,1.039021482,1.137116965,1.021065823,0.376767544,0,2.057912401,0,1.020924127,278.3872455,367720356
919294,0.895990599,4.768762853,22.92205033,70.07312478,1.628881026,2.21139307,1.105899582,1.303065574,0.030996227,0.414801169,7.260902944,29.0978566,0.006069009,4.201397776,-9.21E-05,0.039060829,-0.002885652,-0.002044229,-8.58E-05,-2.67E-05,-0.000582954,-2.15E-06,-4.84E-05,-7.05E-06,0.017699903,98076.31677,0.000109641,-0.395057738,0.000206981,0.001210063,-9.45E-05,4.61E-05,6.47E-05,0.000670202,0.969064643,0.996833637,1.127858383,0.068762169,0.897003678,1.108247457,0.999306151,0,1.92272305,0,0.960602015,280.3666167,368154069
922463,3.844835686,4.862125521,16.003329,46.77869533,0.881393865,2.499893808,1.10307824,1.290005548,0.921677404,0.610463965,8.512154077,28.83642445,0.006364255,2.274099041,0.002996391,0.021204968,-0.001742941,-0.001656657,-8.37E-05,-2.34E-05,-0.000507076,-2.19E-06,-4.56E-05,-8.23E-06,0.016434647,4.47E-37,3.70E-13,-1.01938611,0.000150247,0.001029532,-0.000136471,8.86E-05,-0.000309521,0.000984736,1.274768653,1.066444231,0.912146362,0.364637868,0.657968179,0.884654359,1.0725836,0,0.972139089,0,1.052410846,278.3284597,369418500
923986,3.318796833,4.301661936,4.982299758,79.51113142,1.717702281,4.111085821,1.040077261,1.385120574,1.356093271,0.605076132,9.510316113,37.30050819,-0.00098983,0.716140227,0.00306613,0.036971343,-0.002679874,-0.003620842,-7.41E-05,1.01E-05,-0.000579887,-2.15E-06,-2.51E-05,-6.48E-06,7.92E-07,7.91E-93,0.00014212,-411.8021754,0.000278958,0.001464934,-6.44E-05,-8.15E-07,0.000272204,0.00151898,0.959863576,0.972148486,1.089203955,1.074430618,1.027067178,1.031017307,0.778817446,0,0.470039018,0,1.123396319,280.0562714,370026177
928824,3.642477503,4.013227174,9.69338497,105.6514637,1.300117076,2.239722131,1.070296517,1.053205839,0.328823196,0.405555505,7.644633239,36.26993012,-0.000662682,-0.107128529,0.004950886,0.023356315,-0.005438865,-0.003806055,-4.85E-05,-4.80E-05,-0.000536218,-3.47E-06,-3.38E-05,-8.37E-06,0.009039788,67.46664627,8.61E-12,-0.67560794,0.00020883,0.000628141,6.10E-05,0.000233731,8.17E-05,0.000257768,1.063173398,0.92444877,0.977160512,2.232236739,0.855883527,1.365603335,1.43156561,0,0.825921693,0,0.989149569,279.9250065,371956539
932021,10.89961479,2.532201203,15.63667635,129.2080416,1.368929765,2.820975611,1.102143376,1.096581877,0.849844204,0.464352495,7.854534505,37.40174194,-0.000923175,4.079080967,0.001262024,0.01277226,-0.003106203,-0.002460342,-6.26E-05,-2.62E-05,-0.000560463,-2.69E-06,-6.65E-05,-7.41E-06,0.00158333,6.38E-16,0.000867556,-3.208371951,0.000163751,0.0013739,-2.05E-05,0.000195704,-0.000447059,0.000375882,0.920015649,0.966660659,1.046041399,1.826519872,0.78647481,1.089750391,0.919422282,0,0.325116756,0,1.004776265,274.2104752,373232142
932493,1.147793904,4.364770013,4.811623159,139.0690735,0.990383952,5.245828839,0.828906302,1.503168471,0.360496548,0.356694006,8.439818654,30.48965829,0.009886224,0.406268754,-0.001155926,0.02705187,-0.001557151,-0.003031543,-9.28E-05,-2.20E-05,-0.000520343,-1.16E-06,-3.07E-05,-7.02E-06,2.09E-07,1.77E-05,1.41E-07,-6932.7626,0.000247757,0.001416903,-0.000124608,0.000176716,-1.98E-05,0.001696634,0.949886116,0.897647728,0.833007838,0.344011244,0.605071821,1.125638307,1.09011796,0,0.966733611,0,1.047322327,277.6605346,373420470
933387,11.49334358,4.948290088,12.2604106,133.4652008,1.104734889,4.663761344,1.508084698,1.347521143,1.682076968,0.749753498,8.828854098,36.6676052,-0.000981898,0.666891024,0.004933289,0.019368209,-0.005091483,-0.001507226,-4.48E-05,-1.96E-05,-0.000560033,-2.66E-06,-2.13E-05,-8.72E-06,1.35E-06,6.24E-08,1.17E-06,-5834.655382,0.000255961,0.001620216,-5.08E-05,7.68E-05,-0.000334048,0.00033022,0.999176691,0.940031863,1.013943461,0.800047722,0.450178023,0.818676286,1.081860511,0,0.392160379,0,1.074923729,278.1945839,373777176
934023,15.99364376,4.115199746,23.80323589,87.61578793,1.366663244,3.288203099,1.471271313,1.457150057,1.547929673,0.46650832,6.533412552,34.8886176,0.003713607,2.091815539,0.000503645,0.031348783,-0.005760084,-0.004084902,-5.52E-05,-3.32E-05,-0.000572522,-2.28E-06,-5.17E-05,-8.00E-06,0.036476844,8.54E-37,0.177244695,-0.5295329,0.000304286,0.000910305,-4.51E-05,0.000189174,-0.000339728,0.001524495,0.941013412,1.071847528,1.014745971,0.42404804,0.99524173,0.978503986,1.496793945,0,1.283707375,0,0.907963528,276.4328591,374030940
944195,6.020145507,4.885686981,31.26238589,39.20863204,0.842319566,2.274616177,1.714785277,1.261205177,0.650461389,0.240225802,7.203163349,36.23725177,0.000357826,1.938831669,0.002733399,0.02279511,-0.00421778,-0.001357605,-9.80E-05,-3.69E-05,-0.000448888,-1.22E-06,-2.20E-05,-5.69E-06,9.30E-07,2.69E-90,5.57E-06,-5663.723447,0.000205829,0.001223443,-0.000106071,9.16E-05,0.000354771,0.000860585,0.89136086,0.947885448,0.821218132,-0.210454022,0.911922661,0.98246805,0.772236872,0,0.570406421,0,0.956305668,278.4216903,378089568
944531,1.342907812,4.726241285,5.495547288,24.90695035,0.881212885,4.228261978,1.317642455,1.954362683,0.917394257,0.541945848,6.925527621,32.31648166,0.004045199,3.446569556,-0.000123239,0.013028963,-0.001662852,-0.000772223,-5.04E-05,-3.78E-06,-0.000609451,-1.51E-06,-3.51E-06,-5.95E-06,0.007425606,0.055374409,0.303327943,-1.516919432,0.000229776,0.001368621,-9.96E-05,5.31E-05,0.000420585,0.00040313,0.860064146,0.979986378,1.067342636,1.802891934,1.361261723,0.889145119,1.12127537,0,1.311933235,0,0.936076714,280.0791596,378223632
945133,21.48258244,3.475755804,25.82566349,37.24894991,1.971270435,4.57832479,1.553885309,1.455369679,2.668238558,0.648122847,8.152499885,30.16079807,0.007060495,0.403345571,0.002644311,0.040272533,-0.00629851,-0.00160951,-6.44E-05,-1.76E-05,-0.000518504,-1.65E-06,-5.47E-05,-7.79E-06,0.01446673,27.79287964,1.63E-16,-0.250274349,0.000232082,0.001410058,-6.04E-05,7.26E-05,-4.02E-05,0.001018858,0.904457368,1.143146571,0.803065635,1.138778887,0.887719018,0.936059476,1.518999389,0,1.001453834,0,1.025613837,279.634611,378463830
945878,5.498594108,2.927701192,9.784853601,104.3015229,2.224456073,4.49920536,1.022737995,1.134372945,1.439006621,0.434605482,9.515759074,34.97728379,0.002271093,2.675128587,0.001265799,0.021398069,-0.006784998,0.000149829,-7.83E-05,1.30E-06,-0.000514314,-9.83E-07,-1.35E-05,-6.73E-06,2.66E-07,0.660603224,1.93E-07,-0.74393672,0.000264711,0.001133029,-0.000158489,7.16E-05,6.42E-05,0.002561902,0.970179831,1.125625143,0.997909588,0.571417361,0.551478114,0.873594589,0.786652549,0,1.18113031,0,1.123776926,277.0311307,378761085
948089,4.767252669,4.027449113,17.13727681,60.31805225,0.940017475,3.70757678,1.354923334,1.681813537,0.871813539,0.344472467,8.426344548,31.14169222,0.002963572,6.552514892,-0.001332289,0.017778306,-0.003895071,-0.004789394,-4.04E-05,-2.05E-05,-0.000561048,-2.02E-06,-1.42E-05,-7.61E-06,0.026827417,8.80E-32,0.094178239,-0.786777856,0.000246361,0.001019894,-6.20E-05,0.000182098,0.000367526,0.001386876,1.103840733,1.157165406,0.843591384,0.501977566,0.903086913,1.053870054,0.969125968,0,0.134219895,0,1.046388799,280.9072918,379643274
948938,4.100505679,4.471765584,6.263090956,160.4609374,1.385516197,2.665617624,0.979764411,1.13902292,0.777007514,0.63480258,9.294848154,32.1719326,0.003386866,2.295700776,0.003298326,0.015365815,-0.003269878,-0.00092514,-4.95E-05,-4.71E-05,-0.000458711,-2.53E-06,-7.85E-05,-6.47E-06,0.001476206,0.081709284,2.03E-26,-2.198587379,0.000246837,0.001319885,-7.50E-05,0.000111329,0.00010298,0.002069687,0.685002062,1.044239278,0.819324969,0.599327637,0.895207024,1.040333717,1.486161343,0,0.523409349,0,1.108205673,278.1885319,379982025
952467,16.36168445,4.658146931,14.27561068,59.81014284,0.613136517,2.393376171,0.661311851,1.224509507,1.2858223,0.342124737,6.294708107,39.24692213,-0.002615049,-0.407370276,0.004625215,0.029107438,-0.004378509,-0.00221909,-6.43E-05,-3.97E-06,-0.000616585,-2.22E-06,-1.99E-05,-6.44E-06,7.41E-07,7.16E-88,4.48E-06,-10824.68709,0.000260148,0.001639633,-9.64E-05,0.000177352,-0.000202781,0.001555662,1.227847057,1.059579939,0.883717631,0.92262924,1.057242965,0.949742088,1.065115203,0,1.170363998,0,0.891640111,277.5273003,381390096
952626,9.418145239,4.374835772,17.75189148,92.67296505,2.012438641,1.271080372,0.759637718,0.849457753,1.353717863,0.738865199,9.678582471,30.83255325,0.005078552,0.647048802,0.003886864,0.019170598,-0.002442037,0.000457697,-5.25E-05,-1.24E-05,-0.000541659,-1.93E-06,-4.88E-05,-6.44E-06,0.038895989,2.15E-29,0.006464083,-0.590944035,0.00021183,0.001023322,-0.000117574,0.000159006,0.000186374,0.000737671,0.907076125,1.079065239,1.00204981,0.347234822,1.130241729,1.091458277,1.105371141,0,0.988660185,0,1.136352213,279.4712632,381453537
953235,19.74239579,3.238939129,26.35834443,45.54440968,0.802060756,4.129858941,1.308306917,1.352805688,1.189090508,0.58094099,8.133995692,36.47348508,0.000209803,-1.424817623,0.004860941,0.023081552,-0.00449335,-0.004533865,-7.09E-05,-2.30E-06,-0.000487838,-3.66E-06,-1.16E-05,-7.51E-06,0.009428494,1124.412248,9.86E-18,-1.1137698,0.00025193,0.001674093,-0.00021609,0.000148818,-5.26E-05,0.001834481,1.047516021,1.168059535,1.248088884,1.889541048,0.544298674,0.990631709,1.179150224,0,0.288054951,0,1.024397951,280.4260215,381696528
955290,2.446628052,4.806645491,18.12536874,85.13111438,1.313947412,2.257595569,1.454178955,1.106793716,0.969224155,0.448385065,7.230772743,37.58845258,-0.000670492,0.196243842,0.003572352,0.020223412,-0.003527289,-0.00233665,-6.23E-05,6.30E-06,-0.000541315,-3.57E-06,-2.84E-05,-7.62E-06,0.012872876,2.09E-13,0.070051127,-1.201344761,0.000256808,0.001176289,0.000144057,-1.76E-05,-6.85E-05,0.000524084,0.948033252,0.958456296,1.016527325,0.804605217,1.062403613,1.185901664,1.102661794,0,0.735254982,0,0.95834094,279.0787532,382516473
955603,1.792794048,4.694900559,10.92832736,172.4348939,0.859695772,4.482205196,0.783574414,1.225526445,0.606925709,0.456210064,8.235521419,33.48375881,0.00564971,1.192525039,-0.000202183,0.032160726,-0.005807943,-0.002949263,-7.33E-05,-1.15E-05,-0.000567332,-3.17E-06,-3.85E-05,-8.39E-06,0.037125898,1122.21513,1.82E-16,-1.22629608,0.000233488,0.001224804,-4.00E-05,0.000206209,5.41E-05,0.000846475,1.195109452,0.982835088,1.099462732,0.838819348,1.161817583,1.257698375,1.473533602,0,0.456596452,0,1.031457381,279.7118617,382641360
957079,1.706684473,3.554013619,30.05700699,39.5032938,1.624214812,2.035622487,1.304624104,1.259141868,0.503818656,0.276800066,5.76549463,29.55440225,0.010181125,2.679117075,-0.002291937,0.005577953,-0.002784668,-0.004240606,-7.93E-05,-4.41E-05,-0.000515279,-1.53E-06,-5.59E-05,-6.27E-06,0.014120893,1.704680034,1.31E-12,-0.205311723,0.000231637,0.00103093,2.92E-05,1.07E-05,-5.30E-06,0.001033762,0.938489807,1.148819051,1.056453756,0.141202371,1.394373562,1.007667632,1.270497851,0,0.84639281,0,0.85289247,278.0186097,383230284
957734,9.937237058,3.750227477,12.57087987,40.08570916,0.790533821,5.198500129,1.296235653,1.780977263,1.391866442,0.550966293,8.349115455,32.80186475,0.005920816,3.566218117,-0.000527785,0.019389096,-0.004797715,-0.002280609,-8.95E-05,-4.09E-05,-0.000555859,-3.44E-06,-5.61E-05,-6.67E-06,0.014714023,0.064592929,2.06E-16,-1.340445032,0.000229602,0.000959382,2.86E-05,6.37E-06,0.000195209,0.001019295,1.097924678,0.943192587,1.211135478,0.553778911,0.368373584,0.753188967,1.138169579,0,1.091335108,0,1.03980356,274.9285431,383491629
957775,9.483589008,6.107819412,26.40258065,57.53670809,1.398465396,1.447551069,1.400052291,1.266398089,1.218689398,0.559457288,8.867590329,31.8783066,0.005207356,0.064131803,0.003784253,0.027189411,-0.002758476,-0.004972206,-6.37E-05,-3.22E-05,-0.000488783,-1.30E-06,-4.79E-05,-6.51E-06,0.005412019,10.01287958,3.02E-20,-0.644809898,0.000274797,0.001743456,-3.55E-05,0.000102295,-7.12E-06,0.001489802,0.822496368,0.963630531,0.805745143,2.276987661,0.832355339,0.918474102,0.804269781,0,0.705426706,0,1.078127477,277.8755609,383507988
958289,5.674798863,4.88046399,20.00928549,121.8622483,1.105343679,1.447796176,1.135830678,1.502828779,0.766470823,0.337060629,7.974583819,33.66291854,0.000189108,3.538893114,0.002329706,0.014401912,-0.001822906,-0.00360196,-6.43E-05,-1.52E-05,-0.000570028,-1.90E-06,-4.00E-05,-7.30E-06,0.039194428,6.366460002,6.58E-16,-0.404425795,0.000179171,0.000978105,-0.000167394,0.000120138,2.97E-05,0.001317979,0.919911373,1.020897791,1.127235676,0.891624449,0.706884664,1.027388352,0.968025768,0,0.489972872,0,1.013683126,280.4562303,383713074
958605,7.068150904,4.333840097,15.40088086,67.11772148,0.873778062,3.073644486,0.945901737,1.440113234,1.393047711,0.60738187,6.637529709,31.62910398,0.004853305,0.893884705,0.003444053,0.016664795,-0.003226588,-0.004365228,-6.95E-05,3.56E-06,-0.000558539,-1.98E-06,-4.02E-05,-8.20E-06,0.007326861,0.012997054,0.009099462,-1.754653353,0.000234325,0.000809,-3.31E-05,0.000165598,-1.67E-05,0.00185426,1.14434467,0.959634807,1.207884962,0.996492259,0.772490953,0.879897796,0.414146129,0,1.089260721,0,0.915941956,277.6338627,383839158
960930,2.084092564,6.224848363,20.14844804,76.32771937,0.965068225,1.854712536,1.363206185,1.639114446,0.433743338,0.375587169,7.268175213,35.06717095,0.004183888,1.714719893,0.000816267,0.009946504,-0.004157611,-0.002554205,-8.73E-05,-1.93E-05,-0.000527607,-3.02E-06,-4.24E-05,-6.46E-06,0.017377979,0.219905674,3.06E-11,-1.088190836,0.000209982,0.001530413,-3.37E-06,0.000120214,-6.81E-05,0.001900271,1.07780341,1.027506873,0.95658132,0.386265751,1.216382941,0.855163154,1.396824562,0,2.297893578,0,0.960993885,275.3156186,384766833
961097,7.528665571,5.116908889,24.33241727,30.70379373,0.628625145,2.879303061,1.318378436,1.661771293,0.87206499,0.449130895,6.151644859,28.39592552,0.01164441,1.448278411,-0.001723613,0.009415934,-0.005512785,-0.002822036,-7.90E-05,-3.20E-05,-0.000561068,-2.54E-06,-7.86E-06,-7.76E-06,1.87E-07,3.82E-06,3.09E-06,-10513.12287,0.000172347,0.001533842,-4.50E-05,0.000233135,-8.57E-05,0.001924819,0.82732129,0.97580313,0.849360142,1.695133461,1.343027528,0.864797239,0.964347503,0,1.054806585,0,0.88196032,277.3351479,384833466
965586,9.606465101,2.776209641,6.408816461,126.1223774,2.04816137,3.853945186,0.813042459,0.934715162,1.774032301,0.43713353,8.988945688,37.26734763,-0.003776926,4.67165218,0.002315557,0.02581936,-0.000951237,-0.002263671,-5.00E-05,8.12E-06,-0.000552184,-2.73E-06,-3.12E-06,-7.48E-06,0.017646514,1.78E-34,0.323490161,-0.567148316,0.00025021,0.000796448,-5.01E-05,0.000106898,6.91E-05,0.001680131,0.97161161,0.948200385,1.019188718,0.623143463,1.176944544,1.000736651,0.807871318,0,1.241115342,0,1.086426658,279.072194,386624577
967271,21.08936846,4.623617777,23.3026834,149.8039579,1.108360691,1.799752358,1.551144495,1.284614333,1.785064641,0.472434082,8.239459072,32.58841102,0.004661891,3.665856131,-0.000399417,0.026325924,-0.006793923,-0.003357903,-6.67E-05,1.32E-05,-0.000563708,-2.50E-06,-6.05E-05,-7.28E-06,1.33E-07,0.00021464,1.53E-06,-874.3388446,0.000228001,0.001756436,-6.46E-05,7.58E-05,5.56E-05,0.001209997,1.05755789,1.149171681,0.987108765,0.660957763,0.363083315,1.019346766,1.285196574,0,0.693244503,0,1.03184548,277.7019928,387296892
972495,3.285672347,3.546347561,7.969800272,128.3876486,1.652259788,4.181442704,0.758419824,1.175652432,0.691874279,0.327235424,9.864754554,37.90948962,-0.003172826,2.838694272,0.002951304,0.024153336,-0.002006974,-0.000852181,-8.33E-05,-5.74E-06,-0.000534528,-3.70E-06,-3.24E-05,-7.26E-06,0.00078901,0.463297654,7.57E-28,-0.833569712,0.000286378,0.001306825,-0.000102862,0.000138206,-6.91E-05,0.000129925,0.951014364,1.074216047,0.938546798,1.62843345,1.309475202,0.891898435,1.305750808,0,1.460299372,0,1.150639303,278.8749621,389381268
973181,1.488284334,3.744042546,11.52721595,38.02779444,1.118056668,2.834031886,0.686265577,1.208411075,0.648779616,0.355425782,6.927077012,36.77811745,0.001009051,1.657353301,0.001431837,0.019788463,-0.004400584,-0.000953133,-8.80E-05,-1.99E-06,-0.000570246,-1.90E-06,-3.95E-05,-6.91E-06,0.000715826,0.118821301,2.60E-27,-3.362021018,0.000204962,0.001259738,0.000203802,8.00E-05,0.000222106,0.000967772,0.866095238,1.044484984,1.099390198,1.065062495,0.89145388,1.050437044,1.430045768,0,-0.585169848,0,0.936166507,277.9149188,389654982
976182,10.19514175,5.519738241,31.94811697,41.45508989,1.857524618,2.296736515,1.436014951,1.375668181,0.92838097,0.445123018,6.44303656,29.62016465,0.005167854,6.116607463,-0.000428187,0.01192316,-0.006178146,-0.002889942,-6.01E-05,-1.14E-05,-0.000513921,-1.60E-06,-2.16E-05,-4.83E-06,1.47E-06,1.40E-08,2.78E-06,-1796.283463,0.000257533,0.001768416,-9.54E-05,0.000150631,0.000104859,0.001802105,1.310969959,1.056177365,1.013880159,0.649003418,1.428058323,1.119241759,1.215998929,0,1.206898208,0,0.901340775,279.0884798,390852381
978107,1.930488619,5.429364177,22.07427483,103.4304339,1.305585935,1.751466829,1.204934831,1.392400043,0.082513327,0.138299578,7.202093119,32.01766219,0.004443225,-0.354694026,0.004635937,0.022130664,-0.006154729,-0.002495768,-6.88E-05,-4.00E-05,-0.000544083,-2.53E-06,-2.67E-05,-6.77E-06,3.85E-07,0.000221535,1.57E-07,-637.5234376,0.000303585,0.000698189,-5.63E-05,0.000296299,0.000249206,0.000772102,1.007485857,0.906826467,0.735739833,1.41939733,1.207968835,1.137434127,0.828904648,0,1.276406095,0,0.956230875,278.2964281,391620456
980277,14.94202424,4.19327461,21.19971263,67.97749487,1.002808281,3.174054568,1.063904172,1.561375443,1.005513601,0.470710558,8.794557808,33.92156439,0.003322794,2.350547614,0.002591278,0.036239767,-0.007219473,-0.002481087,-3.45E-05,-8.69E-06,-0.000515749,-2.69E-06,-3.80E-05,-7.04E-06,1.07E-07,2.56E-05,1.02E-07,-10825.8729,0.000203385,0.001229478,-8.63E-05,0.000214737,5.59E-05,0.001407795,1.38154271,1.122898606,1.127211304,0.981032123,1.165122553,0.859182229,0.953405816,0,2.253611573,0,1.072435279,277.0160026,392486286
980392,5.67048845,4.290317725,22.86040494,112.7421663,0.842594377,1.77918888,1.098174119,1.17781203,0.677764024,0.399023089,5.987626434,38.86008472,-0.001183297,2.192633455,0.001377163,0.006835561,-0.003608537,-0.002181607,-4.86E-05,-3.75E-05,-0.000558651,-3.21E-06,-2.50E-05,-7.21E-06,0.00101452,0.46158019,4.15E-27,-1.642559396,0.00025534,0.001352647,1.97E-05,0.000207004,2.78E-05,0.001500941,1.02633241,1.003094892,1.144516316,1.109400705,0.545402873,0.986622479,0.550334512,0,1.53539453,0,0.870023548,277.1350043,392532171
982201,2.89290648,4.399376592,14.3140388,84.14508506,1.26588126,2.995388916,1.63492888,1.665846308,1.285473491,0.478371411,8.746558406,30.89030887,0.004892985,4.960683187,0.000331774,0.020643014,-0.004807329,-0.002092396,-8.53E-05,-1.59E-05,-0.000638955,-3.22E-06,-3.61E-05,-6.93E-06,6.49E-07,4.47E-08,3.37E-06,-7092.466652,0.000291941,0.000833858,2.00E-05,0.000128619,-0.000252843,0.002511952,1.086952874,1.001937303,0.986688423,0.463822439,1.447927793,1.03967533,0.969773404,0,0.963688054,0,1.068923118,276.5577786,393253962
982803,4.828588203,4.067044598,16.9384285,51.80354165,1.516532439,2.0752562,0.771183583,1.13504602,0.605712304,0.225387281,5.887879753,39.38986423,-0.001292647,1.710220291,0.002744518,0.032170768,-0.006483079,-0.003129773,-6.60E-05,-2.65E-05,-0.000569064,-2.06E-06,-5.23E-05,-8.53E-06,9.67E-07,5.16E-08,2.69E-07,-4273.927722,0.000264031,0.001236551,8.29E-05,-3.63E-05,0.000187348,0.001517172,0.92669158,0.823989277,0.968783309,1.367429184,1.480786177,0.896045733,0.937427136,0,1.144542442,0,0.862331678,272.8168991,393494160
984620,3.821764763,2.06469879,24.06971108,27.71104298,0.763344395,3.084683667,1.616806591,1.676164443,0.472053746,0.174410967,7.433651296,35.57363176,0.000229998,-0.269734355,0.006072203,0.013242592,-0.003568519,-0.001983665,-6.66E-05,-4.84E-05,-0.000618542,-1.66E-06,-1.64E-05,-6.62E-06,2.14E-07,7.06E-90,1.66E-06,-24098.08374,0.000244911,0.001363851,-0.000157318,8.88E-05,0.000237982,0.001312278,1.051638827,1.074575092,1.066000386,1.783706729,1.172399666,1.182380868,1.253525067,0,0.72645134,0,0.974218497,277.2474097,394219143
990083,10.12448333,4.42160712,8.90900334,115.0486131,1.211681951,3.356651048,0.67338468,1.23784775,0.804125125,0.250365441,6.843657589,31.0917723,0.004020265,4.281561055,0.000790236,0.021545159,-0.0044096,-0.003046956,-7.51E-05,-1.56E-05,-0.000512248,-3.83E-06,-5.82E-05,-7.67E-06,0.00324146,6.87E-13,0.00017481,-1.969708869,0.000224061,0.001030173,-2.12E-05,9.01E-05,0.000228658,0.001326809,0.997790319,1.085625139,0.872092444,0.474140718,1.27836326,0.734463994,0.768591215,0,0.31620292,0,0.930217905,278.0321644,396398880
992585,2.297051741,3.496028416,18.05847626,112.7654901,1.509073931,1.839747097,0.682444561,0.947362131,0.650722515,0.382916374,8.315220048,33.51044503,0.002662848,0.365928696,0.0036912,0.009827731,-0.004532952,-0.002925478,-9.27E-05,-2.26E-05,-0.000565024,-1.73E-06,-4.48E-05,-7.93E-06,0.002801984,9.23E-15,0.00663649,-3.427461047,0.000273962,0.001873107,-8.69E-05,0.000223951,-5.09E-06,0.000899494,1.128080528,1.074403386,1.158831032,0.880756037,0.344330049,0.938897008,1.072299746,0,1.011703588,0,1.037375216,280.0510453,397397178
993562,3.767964274,2.088158783,14.84244985,87.47193617,0.793722371,4.612125118,1.000346207,1.423470761,0.835320953,0.324468682,7.491831485,30.62303695,0.006823412,4.318353087,-0.001374116,0.031528947,-0.006193262,-0.002829214,-7.86E-05,-1.08E-05,-0.000558753,-2.94E-06,-3.36E-05,-7.77E-06,0.012165361,2.98E-14,0.151192722,-1.579725491,0.000256992,0.0013348,-3.53E-05,1.59E-05,-0.000273197,0.000866926,1.07306578,1.058469801,1.299541216,1.95036942,0.900697909,0.930057507,1.096447691,0,1.161688462,0,0.978472994,277.4910988,397787001
996957,1.648387908,2.771334851,16.13735353,215.6792455,1.921537229,2.827133184,1.299964514,0.936056863,0.832638876,0.49468037,8.037437294,32.10707506,0.003105213,0.949698109,0.004016423,0.003809524,-0.005085474,-0.002391587,-4.35E-05,-2.85E-05,-0.000506291,-2.70E-06,-2.50E-05,-6.01E-06,0.007525216,2.134973456,2.30E-18,-0.203555672,0.000245139,0.000833598,5.62E-06,0.000132552,0.000108491,0.001186733,0.889323546,1.09894008,1.047140439,1.434170976,1.290594148,0.873151254,0.643927856,0,1.040877817,0,1.017596943,280.5167515,399141606
1000315,7.305621934,4.002396435,15.19826794,23.94868635,0.444379436,3.882085719,0.75735619,1.435623589,0.881003197,0.370104941,7.07984208,32.93801691,0.003202849,1.984786935,0.001563889,0.009328829,-0.009036755,-0.004582682,-6.02E-05,-1.91E-05,-0.000594446,-1.51E-06,-1.75E-05,-7.35E-06,2.73E-07,0.11429137,4.82E-09,-2.770363586,0.000277175,0.001092699,-0.000124439,0.000161158,0.00018055,0.002102848,1.024612942,0.977260245,0.942418109,1.11753232,0.41736089,1.334910855,1.231929514,0,0.105500503,0,0.94707853,278.5742083,400481448
1001828,1.751388867,6.225352217,10.21207117,124.1458586,1.359360299,2.854631002,1.147048127,1.634145583,0.478062212,0.525219929,8.554844664,33.57443494,0.000789531,3.053837507,0.002582567,0.009511073,-0.002800633,-0.004602605,-8.74E-05,-1.53E-05,-0.000568003,-1.72E-06,-1.75E-05,-8.17E-06,4.74E-07,9.60E-89,2.06E-06,-4678.217461,0.000214837,0.001273714,5.52E-06,0.000125845,0.000240163,0.001520444,1.0862526,0.95390055,1.146638716,1.511226692,0.964019211,1.168260392,1.090147875,0,0.748311959,0,1.055450932,280.9255018,401085135
1005807,13.83570063,4.657136738,17.35268187,71.72969779,1.432108097,2.403330102,1.075555695,1.173166624,1.263040185,0.128230634,7.005156235,37.13494053,-0.00023579,-0.405146985,0.005562884,0.0261685,-0.001676636,-0.001909304,-5.39E-05,-1.54E-05,-0.000562107,-3.13E-06,-6.28E-05,-6.71E-06,0.004448542,2.608673844,0.008321349,-0.598469392,0.000159514,0.000961538,-2.56E-05,0.00016936,-5.78E-05,0.000991293,0.814683092,0.982185911,1.020643477,0.099860145,1.562115908,0.90120856,0.687872935,0,1.435148615,0,0.9415713,275.6064683,402672756
1006351,7.186124665,4.982839967,20.2678189,63.0429379,1.704035223,2.313134884,1.013944423,1.525806865,0.692084718,0.351050515,6.980225646,32.44519498,0.004113872,2.861604445,0.000961638,0.030824069,-0.005878999,-0.002314114,-7.43E-05,-6.47E-06,-0.000519965,-3.28E-06,-2.67E-05,-7.99E-06,0.007449396,0.000191256,6.49E-10,-0.659655594,0.00027313,0.00095163,-6.77E-05,7.75E-05,-3.04E-05,0.000137413,1.027339152,0.9842307,0.94217998,1.562569243,0.312945311,1.048922429,1.378768779,0,1.319708065,0,0.939700792,278.6269411,402889812
1007685,7.774532727,3.999311508,14.13641065,97.32299805,0.874154355,4.227635475,1.621226963,1.294383394,1.129371109,0.406270451,8.170885636,38.36912378,-0.001007759,2.029011109,0.002636341,0.024310649,-0.004613598,-0.004535302,-7.62E-05,-1.48E-05,-0.000530599,-2.75E-06,-2.15E-05,-6.11E-06,0.033357027,1.69E-41,1.94873638,-2.155122324,0.000214972,0.001253001,4.74E-05,0.000164474,-8.87E-05,0.001033548,1.070053484,1.093578472,0.867313436,0.382674341,0.900749944,1.056041401,0.949839449,0,1.429457423,0,1.026991916,277.5751964,403422078
1008666,14.05569777,5.673985603,19.65244659,158.7274507,1.350237227,1.79205456,1.020403689,1.02849624,1.655031828,0.480627242,6.720617239,32.61349561,0.004736234,2.746504018,0.001208338,0.022519532,-0.006617359,-0.00234468,-7.24E-05,-3.39E-05,-0.00052093,-2.17E-06,-4.64E-06,-6.55E-06,0.008690814,966.9995958,0.005492053,-0.648623148,0.000258251,0.001244824,4.38E-05,0.000110366,3.17E-05,0.000980889,1.006761131,1.082968537,1.216085993,0.754607846,1.078204484,1.153708414,1.082851723,0,1.336091027,0,0.921574595,275.364728,403813497
1008674,10.11738636,3.586541312,15.63712566,97.78306514,1.25002055,4.095218734,0.59368195,1.185886142,1.099191483,0.401126935,6.934525067,32.59286987,0.002876084,1.773100593,0.003251005,0.012382067,-0.000810703,-0.003653853,-6.65E-05,-3.15E-05,-0.00054503,-1.93E-06,-3.73E-05,-6.97E-06,0.053717969,2.79E-43,1.189278901,-0.582896961,0.000191817,0.002013712,-0.000181116,0.000161705,-3.31E-05,0.000448092,0.854343336,1.026760791,1.040946986,1.651221755,1.112968128,1.246941213,1.318936675,0,1.008046046,0,0.936850205,279.5185928,403816689
1010152,8.904588126,5.625384485,29.72387281,84.00522115,1.288030336,1.635784641,2.046030986,1.572471524,1.098871355,0.559193784,6.879069712,34.22826906,0.002098553,2.442003556,0.002050865,0.032128806,-0.006042017,-0.001017728,-7.77E-05,3.16E-06,-0.000534771,-2.75E-06,-3.77E-05,-6.00E-06,8.22E-07,7.77E-11,1.63E-05,-2756.263725,0.000303694,0.001594634,1.23E-05,0.000207165,-7.35E-05,0.00160778,0.768295491,1.056623589,1.084037615,0.520266862,1.224646247,1.049118136,0.537301264,0,0.59546068,0,0.932577336,278.890391,404406411
1011476,2.189995615,5.164498473,8.718589757,74.06703218,1.39556424,1.129530068,0.887248813,1.336532175,0.178653768,0.547179293,8.584180498,35.88077763,0.001441495,1.732787811,0.002008907,0.027272676,-0.002814225,-0.004802116,-7.53E-05,-2.65E-05,-0.000578219,-2.79E-06,-2.60E-05,-7.38E-06,0.001036162,0.17126721,6.04E-28,-1.749946812,0.000227015,0.00179265,5.85E-05,0.000172658,0.000232365,0.001444966,0.912269737,1.014255716,1.055586692,1.017995064,0.973725776,0.963922992,0.67383953,0,1.865074862,0,1.057304958,276.8625813,404934687
1012996,9.593281089,3.439169045,14.81078154,120.9577401,1.184660485,1.70497947,0.689853417,0.81103272,0.952390456,0.521121319,7.998670408,34.08299172,0.001555918,0.944470332,0.0046915,0.026889842,-0.006308156,-0.002622831,-6.44E-05,-2.21E-05,-0.000480783,-7.89E-07,-3.95E-05,-7.46E-06,1.50E-07,0.479804879,8.64E-08,-1.448542131,0.000262636,0.00153161,-7.49E-05,0.000127868,-0.000169357,0.001181289,1.070540614,0.908868821,1.099872671,0.484878632,0.817704349,1.053257191,1.403398782,0,1.499123371,0,1.014924401,278.1568195,405541167
1015037,0.740991398,4.553220465,22.87267095,82.40850864,1.195575819,2.169172587,1.370094546,1.510641785,0.401232327,0.401197052,7.269509269,31.03123025,0.006144133,6.2343951,-0.001893811,0.010803456,-0.002895629,-0.002152606,-4.50E-05,-1.25E-05,-0.000564754,-3.67E-06,-4.53E-05,-8.01E-06,3.01E-07,3.09E-08,1.92E-06,-8823.752241,0.000221479,0.000901794,-0.000128098,0.000182071,2.57E-05,0.000409492,0.90402424,1.108433146,0.895568785,0.723837734,0.83230728,0.823576934,1.460291804,0,0.63734273,0,0.961050871,274.8988064,406355526
1016492,9.474506844,3.939334731,9.011017736,162.8200662,1.36806066,2.6896262,1.055119505,1.028630151,1.514030802,0.595990452,8.616268462,28.027664,0.007503168,2.45392263,0.002169299,0.016713876,-0.003694226,-0.003926529,-4.26E-05,-1.65E-05,-0.000518133,-1.56E-06,-2.68E-05,-8.12E-06,1.84E-07,1.80E-09,3.86E-07,-39427.56487,0.000247918,0.0017996,-4.98E-06,2.51E-05,4.98E-05,0.001316489,1.150909518,1.079095344,0.950722756,1.433859079,0.707744769,1.28954593,1.442954988,0,2.340454334,0,1.05967941,279.0512066,406936071
1021969,10.48935891,2.053514765,26.59604943,154.6677676,2.007732189,3.067055734,1.383666948,0.750881639,1.804880054,0.425440094,8.901259299,38.15766175,-0.001270937,1.21145132,0.002970454,0.032383784,-0.003242251,-4.73E-06,-7.05E-05,-6.59E-06,-0.000460827,-2.22E-06,-6.09E-05,-7.78E-06,0.001204933,0.004794446,3.60E-28,-3.624859893,0.000186026,0.000968772,-0.0002086,0.000112848,-0.000299735,0.000862815,0.891065905,1.158679168,0.927656083,0.868417876,0.930030825,0.969391732,1.177603724,0,1.631115417,0,1.080166026,277.3319691,409121394
1023865,4.374221804,4.956516196,20.18937663,30.55236994,1.054159748,2.324108107,1.613687197,1.475062225,0.736092608,0.506829409,9.918517721,39.5365817,-0.002828992,-0.667216544,0.005322255,0.02445496,-0.00337707,-0.002842994,-5.32E-05,-3.17E-05,-0.00050073,-2.01E-06,-3.18E-05,-6.33E-06,0.029475841,3.52E-37,0.792962388,-2.160123296,0.00020138,0.000664924,-1.16E-05,4.60E-05,-8.59E-05,0.000607634,0.960057985,1.125205658,1.279776472,0.877565705,0.872555339,0.899230617,0.024984361,0,3.225171588,0,1.154238166,277.8494539,409877898
1024039,12.36135355,4.625434984,19.74178858,69.85412858,1.320977668,1.773836495,0.992915123,1.718907772,1.100510739,0.587922823,8.714867789,37.76278821,-0.001620927,-1.180602437,0.005735145,0.032053744,-0.001735811,-0.002654591,-6.90E-05,-5.16E-05,-0.000608485,-2.58E-06,-2.79E-05,-8.73E-06,0.024965364,1.99E-40,0.128996664,-0.949107019,0.000225767,0.001550341,-9.13E-05,0.00017895,-5.65E-05,0.001171964,1.010386444,0.997220475,0.919504854,1.426928935,0.541044183,1.435134634,0.543286997,0,1.322667717,0,1.066656186,279.6753599,409947324
1026162,8.993722589,4.32236377,13.10851432,69.27926122,1.488424676,2.810775478,0.755950667,1.456223635,0.806969755,0.509632003,7.015643603,28.55787697,0.011117318,3.962645854,-0.002520167,0.009006593,-0.005749524,-0.003301609,-7.55E-05,-4.48E-06,-0.000544567,-1.50E-06,-3.79E-05,-6.19E-06,0.003752465,8.28E-18,0.000362118,-1.464458332,0.000321332,0.001889962,-0.000103394,0.000186159,0.000268068,0.001959941,1.252350893,0.933690731,0.959962413,0.122126995,0.606552152,0.980535299,1.334151154,0,0.188690013,0,0.942424994,274.150403,410794401
1028766,2.194430591,4.471292956,5.663338641,54.11372534,0.66845674,4.036502253,0.806174125,1.375710481,0.124443225,0.530500189,7.031265517,32.6312743,0.003443761,4.979352016,-7.23E-05,0.009385122,-0.001534532,-0.001989336,-7.43E-05,-4.73E-06,-0.000529385,-2.52E-06,-3.87E-05,-6.20E-06,0.006621292,2.73E-10,0.105526245,-2.003576807,0.000280532,0.000906821,-5.13E-05,8.83E-05,0.000272409,0.001107277,1.103110863,0.926025892,0.792764523,1.047045363,1.383808256,0.952767467,0.800904413,0,0.896132139,0,0.943273394,277.0415285,411833397
1031822,19.82401783,2.694647731,7.078403471,54.51686738,1.622944271,5.879602279,0.650449933,1.727291254,1.975872248,0.506248822,9.295949667,29.4685404,0.005306181,4.870594014,-0.000249524,0.009257309,-0.003645247,-0.002981017,-2.76E-05,-3.18E-05,-0.000530935,-2.44E-06,-4.84E-05,-7.41E-06,0.018782291,0.095719507,9.28E-16,-0.234186097,0.000245165,0.001132653,-0.000132429,0.000139945,0.000240749,0.001612869,0.775097235,1.098701235,0.952887961,1.739235275,1.08575657,0.789803022,0.766976997,0,0.448969369,0,1.108285941,280.1092708,413052741
1032179,5.5427966,4.615499876,12.56427608,115.2026389,1.269278746,2.161375591,0.947270756,1.154653813,1.460271365,0.655925993,8.092411532,40.45455365,-0.003750941,1.005350739,0.0035094,0.012543797,-0.002659768,-0.001102985,-6.84E-05,6.18E-07,-0.000562645,-2.51E-06,-3.26E-05,-7.49E-06,5.06E-07,0.000407531,6.06E-08,-448.1557756,0.000219109,0.001158296,-6.10E-05,0.000139272,-0.000214345,0.000625595,1.068242074,1.062506728,1.10034713,0.801096092,0.82825809,0.832101644,1.153803224,0,1.843885991,0,1.021630234,277.6740529,413195184
1035678,3.376447286,6.523084133,7.292314496,45.84349954,1.501081449,2.252170233,1.057482537,1.630379569,0.549412685,0.762370525,8.789285237,31.62664898,0.006535882,0.045680681,0.002615688,0.02572019,-0.002998987,-0.002813368,-3.33E-05,-1.80E-05,-0.000570263,-2.19E-06,-5.36E-05,-8.46E-06,0.019469899,0.339421815,6.06E-17,-0.4785268,0.0001982,0.00106635,-0.000104771,3.81E-05,-9.92E-05,0.00206318,0.83333594,1.017078562,0.99171167,0.540503075,1.352042107,0.90246912,1.435611183,0,1.858382313,0,1.072080858,276.8712321,414591285
1037648,11.01213304,4.720795774,22.02469166,132.9933716,1.246639937,2.06561589,0.978300002,1.490896153,1.273650131,0.504335913,7.564467046,33.6862305,0.002875128,4.820323195,-7.27E-05,0.016667929,-0.00404128,-0.002899084,-5.96E-05,6.23E-06,-0.000531421,-1.51E-06,-4.53E-05,-7.62E-06,0.001442869,0.786477004,2.69E-27,-0.491314915,0.000225878,0.00105366,-6.34E-05,0.000150883,3.14E-06,0.001092529,1.049019656,0.958688677,1.001803563,0.569611113,1.439423376,1.244797249,0.672196765,0,0.050932977,0,0.983383099,276.5378825,415377315
1039696,7.474143155,3.709884785,17.19106523,70.39601135,1.236415376,2.595414852,1.430555762,1.539673174,1.067948482,0.440609357,8.501659997,33.47377371,0.003807622,-0.636074966,0.004212308,0.041502596,-0.006260664,0.000336074,-6.01E-05,-1.70E-05,-0.000564711,-2.69E-06,-4.95E-05,-8.24E-06,0.008178539,5.53E-14,0.000253365,-2.412878062,0.000257625,0.001208884,0.00014885,8.07E-05,-5.39E-05,0.000414586,0.847417137,1.00527167,0.99787313,1.867958084,0.842729915,1.188560675,1.52170445,0,1.17780621,0,1.051896475,277.5015828,416194467
1040409,14.58151632,3.987408194,17.7370722,107.804659,1.506523781,2.239891871,0.65605548,1.198185913,1.496716754,0.589640233,8.158018945,31.78883104,0.002890315,4.264925385,0.000744479,0.013690413,-0.003625594,-0.001322129,-4.80E-05,-9.34E-06,-0.000544684,-2.46E-06,-4.09E-05,-8.30E-06,0.019068327,4.33E-39,1.03E-11,-0.712526363,0.000256647,0.000985731,-6.05E-05,3.28E-05,-6.67E-05,0.002704518,0.92238067,0.897663852,0.828624007,1.308106338,1.297455072,1.12856234,1.194716345,0,0.566982316,0,1.026023067,280.5270503,416478954
1040904,1.213652973,3.179730895,3.420775378,122.3760979,0.993886109,4.76941731,0.659822799,1.339901304,0.08550624,0.260184427,7.936250367,32.60891639,0.00513132,0.268677417,0.003504447,0.008045913,-0.003351188,-0.003402667,-7.37E-05,-1.15E-05,-0.000540574,-2.91E-06,-3.16E-05,-8.69E-06,0.006072066,3.11E-14,0.034874352,-1.721902095,0.000254628,0.001383101,-5.84E-05,-9.51E-06,1.00E-05,0.001079511,0.854788694,1.067232772,1.068451688,1.536244035,1.60745352,1.07647024,1.327484366,0,0.33586376,0,1.010861589,276.4478475,416676459
1041246,7.439579196,2.660296039,20.42087833,62.67939445,0.609051358,2.360258316,0.509816044,0.989839129,0.645712704,0.525774109,6.504544236,32.83808295,0.001364471,3.963825191,0.002294476,0.006312566,-0.003128544,-0.001520243,-9.25E-05,-7.28E-06,-0.000526099,-3.45E-06,-2.68E-05,-6.21E-06,3.67E-07,0.000890525,7.48E-08,-282.0939666,0.000214051,0.001116236,1.47E-05,0.000166439,-0.000111332,0.000904849,1.048210154,1.006436063,1.265849025,0.371803521,1.073007834,0.897264079,0.943914853,0,0.46843165,0,0.905681893,278.7722953,416812917
1044492,5.806954871,4.011544258,8.224092888,68.71647773,0.682781939,4.127445876,1.164719316,1.780444449,1.117749044,0.790843866,6.500864529,38.00193821,-0.001141435,-0.944420665,0.004453531,-0.003072746,-0.006200713,-0.00313365,-9.80E-05,-3.05E-05,-0.000570713,-3.10E-06,-4.18E-05,-7.13E-06,0.009838838,9.733061881,2.67E-17,-0.618579503,0.00028047,0.000945397,-2.24E-05,0.000207638,0.000326541,0.000406746,1.092957652,1.034433326,0.921013144,1.791025954,0.97409721,0.862533237,1.016945361,0,0.723559446,0,0.905278256,279.1062089,418108071
1044634,3.230494291,4.643944632,33.30154774,50.94357133,0.887310331,1.712670375,1.955730078,1.419968337,0.920960644,0.407871556,5.871245873,36.60209515,0.000564234,-0.752889694,0.004349302,0.005651672,-0.001135881,-0.002641208,-4.83E-05,-4.14E-05,-0.000569028,-2.00E-06,-2.04E-05,-8.78E-06,0.002554955,2.90E-18,0.001011534,-2.409980691,0.000270432,0.001281929,-0.00019941,0.000200358,0.000198656,-0.000318723,1.21202777,0.901912077,1.006360003,0.194805555,0.699769825,0.907501323,1.382373677,0,1.157628702,0,0.860969183,278.7898389,418164729
1046246,6.945603338,4.850786713,13.86969484,79.75377091,0.873270888,3.497557133,1.192044896,1.555331589,1.097590268,0.527676065,9.002625839,31.24215334,0.005346129,1.078728573,0.001832941,0.019482231,-0.007237678,-0.002442711,-6.11E-05,-1.55E-05,-0.000568663,-3.87E-06,-3.27E-06,-7.05E-06,0.003897929,5.11E-19,0.047595198,-2.373966124,0.000230801,0.000977789,-5.71E-07,2.17E-05,-5.07E-05,0.001839081,1.008877238,1.265287498,1.035209446,1.8761338,1.538082649,0.854133647,1.317346394,0,1.023416706,0,1.087469858,280.2810785,418807917
1047005,7.53940637,3.856008553,16.93121797,43.10435007,1.327703473,2.696819121,1.046122771,1.284988982,1.269033884,0.436474653,7.063010475,32.64230462,-0.00036302,3.823942379,0.002971459,0.009506577,-0.005062027,-0.001424663,-3.83E-05,-3.19E-05,-0.000570546,-8.88E-07,-1.87E-05,-7.17E-06,6.58E-07,8.64E-06,3.78E-07,-4404.65727,0.000178178,0.001196991,-9.99E-05,0.000212768,0.000335669,0.001616021,1.194928003,1.036689987,0.925050126,1.076802966,1.12119847,0.872425473,0.68877455,0,1.521565344,0,0.945793486,282.6723765,419110758
1048275,8.63155089,4.52135634,15.34929417,86.29608068,1.452397817,2.268781127,1.095548104,1.304075508,1.306555105,0.337023385,7.564444377,31.04500157,0.004394162,5.794835647,-0.001946842,0.035522656,-0.00427116,-0.000970902,-7.89E-05,-6.42E-06,-0.000505114,-2.32E-06,-3.75E-05,-7.48E-06,0.000683341,0.035149757,2.06E-28,-3.662093043,0.000242774,0.001199412,2.85E-05,0.000148694,-1.45E-05,0.000755672,1.080765526,0.991509594,1.067208462,0.407772902,0.981862214,1.128443896,1.022289969,0,1.188402853,0,0.983381911,279.6837607,419617488
1049694,7.841105105,4.636972933,7.75355874,35.76259958,0.776348219,2.944158877,0.821337802,1.594013043,0.910368909,0.272306491,6.06623729,33.45960217,0.00305158,2.026570137,0.002862785,0.03081218,-0.005189379,-0.001917127,-5.74E-05,-1.38E-05,-0.000483814,-1.34E-06,-7.22E-05,-7.42E-06,0.029707368,2.39E-39,2.32E-12,-0.874735115,0.000196974,0.001163244,-6.58E-05,0.000253671,0.000459808,0.000992053,1.00053081,0.980051709,0.938450556,2.219435525,0.676539767,0.82427264,0.520471802,0,0.254109299,0,0.875544894,277.6826743,420183669
1053411,3.853596748,3.480169814,27.33447757,54.19313244,1.730759731,3.75143811,1.287679875,1.328557908,0.505736001,0.237077021,6.283631452,34.7384185,0.001314995,1.840379441,0.00215515,0.02548865,-0.004182657,-0.003707368,-4.54E-05,-6.12E-06,-0.00057126,-2.15E-06,-4.74E-05,-6.68E-06,0.010487229,1.65E-33,0.003581458,0.126270509,0.000262195,0.001031077,-2.67E-05,7.71E-05,0.0001756,-0.000182318,0.854027763,0.852604561,0.916273517,0.699333368,0.854031019,0.999872258,1.357930667,0,1.451269615,0,0.890875084,279.5705902,421666752
1056656,4.540794232,5.576122694,15.62674156,112.3042742,0.92937649,2.175042622,0.698157375,1.161229503,0.687259998,0.561087623,7.188013304,29.0277915,0.00686551,0.513354321,0.003642591,0.013962837,-0.006852992,-0.000807569,-8.31E-05,-1.65E-05,-0.000533156,-4.01E-06,-2.33E-05,-8.25E-06,1.51E-06,7.22E-08,1.39E-05,-3636.136302,0.000308047,0.001671845,5.24E-05,0.000131187,3.39E-05,0.001340105,0.965247668,1.053920266,1.132229129,1.442372293,0.966982183,0.915198955,0.497355883,0,2.135481905,0,0.954994889,279.6219693,422961507
1056820,5.513862421,4.620982912,13.36161181,46.45435471,0.581159857,1.918710381,0.697736048,1.429259448,0.597284194,0.03432666,5.66045425,32.30936785,0.00378831,5.538897136,-6.57E-05,0.02918815,-0.001008151,-0.003112472,-7.06E-05,-1.25E-05,-0.000547235,-4.09E-07,-3.79E-05,-6.78E-06,0.003297416,0.013230779,0.042212025,-2.380586378,0.000269571,0.002009459,-0.000228491,9.84E-05,-4.73E-05,0.001008833,0.90304317,1.082317813,1.065459195,1.253858281,0.628372127,0.942995163,0.658751839,0,0.518656704,0,0.84524405,276.1841218,423026943
1059380,2.62252147,3.172534283,7.482610324,199.1777851,2.371330712,3.070111568,0.976896368,0.839584917,0.919512929,0.443766697,9.501600455,39.1607787,-0.000577741,-0.815565143,0.003993949,0.005996009,-0.00227378,-0.003182765,-5.15E-05,-2.90E-05,-0.000549359,-1.47E-06,-4.02E-05,-8.20E-06,0.011006163,2671.565373,3.27E-17,-0.389849417,0.000159298,0.00108921,3.90E-05,0.000169037,0.000134835,0.002088379,0.863420237,0.926011322,0.998883664,2.010665994,1.183205804,0.94226323,0.618687574,0,2.298172964,0,1.122775792,276.4416555,424048383
1062829,8.238429556,4.691233333,10.80911243,35.78485452,1.151564691,2.129798957,1.181649745,1.422178103,0.676769483,0.556864948,7.404714251,29.52566039,0.006956585,2.59851841,0.001898907,-0.003994999,-0.003887803,-0.003038747,-8.36E-05,1.33E-05,-0.000553819,-1.42E-06,-3.86E-05,-7.58E-06,0.005634409,137.8971794,1.44E-18,-0.70155034,0.00025077,0.001438233,9.07E-06,0.000110173,-9.61E-06,0.001307876,1.02181801,0.970072184,1.139068845,0.516516284,0.906411551,0.889072134,0.460985146,0,1.164949887,0,0.971665727,277.4627518,425424534
1063285,17.88421697,3.47513181,14.62619696,67.27408328,1.141005108,2.147406723,0.893282887,1.157332109,2.106669126,0.579494042,7.544054208,34.39343025,0.004276577,0.411587414,0.003386801,0.038248542,-0.003157111,-0.00141028,-6.85E-05,3.10E-07,-0.000563439,-2.46E-06,-3.79E-05,-6.68E-06,0.00131682,9.38E-10,0.000459163,-8.507662848,0.000223326,0.001270144,-0.000105147,5.99E-05,0.000302488,0.001795377,0.992704027,1.136250926,0.928904024,0.185467763,0.42844643,0.970043196,1.122967832,0,1.249020837,0,0.981788196,273.4811518,425606478
1069441,2.404470463,5.903216568,14.55403957,158.0642269,1.561245684,1.63810319,1.134955806,1.283282744,0.432959218,0.690608939,7.858138817,29.66260629,0.007091754,3.92355085,-0.000600755,0.005980851,-0.003292272,-0.003646101,-6.44E-05,1.70E-06,-0.000454362,-1.56E-06,-3.87E-05,-7.43E-06,9.87E-08,1.46E-06,8.91E-08,-24708.51747,0.000272595,0.001231178,-7.94E-05,0.000249722,-0.000269091,0.000602371,1.193995854,1.048257507,1.080061873,1.422461335,0.918678706,1.012584956,0.812242808,0,3.658010649,0,1.005022317,278.2729357,428062722
1069628,6.949781368,3.563934989,19.06743212,146.3161449,1.900521688,2.832788341,1.406975121,1.098281456,1.463712921,0.686717505,9.402615143,31.80878961,0.005808585,4.76819967,-0.000785941,0.030107753,-0.004599599,-0.003828892,-6.36E-05,-3.43E-06,-0.000517377,-1.44E-06,-2.50E-05,-7.02E-06,9.69E-07,2.63E-86,2.31E-05,-1516.892667,0.000281074,0.001299036,3.32E-05,6.93E-05,-0.00016249,0.001805939,0.802304021,0.917398153,0.989360013,1.018513788,0.360080938,0.968499019,0.736355668,0,0.733621847,0,1.115226593,275.3873059,428137335
1071460,6.795960819,4.461503332,24.67902065,121.3619121,0.649442257,3.966932952,1.629784934,1.466502062,1.088261195,0.477658499,6.535612871,35.31938241,-0.000381772,3.343661325,0.00265196,0.010773169,-0.00622955,-0.002558132,-9.05E-05,-9.98E-06,-0.000562476,-2.55E-06,-3.84E-06,-7.98E-06,0.008887629,6.554547001,8.17E-12,-0.814191539,0.000276866,0.001336413,-0.000115939,0.000113882,0.000460011,0.001870728,1.168541986,0.941444458,0.869618404,0.66626331,0.839166832,1.116003465,0.969812432,0,2.174971151,0,0.908248831,279.1722672,428868303
1071530,11.50344101,5.006315911,11.15367828,48.82432693,1.083731776,2.791183182,0.816570416,1.55826193,1.201530967,0.541683872,8.924018079,32.25878056,0.004498009,3.786378583,0.000662305,0.032960115,-0.001549203,-6.23E-05,-5.96E-05,-7.74E-06,-0.000523575,-1.11E-06,-5.60E-05,-7.60E-06,0.001318469,1.70E-17,0.008460024,-6.72606201,0.000283187,0.001220565,-1.70E-06,-7.29E-06,-0.00017475,0.000121548,1.21869436,0.936836566,1.053502247,1.864947399,1.306888985,0.879897161,1.200642443,0,0.693955661,0,1.081886344,276.5771863,428896233
1072596,7.983525426,3.326739872,13.36525313,249.433259,1.609089929,2.491633348,0.801438155,0.756939228,0.798089204,0.438332479,7.523534843,35.45481707,0.000600005,2.222836346,0.003369878,0.030278782,-0.004813961,-0.001856029,-7.25E-05,1.28E-05,-0.000534216,-2.23E-06,-3.06E-05,-6.19E-06,0.06569603,2.77E-36,0.493100808,-1.222075024,0.000241582,0.001411623,-1.57E-05,9.04E-05,8.08E-05,0.002372956,0.960270173,0.97008376,1.134173136,0.464786055,1.403698325,0.80882647,0.74242258,0,1.54895961,0,0.980296775,277.5573151,429321567
1073713,4.189320537,3.588261402,17.24036637,153.4486671,1.53371715,1.488042523,0.897855522,0.372901835,0.208661818,0.350301221,7.671971012,33.85340254,0.000325875,2.943991128,0.00272891,0.018959802,-0.00456265,-0.00335914,-5.61E-05,-4.30E-05,-0.000531296,-3.29E-06,-4.26E-05,-6.41E-06,0.006847104,1.01E-12,0.008719937,-1.599758307,0.000272351,0.001169732,-0.000123524,0.000120665,2.82E-05,0.00136397,1.076204419,1.047257626,1.214965727,1.092086701,0.107071761,0.939283312,0.436120209,0,0.827326134,0,0.991417184,280.2772255,429767250
1083562,6.7071831,4.643571684,18.77142871,85.55124429,1.067470756,2.270868449,1.25891728,0.998780992,1.086587302,0.546559234,7.307085457,37.37915164,-0.001235524,2.287224224,0.003704033,0.000366501,-0.003967647,-0.00282424,-6.47E-05,-2.77E-05,-0.000533428,-1.32E-06,-5.02E-05,-6.54E-06,0.064279613,7.46E-41,2.248699873,-1.092788632,0.00024592,0.001663291,-0.000119092,3.51E-05,0.000313167,0.000194149,1.015084657,1.07156271,1.071248216,0.563535606,0.432230501,1.073497326,0.818467196,0,0.547808547,0,0.964062183,276.0530006,433697001
1085953,8.512210022,4.198414779,18.91209884,36.48801128,1.553028287,2.738545891,1.050963526,1.571913619,1.204004231,0.413687131,6.303465769,36.79051586,-0.001126437,2.396767374,0.002386433,0.033127465,-0.005808119,-0.001834672,-5.82E-05,-3.13E-05,-0.000529845,-1.85E-06,-2.47E-05,-5.42E-06,0.00969535,0.00785408,6.87E-11,-0.861643367,0.000152995,0.001982378,-5.14E-05,4.88E-05,0.000200599,0.000731227,1.065922653,0.995914071,0.924217603,1.726889727,1.224507049,1.185609024,0.689411219,0,2.159824379,0,0.892262699,279.7943408,434651010
1090428,12.88342044,3.541730848,14.91557976,103.2749261,1.355492631,6.954751585,1.050192894,1.237533726,1.633378958,0.62338589,8.768680832,34.70319252,0.003779105,-0.719664953,0.003833356,0.020783092,-0.003126826,-0.002346751,-6.64E-05,1.22E-05,-0.00052245,-2.44E-06,-3.11E-05,-6.69E-06,0.002055633,2.69E-11,0.000992546,-4.380630341,0.000256144,0.001109906,-5.25E-05,1.51E-05,7.31E-05,0.000542047,1.258913755,1.000170952,1.087551192,0.298633177,0.824317227,0.883411235,1.09908453,0,1.585481666,0,1.070567423,275.5913183,436436535
1091855,7.836132899,3.460246977,11.43617426,88.66140991,1.527547367,4.312890535,1.118992966,1.2840117,1.351812223,0.399813222,7.737724359,36.04703724,0.000172653,-0.589731482,0.00533037,0.012066697,-0.003464138,-0.003224582,-5.48E-05,-4.46E-05,-0.000515515,-2.07E-06,-4.65E-05,-7.93E-06,0.005933268,0.015934101,0.01968792,-1.316288224,0.00017453,0.001172173,-4.21E-05,0.000231632,4.81E-05,0.001458751,1.355524712,0.925277375,0.876999775,1.608966853,0.616066783,1.086482985,1.123408542,0,0.987567431,0,0.996696726,278.0197895,437005908
1092478,2.521651657,5.249971178,15.14246402,71.18661834,1.871439664,1.808940705,0.841061673,1.469533379,0.547091675,0.357315134,6.77735514,37.50872386,-0.000767171,-0.191628513,0.004797894,0.018093286,-0.002569671,-0.002625866,-4.12E-05,-1.75E-05,-0.000529756,-1.18E-06,-3.87E-05,-6.92E-06,0.028258825,2.40E-39,1.79E-12,-0.192226467,0.000172703,0.001845716,-2.82E-05,0.000165651,-0.000337299,0.001668666,0.870110394,0.967982126,0.900100893,0.556161626,0.76568297,1.003358381,0.693299894,0,1.116539939,0,0.925530814,276.6395264,437254485
1092629,10.46707882,4.529168084,16.32076064,104.66397,1.293683432,1.823256347,0.580987456,0.739302846,0.939655163,0.460140936,7.493212508,36.42676862,0.000703084,1.859130501,0.002416719,0.012935419,-0.004566985,-0.004723625,-6.14E-05,-7.09E-06,-0.000533411,-3.20E-06,-3.27E-05,-6.91E-06,0.017414055,5.16E-34,0.046759593,-0.905640533,0.000178492,0.000876483,-3.68E-05,0.000204375,0.000303122,0.00244367,0.79021791,0.846595584,0.814915446,0.284605285,0.806152013,0.916528413,0.834027162,0,1.298262532,0,0.978568199,275.8679171,437314734
1093305,2.012986855,4.474010541,19.02989823,134.3209004,1.175845835,1.849431771,0.560449955,1.231385621,0.480798409,0.294905542,8.42814538,38.52839684,-0.001640765,0.879212142,0.002930674,0.016390416,-0.006061635,-0.004304654,-4.96E-05,-3.86E-05,-0.000589751,-1.03E-06,-5.92E-05,-8.16E-06,1.06E-06,8.74E-08,1.39E-06,-7307.343365,0.000203303,0.001834895,-5.39E-06,-4.28E-05,-4.95E-05,0.001294542,0.875544788,0.749653778,1.073237552,0.813578545,1.220076789,0.886125008,1.102422675,0,2.395025554,0,1.046552232,278.2380182,437584458
1093327,5.776781582,4.767014385,31.05117631,88.29466462,1.298680603,2.324942135,1.508128369,1.534357935,0.766424273,0.319942634,8.440055857,32.12909293,0.004764989,2.41260656,9.02E-05,0.008946934,-0.00536548,-0.003516112,-7.53E-05,-2.49E-05,-0.000554786,-2.01E-06,-3.16E-05,-6.32E-06,0.014039613,1.38E-11,0.050521664,-0.315543079,0.000166446,0.001113162,-4.47E-05,-7.19E-06,-8.35E-05,0.000434362,1.290224489,1.054157808,0.888760134,0.607316821,0.754461433,1.133260151,1.062376338,0,0.685746025,0,1.047336085,279.2684575,437593236
1096604,6.053369491,5.038898325,28.94127653,94.20573547,1.653619646,2.012739349,1.697959528,1.296026743,0.734215064,0.404977839,8.107194362,27.63878099,0.006517432,7.700897307,-0.002634496,0.020716839,-0.002027877,-0.001781404,-7.95E-05,-1.70E-05,-0.00052449,-2.65E-06,-5.01E-05,-7.40E-06,0.00205448,1.09E-17,0.000127699,-2.848955598,0.000290852,0.001097079,4.46E-05,6.18E-05,-0.000127714,0.0005641,0.97169696,1.129487043,0.69786666,1.162849324,0.823693001,0.983840115,1.037151009,0,2.005984452,0,1.022406371,279.9404919,438900759
1098912,5.068359758,4.183551156,14.7579846,115.5928346,2.05422703,1.917723035,1.083857461,1.118288467,1.07138708,0.46238208,9.36189553,29.09210637,0.007247453,0.692782381,0.002506035,0.017555592,-0.003945505,-0.000830127,-7.36E-05,-1.64E-05,-0.000556522,-3.56E-07,-3.13E-05,-8.17E-06,1.59E-07,6.69E-08,2.84E-07,-24628.61479,0.000189677,0.001037966,-0.000112397,0.000254109,9.42E-05,0.00197175,1.009176861,0.922113708,0.908471439,0.057519703,1.018499624,0.927703194,1.327531562,0,1.096662071,0,1.112495099,280.6792789,439821651
1099881,12.64427069,4.82267445,30.75582013,74.79235257,1.380572379,2.01453485,1.502897347,1.301049377,1.138978753,0.306424481,6.190009248,37.59150525,-0.002446597,-0.873297154,0.005775797,0.028655938,-0.004200771,-0.003946706,-7.84E-05,1.69E-05,-0.0006182,-1.66E-06,-2.25E-05,-8.69E-06,0.062537487,1.77E-44,14.75679907,-1.440468314,0.000189127,0.00114035,-0.000178322,0.000257007,0.000122889,0.001442538,1.24179621,0.885784003,1.126887188,1.058923332,1.126673262,0.987786769,0.617668768,0,1.084150453,0,0.884843027,280.5138634,440208282
1102878,6.526585137,5.26086446,24.07260229,84.32943802,1.619618112,2.110004872,1.479232435,1.786710219,1.258138084,0.433571854,7.377240548,37.39614964,-0.002082403,2.026085748,0.003892244,0.009784607,-0.001615971,-0.003675649,-6.25E-05,-1.35E-05,-0.000542304,-1.99E-06,-3.30E-05,-8.04E-06,0.008450252,2197.280585,1.19E-19,-0.497436836,0.000304234,0.001180384,9.62E-05,0.000167722,-0.00024937,0.001196209,0.967326714,1.109378402,1.061730819,1.249137115,0.955019678,0.908557074,1.022102184,0,1.467705205,0,0.969439353,278.5040315,441404085
1103596,1.404069382,4.67914358,7.96817222,148.5500321,1.897062515,2.269168041,1.313781956,1.240833687,0.701035868,0.744509348,8.997839094,35.5739658,-0.000195898,1.89263394,0.003387747,0.006565886,-0.003368059,-0.001597585,-6.11E-05,-3.36E-05,-0.000534352,-2.51E-06,-5.48E-05,-8.27E-06,0.044533685,5.76E-42,7.86E-12,-0.061249638,0.000200501,0.001540671,-0.000155048,0.000153712,-9.25E-05,0.001514565,0.976057908,0.900272258,0.997274942,0.42819381,0.424597489,1.114823234,0.828086938,0,0.396749069,0,1.086994461,277.7619088,441690567
1106761,6.389185359,4.007603181,26.37698969,32.97388644,0.719339628,3.004973791,1.430498837,1.296158505,0.810484022,0.417314421,7.585774478,35.07882196,0.001979848,0.229438489,0.004679619,0.002151156,-0.00476567,-0.004675689,-4.63E-05,-3.20E-05,-0.000527248,-2.50E-06,4.25E-06,-7.35E-06,0.004399943,7.03E-11,0.010480295,-1.916544293,0.000133551,0.001251246,1.02E-05,0.00016587,-6.23E-05,0.001817882,1.042954072,0.869388185,0.730019762,1.659488532,1.163667012,1.076578004,1.612433912,0,0.771723394,0,0.98492318,275.0809752,442953402
1108001,4.6905148,4.924514396,24.96907602,68.81054063,1.445566931,1.959813974,1.396925198,1.132431887,1.071131592,0.468522515,7.121895414,31.56868173,0.005048689,1.228530382,0.003192345,0.013448103,-0.004259833,0.000903795,-7.21E-05,-3.57E-05,-0.00058499,-1.49E-06,-6.58E-05,-7.53E-06,0.086632097,1.34E-39,0.469199177,-0.992686511,0.000300956,0.000910913,1.05E-05,0.000176092,-0.000150889,0.001019973,1.11350181,0.943765627,1.020497904,0.09896533,1.10053749,0.941842002,1.645103972,0,1.571065002,0,0.949983312,276.9638306,443448162
1108187,8.626818735,3.286393527,17.50648731,91.72585185,1.243163084,2.867493274,0.527336554,0.872517929,0.83726827,0.337438472,6.022757105,36.28267869,0.001167249,3.506052346,-3.20E-06,0.001051618,-0.003263615,-0.001977142,-5.79E-05,2.30E-06,-0.000599776,-1.06E-06,-3.05E-05,-6.40E-06,3.09E-07,4.36E-91,1.16E-06,-14151.20098,0.000201349,0.001333753,-0.000119161,9.33E-05,-2.22E-05,0.000937422,1.098739618,0.977991933,0.873713179,0.124420359,0.92210436,1.001966063,0.74824364,0,1.184870652,0,0.872448297,276.6448622,443522376
1110683,4.881090356,3.595286368,29.91547612,131.9290177,1.414253055,2.05215647,1.148330618,1.167344881,0.3904137,0.19629696,7.526452206,30.32112612,0.005108365,2.909130697,0.001660448,0.010270211,-0.007392554,-0.003747042,-6.73E-05,-3.79E-05,-0.000558756,-3.69E-06,-6.10E-06,-7.78E-06,1.48E-06,0.000480241,3.21E-07,-185.6025422,0.000261808,0.001407205,2.04E-05,0.000120429,9.28E-05,0.001413337,1.149082433,1.114769117,1.072062725,0.693204396,0.746560094,0.942954859,0.263001272,0,1.176897634,0,0.980468539,279.2322567,444518280
1113310,4.843271702,4.424411648,25.40407437,71.31174197,1.360560128,2.118414879,0.966084881,1.260470022,0.246762428,0.333790875,7.029083075,32.02781646,0.004007756,2.708604857,0.002111206,0.028430826,-0.005484931,-2.94E-05,-7.93E-05,-3.50E-05,-0.000523647,-2.10E-06,-3.79E-05,-8.27E-06,0.008078744,0.001241735,6.25E-12,-1.063720302,0.000223758,0.000778606,-4.20E-05,9.30E-05,0.000189849,0.001350917,0.864618557,1.013027049,0.885271071,0.380565605,1.010003977,1.085000257,0.482102731,0,0.67493544,0,0.943120471,277.6605041,445566453
1114077,11.16745985,5.585882756,11.2849452,104.1151134,1.457263037,3.359580557,0.851935989,1.457189772,1.06057493,0.604574352,8.667589577,35.28711052,0.000231837,3.786816823,0.001041408,0.027103505,-0.00247196,-0.004543275,-6.49E-05,-4.35E-05,-0.000536431,-1.25E-06,-3.82E-05,-6.63E-06,7.37E-07,5.70E-06,2.33E-06,-3708.6078,0.000260543,0.00174883,-0.000130899,0.000183231,2.11E-05,0.001406606,0.782657354,1.132712599,1.058155458,2.453050018,0.724077393,0.932065102,0.664052664,0,0.718880533,0,1.063349615,278.2958936,445872486
1118403,5.519525957,3.678705051,11.5594218,117.153845,1.673067006,2.90663009,1.038813028,1.219328907,1.41251876,0.602692203,9.606568687,34.90304958,0.001036241,1.684680533,0.003484255,0.038602102,-0.003388909,-0.001688403,-5.46E-05,-8.02E-06,-0.000605762,-1.80E-06,-4.42E-05,-8.05E-06,0.000766536,0.002293717,7.77E-28,-8.411494517,0.000216936,0.001050587,-7.12E-05,0.000150821,6.87E-05,0.00122367,0.923079558,0.979670412,1.042213572,0.809809079,0.797808798,0.901211813,1.482175965,0,1.074396075,0,1.131155528,277.9510372,447598560
1122728,1.742602837,4.812945819,10.99149122,112.0427545,1.524345453,3.503813563,1.233434162,1.306036959,1.061117064,0.598156333,7.907195343,31.12041381,0.006824878,5.780326346,-0.002406969,0.032425045,-0.000612128,-0.003994636,-6.57E-05,1.33E-06,-0.000558377,-2.31E-06,-1.44E-05,-7.26E-06,6.76E-07,1.36E-86,6.41E-06,-3383.154838,0.000256599,0.000879782,-9.58E-05,8.74E-05,0.000702696,0.001558057,1.025845808,0.84737717,0.994268179,1.40111982,1.021437088,0.921521531,0.626646232,0,0.772394185,0,1.008674207,275.2870839,449324235
1123979,2.056942273,6.78960977,7.737733241,81.75931586,0.806978726,1.160225181,1.048669386,1.518389067,0.177700137,0.388227511,6.963006997,31.91849949,0.00476901,3.184602704,0.00050217,0.018313506,-0.00486233,-0.006163191,-6.05E-05,2.09E-06,-0.000560374,-2.56E-06,-4.93E-05,-7.20E-06,0.000414865,3530.435291,1.34E-28,-0.376872669,0.000273958,0.001309713,-0.000100946,-2.12E-05,0.000185753,0.000912116,1.082241882,1.017953114,0.988942772,0.407133657,1.350530024,0.979037349,0.975298678,0,0.92637714,0,0.938871876,277.4964627,449823384
1133695,10.50580686,3.790355487,13.11394168,107.9361162,1.970655365,3.208158843,0.844445191,1.113035182,1.676259919,0.487261548,9.218686525,37.14248671,-0.001700869,0.230966877,0.004904055,0.02745945,-0.001304724,-0.002929508,-4.77E-05,-4.50E-05,-0.000497162,-1.16E-06,-9.05E-06,-8.57E-06,5.08E-07,1.03E-89,3.07E-07,-9562.928966,0.000292674,0.000717983,-0.00019595,6.40E-05,0.00019975,0.000541426,1.190856114,0.99102145,1.076969807,0.63819505,0.885082256,0.995281908,0.885265734,0,1.344272158,0,1.102149799,280.1566981,453700068
1134687,4.081639681,4.465779493,20.57473737,51.59788827,1.318540006,2.087882401,1.363674357,1.311165296,0.732854003,0.568850032,7.149140008,36.97801591,0.000686005,-2.038772991,0.004905336,0.016665518,-0.005276413,-0.002874215,-7.39E-05,-2.51E-05,-0.000562163,-1.68E-06,-3.01E-05,-7.72E-06,0.00813329,0.177844114,0.003815296,-1.423234134,0.000249934,0.001568323,-7.09E-05,0.000232337,-7.06E-05,0.001481135,1.000377392,1.146133172,1.156310512,1.049281137,0.160618289,0.957894951,0.751014572,0,1.86667905,0,0.95195375,279.4031452,454095876
1135248,11.14514823,4.693206309,8.868135747,101.0556122,1.153928923,2.334198197,0.565697313,1.577347029,0.978348458,0.479085594,7.733211995,32.54742882,0.005883484,1.994698447,0.001079693,-0.000684758,-0.003222367,-0.005193636,-5.80E-05,-5.24E-06,-0.000480245,-2.35E-06,-4.49E-05,-6.78E-06,9.95E-07,3.64E-07,6.56E-07,-4168.645225,0.000180863,0.001062838,-0.000114392,6.07E-05,-0.00023025,0.001204786,0.936368164,1.108177765,0.946901969,1.323877063,0.721321606,0.856265777,1.014896901,0,1.468801309,0,0.996380505,275.5723107,454319715
1137554,4.429408137,4.48527376,35.70833757,136.6483385,1.448628331,1.457821381,1.653258131,1.23854414,0.731377758,0.642071909,8.072660946,30.00973738,0.006213425,5.67606714,-0.001593805,0.017133781,-0.006766384,-0.003116937,-4.33E-05,-3.07E-06,-0.000591613,-1.97E-06,-4.52E-05,-5.82E-06,0.01521158,2.06E-11,0.532551874,-1.040735284,0.00024603,0.001196437,-6.55E-05,7.73E-05,8.09E-05,0.001518452,1.2222896,1.012518061,0.96534439,0.180112241,1.255791674,1.149772476,1.658587916,0,1.720295285,0,1.020228891,278.0369663,455239809
1139679,5.970017098,3.207692505,15.83047355,98.73534087,1.271778095,8.148724497,1.13368057,1.417505252,1.14272324,0.515360496,8.532392642,32.92467852,0.002280416,3.776443101,0.001594228,0.02511966,-0.004535797,-0.003902627,-7.58E-05,1.97E-06,-0.000511221,-1.04E-06,-4.33E-05,-5.99E-06,0.018157555,1.49E-35,0.158433457,-0.697128995,0.000264227,0.000722583,-0.000150546,2.28E-05,7.71E-05,0.001577775,1.016703371,1.034643952,0.964117305,1.278491283,0.985160883,0.904059606,1.190403607,0,0.602176648,0,1.054071503,278.2576379,456087684
1140150,7.873343732,6.961695867,18.31092049,77.21231432,1.363577773,1.238697717,1.233825075,1.439848072,0.886427545,0.583318888,7.193096331,37.80835779,0.00071474,0.980761555,0.002115069,0.028633817,-0.005113462,-0.004383635,-8.34E-05,-2.05E-05,-0.000484318,-1.98E-06,-4.41E-05,-7.05E-06,0.005225094,58.59084455,3.96E-18,-0.487226689,0.000234464,0.001132787,-4.29E-05,0.000130314,0.000135153,0.001914709,1.266020516,1.095079964,0.839375997,1.252553982,1.184113169,1.024570081,1.199192534,0,0.015702071,0,0.955386739,275.1224358,456275613
1140289,2.600406364,4.42937819,17.66441515,140.9346874,1.807029441,0.949665065,0.959041031,0.756036901,0.223523576,0.46916184,8.393841768,34.50870009,0.000526981,1.770336889,0.003153208,0.023051868,-0.007129329,-0.003058172,-4.90E-05,-1.39E-06,-0.000507853,-2.72E-06,-4.81E-05,-8.51E-06,0.012366864,0.001866843,1.85E-17,-0.907779595,0.000223949,0.00143707,-6.68E-05,0.000236941,-0.000138189,0.00178884,1.000911507,0.920598995,1.024545607,1.1067155,0.85400598,0.677789028,1.08818623,0,1.289096683,0,1.043973336,281.0590614,456331074
1142741,8.130945347,3.531940049,21.54940044,25.00646098,1.067011976,1.717004174,0.917597821,1.391902489,0.925349867,0.172600525,5.93084179,32.8866496,0.006044797,0.242344956,0.001641499,0.014454265,-0.003728392,-0.001929199,-7.63E-05,-5.61E-06,-0.000548068,-9.67E-07,-2.45E-05,-6.55E-06,0.001819495,3.20E-14,0.00132054,-4.408824413,0.000255324,0.000823499,-0.000173958,0.000233966,-0.000370361,0.00174702,0.913572484,0.974186677,1.176812167,0.991263757,1.252294801,0.869348631,1.009953945,0,2.209192123,0,0.866192382,276.6373095,457309422
1143230,11.41515545,4.430702874,6.162335705,170.9180479,1.419389098,2.707531278,0.647669451,0.801831008,1.133043874,0.50156629,7.744881995,32.49345514,0.008749637,1.342644763,-0.001273725,0.013531356,-0.004812408,-0.003462487,-5.12E-05,7.76E-06,-0.000533945,-1.84E-06,1.05E-05,-7.09E-06,0.001079364,635.8490492,2.50E-27,-0.734415599,0.000222128,0.001186708,-5.57E-05,0.000161194,5.03E-06,0.000354797,1.215984901,1.041358531,0.940562176,1.957216757,0.801300472,0.740744668,1.118288357,0,2.689685904,0,0.99719466,275.6835656,457504533
1146213,6.718057869,4.938085567,28.01043404,78.1752809,1.542490824,1.767944375,1.322917909,1.381539336,0.720035752,0.310326506,6.316035581,31.49544988,0.004000708,4.880176308,0.000201855,0.016395989,-0.003248394,-0.003879245,-7.82E-05,-1.16E-05,-0.00054895,-2.84E-06,-3.69E-05,-5.21E-06,1.92E-06,5.25E-06,6.55E-05,-262.6191669,0.000302724,0.001114646,-7.82E-05,5.06E-06,0.000177898,0.00202203,1.14228074,0.916392343,0.842876852,2.152528197,1.177073105,1.102945118,1.623926803,0,0.988414469,0,0.893222451,276.9638003,458694750
1146446,13.02447403,3.684654674,19.28410615,53.93156824,1.692958914,4.157363287,1.218765746,1.363174649,1.716419148,0.349272663,7.252752516,34.22429184,0.001725383,4.936342035,-9.76E-05,0.02620037,-0.004126316,-0.003817159,-4.82E-05,-3.67E-05,-0.000515106,-1.45E-06,-4.21E-05,-8.15E-06,6.81E-07,1.56E-10,1.84E-06,-5833.469958,0.000247291,0.001514278,-5.46E-05,7.54E-05,8.41E-05,0.001840802,1.158563554,1.110002531,1.276669506,0.675859833,0.783526431,1.228037569,0.647609648,0,1.327743271,0,0.960108139,277.657984,458787717
1147067,10.52561455,4.892172817,24.69326525,105.5532347,1.258523735,1.911479714,1.343682352,0.812906853,1.131909922,0.602012999,8.591264151,37.2664899,6.36E-05,1.456183049,0.003002178,0.020784507,-0.003274877,-0.00315895,-4.88E-05,-2.15E-05,-0.000515988,-1.68E-06,1.96E-06,-7.17E-06,0.016113175,8.73E-05,1.30E-16,-0.964596216,0.000223414,0.001110216,-8.30E-05,0.000108791,0.000177791,0.00138492,1.19676872,0.976943184,0.876741073,1.918901893,0.85048851,0.995155737,0.835678615,0,0.444166233,0,1.057746768,276.3347496,459035496
1149402,19.51401108,2.758498679,11.25952019,31.214912,1.460957287,6.409236809,1.3598496,1.812970698,2.285715879,0.519981196,7.904143594,34.20728988,0.000996695,3.772088479,0.001782038,0.030831993,-0.002491429,-0.002660095,-6.50E-05,-1.05E-05,-0.000484741,-1.50E-06,-3.70E-05,-6.93E-06,0.00426433,1.82E-08,0.021226539,-1.538936028,0.0002159,0.00161684,-7.52E-05,4.88E-05,0.000214791,0.001056298,0.742351482,0.924820357,0.870008022,1.140619212,0.801047914,0.904490988,0.844138286,0,1.664910157,0,1.008457878,279.3348272,459967161
1150523,7.78815599,3.299494479,28.40518971,30.69215216,1.009312112,2.62766014,0.978273061,0.983925132,0.63038441,0.376261526,7.621213713,37.72444847,-0.001716382,0.762719266,0.004408212,0.015375455,-0.006556338,-0.003964281,-4.29E-05,-1.60E-05,-0.000510338,-2.76E-06,-5.47E-05,-7.40E-06,4.94E-07,2.23E-06,2.16E-06,-8254.660279,0.000180962,0.001195126,-0.000161148,3.02E-05,0.000236952,0.001388998,0.999003041,0.879770852,1.07153988,0.491227783,1.103353715,1.026605885,0.538418797,0,0.901772404,0,0.98751892,277.3618853,460414440
1150593,6.23710116,5.697807348,31.10377073,44.44324705,1.295489192,1.22427621,1.744484088,1.517794866,1.035254516,0.542372686,8.637582127,35.57278726,0.001428525,3.187122267,0.001171267,0.026265107,-0.005682463,-0.002236612,-5.60E-05,-7.62E-06,-0.000563447,-1.93E-06,-5.28E-05,-6.51E-06,5.15E-07,1.45E-05,1.26E-07,-5165.849721,0.000166217,0.000836305,-2.44E-05,0.000103621,-0.000171499,0.000934177,0.951220128,0.96969088,1.034215706,1.330347927,1.216788724,1.061644101,0.949064443,0,0.484256541,0,1.061297339,276.0455455,460442370
1151037,1.253386897,2.579566679,10.57266508,85.31056295,1.050767309,4.457366958,0.882032589,1.418608579,0.774896468,0.388777694,6.386427886,36.48136477,-0.000858332,0.972399436,0.003345521,-0.001613247,-0.003210843,-0.002661445,-3.34E-05,-2.72E-05,-0.000453326,-2.57E-06,-3.53E-05,-7.59E-06,0.103421282,7.64E-38,0.007347624,-0.415245068,0.000195349,0.001363093,4.67E-06,0.000261105,0.000132705,0.00051088,0.90268489,1.01522691,1.058620356,1.809688742,0.647398157,1.097839318,1.116438991,0,0.009972644,0,0.897632668,280.5265267,460619526
1151345,5.163885415,4.377072334,11.17079992,50.98770478,1.719587891,4.466308954,1.53492874,1.271073191,0.629670452,0.501828815,9.032999728,30.71567446,0.004573022,3.59267041,0.001070333,0.031401045,-0.004014329,-0.003700143,-6.98E-05,6.57E-06,-0.000525852,-1.74E-06,-4.75E-05,-7.64E-06,9.49E-07,9.62E-13,5.98E-05,-278.4324444,0.000233393,0.000947841,-3.29E-05,2.26E-05,-0.000160675,0.000835532,0.910979556,1.07034932,0.901064106,1.150137989,1.384742139,0.987871383,1.084787077,0,2.200023158,0,1.089494126,278.989541,460742418
1152418,3.873514544,4.065125668,9.439266915,98.86799201,1.222505881,3.385052011,1.298051217,1.317467275,0.46959927,0.481475575,8.251308002,37.22278222,-0.000411383,2.013901987,0.001574788,0.020569489,-0.003669794,-0.000749991,-7.70E-05,-4.21E-05,-0.000553933,-1.95E-06,-2.62E-05,-7.28E-06,1.55E-06,2.89E-11,4.22E-06,-4236.552381,0.00025823,0.001480272,-0.000203318,0.000129174,9.38E-05,0.00267287,0.758305926,0.935502054,0.90723891,0.147479608,0.838411686,1.005363466,0.898954761,0,1.836277894,0,1.03255749,278.846136,461170545
1154769,12.94006579,2.22023417,17.57351418,59.67128346,1.125264649,4.020425289,1.037309805,1.476041192,1.565672323,0.260295315,7.719506564,37.02172859,0.000837167,-0.619218476,0.003603535,0.015708021,-0.002746118,-0.003228869,-7.08E-05,-3.58E-05,-0.000561986,-2.73E-06,-4.37E-05,-7.75E-06,0.045288747,2.47E-41,0.163191614,-0.722601532,0.000216725,0.001004611,-0.000130578,9.88E-05,0.000409439,0.001680874,0.895267774,0.92962596,0.869150522,1.747564427,1.564035951,1.082726667,0.862186023,0,2.30074185,0,0.995153355,277.556199,462108594
1155615,9.752942672,2.390963817,5.876694164,97.16102823,1.342790881,3.129095736,0.764593272,0.965292322,1.100306075,0.407906714,8.820625561,28.05685435,0.010034031,2.875766304,-0.001340854,0.023769424,-0.004032827,-0.005107416,-4.73E-05,-1.08E-05,-0.000536291,-1.73E-06,-2.61E-05,-7.80E-06,0.019114645,7.65E-31,0.192258798,-0.507876246,0.000234543,0.001252928,-0.000103136,5.13E-05,-0.000499532,-0.000370147,0.875068277,0.919687289,1.042446646,1.230246478,1.216131008,0.883817982,0.783103253,0,0.588206065,0,1.074156566,278.5381604,462446148
1157048,13.79437928,4.970410143,24.31475653,325.9647345,2.232050062,1.312106586,0.681368557,0.624332177,1.542045806,0.940873269,9.701126334,34.67986636,-0.00039254,3.509729414,0.003588288,0.034109378,-0.006049407,-0.003821813,-4.26E-05,-2.42E-05,-0.000594641,-2.82E-06,-1.14E-05,-8.30E-06,0.0241334,485.1640676,4.90E-17,-0.650173476,0.000204044,0.001483438,1.61E-05,0.000116475,0.000609601,0.002197344,1.118664867,0.901723222,0.926698598,0.637159417,1.152884312,1.086604776,0.912001941,0,1.719847466,0,1.137932204,277.6636305,463017915
1161905,5.26928397,3.961212384,4.549086668,117.8834112,0.971556072,3.849891934,1.084555871,1.374590239,0.71767779,0.468196814,7.994791163,30.21114537,0.003794101,5.233251359,-8.32E-05,0.00879709,-0.005414945,-0.002530285,-1.84E-05,-2.67E-06,-0.000541964,-1.18E-06,-3.88E-05,-6.63E-06,0.004195808,0.118227791,0.002586106,-1.114250303,0.000155454,0.001751452,-8.21E-05,0.000101354,-9.85E-05,0.001809246,1.029645435,1.046216063,0.927545697,0.331816594,0.771436069,1.232119774,1.251554595,0,1.979443298,0,1.014775429,280.4514131,464955858
1164506,2.09119727,5.256540634,16.91688191,109.7154015,1.31478312,3.229810023,1.404902592,1.701106387,0.872446981,0.445618409,8.880595463,37.00802137,-0.001680722,2.822749375,0.002938559,0.017533841,-0.003706618,-0.006710236,-6.78E-05,-1.31E-05,-0.000594513,-1.31E-06,-4.60E-05,-6.69E-06,4.31E-07,1.87E-84,2.26E-05,-489.9275669,0.000234276,0.001280944,-7.00E-05,0.00016883,-0.000489713,0.000563076,1.098306414,1.029142176,0.913440754,0.2025106,1.39833591,1.174104714,1.0904238,0,0.771542878,0,1.078887176,278.7213445,465993657
1164718,1.422803104,5.308156147,15.25010779,126.3337398,1.519642499,0.80911588,1.044639679,1.100084065,0.261216683,0.668096859,8.809392671,37.61541377,0.001214291,0.585521792,0.001843733,0.018507074,-0.004828386,-0.001739958,-7.35E-05,-2.80E-05,-0.000605712,-2.06E-06,-4.12E-05,-6.19E-06,0.008065027,0.000234505,1.09E-10,-1.898494347,0.000220625,0.001795872,-9.79E-05,7.16E-05,-0.000182179,0.000697973,1.08721143,0.942798629,0.841092754,1.560952962,0.716583914,1.05957161,1.130415519,0,0.665803249,0,1.073421337,275.6011617,466078245
1166045,12.31167814,3.978369401,14.33906927,87.83374345,1.370664636,2.590484268,0.83313513,1.299011501,1.255278093,0.48600935,8.653852919,31.74846352,0.00637572,1.123197214,0.00229927,0.02959281,-0.00316067,-0.001842525,-4.75E-05,-2.43E-05,-0.000524862,-1.81E-06,-5.74E-05,-6.78E-06,0.043476432,46.93825102,1.03E-16,-1.100907279,0.000264706,0.001037788,-0.000120053,0.000247237,-0.000385947,0.000325111,1.210006864,1.180467694,1.19130892,0.769521261,0.297015826,1.036593961,1.198180743,0,1.404123848,0,1.062402366,276.1278019,466607718
1167316,2.310971594,2.375143171,14.91664223,47.53458245,1.129016682,4.725504783,1.247034227,1.326810032,0.528365103,0.654476054,8.317284248,32.76698153,0.003016379,1.992080316,0.004197497,0.012128671,-0.002156641,-0.003468712,-9.67E-05,-2.88E-05,-0.000507157,-2.36E-06,-7.30E-05,-8.52E-06,1.26E-06,1.42E-08,7.46E-06,-4193.461308,0.000241021,0.001047916,2.68E-05,9.33E-05,-0.000144191,0.000779125,1.090831415,0.954697718,1.195706131,2.354135972,0.71081818,1.05721897,0.288948372,0,1.770114148,0,1.037589801,276.7396216,467114847
1169048,14.46577271,3.7459311,18.97758417,103.3726377,1.276264406,2.222487922,0.722013691,0.563816287,0.990926612,0.550658212,8.495744335,33.591567,0.002878021,3.74833198,0.000708449,0.00177034,-0.006160362,-0.003934273,-4.66E-05,-2.50E-05,-0.000496035,-1.72E-06,-2.87E-05,-6.31E-06,0.005954099,0.724963263,0.010013865,-1.017959017,0.000330465,0.001194955,-8.90E-05,7.12E-05,0.000214753,0.000901035,1.059797883,1.019697362,1.101442079,1.999748785,0.518446664,1.089697682,0.547313563,0,0.519458483,0,1.051304845,276.6086903,467805915
1172849,6.88579151,3.349806272,16.38994326,85.54834699,1.052380755,1.13854013,0.841172471,1.066835972,0.537543325,0.430813003,6.29832115,29.31567756,0.00551158,6.088703648,-0.00031472,0.014327064,-0.004721933,-0.003088148,-7.44E-05,-3.41E-05,-0.000569196,-3.08E-06,-2.76E-05,-8.88E-06,0.0289513,2.69E-45,0.246780375,-0.408885002,0.000210167,0.001214383,-0.000142341,0.000140565,3.77E-05,-6.68E-05,0.981133705,0.934838085,1.063633497,0.222769199,0.863107647,0.869106964,0.747983942,0,0.424983252,0,0.891888082,275.8726489,469322514
1173800,9.181704326,4.150736488,29.14751044,144.8625582,1.39505973,1.354139184,1.518608251,0.906212106,1.463388335,0.631380712,7.331095329,33.24956624,0.003536691,0.948637036,0.003845787,0.018307798,-0.004652302,-0.00148287,-7.04E-05,-7.30E-06,-0.000605245,-1.70E-06,-3.04E-05,-8.38E-06,1.61E-06,0.046944448,8.87E-07,-2.723215441,0.000185839,0.00090999,-0.000114988,9.39E-05,0.00011306,0.001566093,0.804497783,1.063616805,0.933937047,0.677118717,1.386647727,0.860917453,1.371462217,0,0.528925438,0,0.965542936,277.2171423,469701963
1175740,10.86280761,4.118475699,16.10577215,105.4670895,1.288611987,3.955611198,1.886129912,1.525278427,1.516956645,0.588258739,7.683026367,32.34445259,0.006052474,1.686320637,-0.000122868,0.021857797,-0.00291956,-0.002371299,-6.02E-05,-2.80E-06,-0.000574692,-1.85E-06,-2.58E-05,-6.74E-06,0.054132499,8.14E-43,0.72917845,-0.970648713,0.000146448,0.001959705,1.53E-05,0.000150242,2.19E-05,0.001797702,0.973316866,1.084284768,1.051192139,-0.258910246,0.712049813,0.795572807,0.853032398,0,1.007490853,0,0.992481076,278.4115341,470476023
1175958,8.070840378,5.21231584,22.71759275,142.808527,1.816271794,1.212304513,1.114642939,0.974183228,0.746274551,0.67425135,10.43749085,36.17661985,-0.000575835,1.994861158,0.003979534,0.025087349,-0.004200347,-0.002622481,-5.01E-05,-1.77E-05,-0.000544949,-1.97E-06,-1.23E-05,-6.15E-06,0.010227872,0.520254042,2.51E-12,-0.986853732,0.000192957,0.001383877,-7.54E-05,-6.73E-05,9.32E-06,0.001029631,1.085355831,0.81287434,1.213789225,1.312533251,0.318532509,1.113535781,1.014643331,0,2.130568866,0,1.198248169,277.2862999,470563005
1176437,2.158644749,3.193494155,29.28890291,155.7203744,0.903649294,3.077132698,1.697557315,1.557077513,0.716506053,0.53999708,6.239761912,35.32273299,0.001503572,0.23700354,0.003954977,0.022818649,-0.005091149,-0.00320184,-7.56E-05,-4.11E-06,-0.000464011,-3.20E-06,-2.50E-05,-5.34E-06,0.000258413,0.002256727,4.17E-27,-9.23954364,0.000190245,0.001493297,-8.80E-05,1.84E-05,6.04E-06,0.001064262,1.063167447,0.880989108,0.957652826,0.698253975,1.304485539,0.952365525,1.122475222,0,-0.048779799,0,0.888199689,278.448142,470754126
1176726,2.659838942,2.062303207,14.16172358,43.47221954,1.527631695,3.64690356,0.870808863,1.138550525,0.202893327,0.29903849,6.828354643,35.95565163,0.000394266,4.198513102,0.001252045,0.022460907,-0.005969918,-0.003199491,-8.15E-05,-1.60E-05,-0.000581589,-1.94E-06,-3.27E-05,-7.99E-06,1.23E-06,2.66E-89,4.89E-06,-4229.148935,0.000270577,0.00138179,-2.65E-05,7.34E-05,-3.10E-05,0.001231142,1.225423975,1.049247619,0.935259628,0.781035922,1.25933126,0.928664798,0.420723753,0,0.740407366,0,0.929012973,276.7981335,470869437
1177186,9.069976922,2.165024571,14.97122759,98.56135163,1.401722045,5.128194859,0.920657541,1.237716061,1.012999143,0.604768524,6.81776269,36.01832794,0.001696928,2.247627772,0.001045874,0.011754194,-0.002059372,-0.001130175,-5.84E-05,-3.99E-05,-0.000548706,-9.40E-07,-2.27E-05,-6.92E-06,0.006857086,1.39E-14,0.024085971,-1.19229614,0.000189311,0.001491213,-0.000146905,0.000235448,0.000180851,0.001514612,1.035760502,1.026568918,1.045665319,0.692840517,1.298148698,0.954679036,1.157876168,0,0.75341592,0,0.928429696,277.4026668,471052977
1177237,10.61159481,3.171920057,5.923207865,59.32618332,1.196633094,3.030556937,0.579184366,1.15508385,1.012392946,0.441332702,6.743676109,36.79571273,-0.002101649,2.827602598,0.002682609,0.008820193,-0.005306213,-0.004284245,-7.23E-05,-2.71E-05,-0.000488108,-3.14E-06,-3.72E-05,-8.01E-06,0.020230419,3.18E-32,0.057232429,-0.885530495,0.000289971,0.001380934,7.58E-06,-3.65E-05,-1.37E-05,0.00166912,1.000807495,1.058023091,1.235009755,0.510648633,1.339261798,0.889516054,1.211334116,0,0.354437543,0,0.923202022,280.9438983,471073326
1179991,7.29142386,3.110784577,9.001316086,96.59593543,1.417151245,6.771378763,0.93783221,1.64830934,1.000876912,0.488846148,7.537562542,26.41605677,0.009698121,3.123143756,0.00123081,0.03573665,-0.004618428,-0.001475499,-6.70E-05,-2.13E-05,-0.000543251,-2.52E-06,-2.96E-05,-7.42E-06,3.78E-07,7.19E-10,2.37E-05,-1400.878469,0.000199429,0.000758339,-5.73E-06,0.000108552,-4.33E-05,0.000586192,1.000180147,1.001463875,0.878916561,1.153893507,0.628117724,1.046476121,0.758180227,0,1.638829177,0,0.981197683,277.8925776,472172172
1181147,6.901955548,4.035570941,11.2331545,139.1561293,1.55528301,1.855860704,1.080015949,1.181075237,1.326518076,0.366191722,8.308735093,38.02050593,-0.002274962,1.416195448,0.004688253,0.019524442,-0.005577604,-0.003082799,-7.65E-05,-3.13E-05,-0.000502133,-3.53E-06,-3.74E-05,-8.10E-06,1.31E-07,2.11E-08,1.20E-06,-30963.90906,0.000307093,0.001523061,-1.60E-05,9.27E-05,-0.000183313,0.001762094,1.118428153,0.918419614,1.025120857,1.252870717,1.010061159,1.026769403,0.343635903,0,0.431338881,0,1.0367634,276.1851417,472633416
1185848,3.286020738,2.55285233,6.94172599,46.66641173,1.058412057,3.462125119,0.701844737,1.380348037,0.45578743,0.102018307,6.889450542,37.00766475,0.000546166,2.511712326,0.001214625,0.030382187,-0.000793053,-0.001590057,-8.31E-05,1.76E-05,-0.00056984,-2.49E-06,-2.05E-05,-6.77E-06,0.042044469,1.40E-35,1.11E-12,-0.681155077,0.000175005,0.000727195,-8.56E-05,0.000116249,-0.000150657,0.001048314,1.054690696,0.710306846,1.013797663,1.018932576,0.703379999,1.097458128,0.822619688,0,0.52260736,0,0.933451086,276.1718641,474509115
1186785,9.153337352,2.721696532,4.715427441,314.3438681,1.75122913,3.60570378,0.655960967,0.780771222,0.706553421,0.384233599,8.354639114,38.65593609,-0.00227774,1.663826672,0.003620946,0.007391193,-0.005386043,-0.000108013,-6.52E-05,-6.54E-06,-0.000492629,-7.86E-07,-6.78E-05,-7.74E-06,0.029881506,2.00E-35,6.10E-13,-0.778081349,0.000218527,0.001775637,-0.000228431,4.86E-05,0.000102635,0.000360857,1.026671056,1.039367477,1.03662139,0.019127705,0.840323482,0.884526914,1.023797077,0,2.403209563,0,1.040391715,277.5871168,474882978
1188906,3.976166248,5.944490892,22.31194516,86.61120552,1.00363874,2.496054844,1.541869379,1.302793513,0.616602663,0.327627195,6.649424775,29.90729501,0.007546466,2.040731128,0.001485628,0.016787385,-0.003541482,-0.002433611,-3.16E-05,-2.11E-05,-0.00049672,-2.23E-06,-5.54E-05,-7.21E-06,2.46E-06,1.38E-06,2.07E-05,-1114.890471,0.000229216,0.001381299,-0.000174514,0.000136074,0.000133075,0.0006976,0.890448359,0.935850527,0.957264607,0.288152342,1.11343591,1.207819835,0.961955143,0,0.000737133,0,0.916694901,277.8833831,475729257
1194090,8.496150808,3.102890893,33.23336226,39.12670091,1.295097073,3.507246298,1.653597402,1.364778556,1.105847677,0.597872143,6.261939397,39.69483939,-0.002447948,2.914372033,0.00279486,0.021167993,-0.003273754,-0.004476092,-7.42E-05,-1.24E-05,-0.000525784,-2.37E-06,-6.52E-05,-6.90E-06,2.03E-06,6.82E-12,9.09E-06,-1699.697994,0.000220378,0.00146336,5.53E-05,0.000152672,0.000231966,0.000711653,1.142240568,1.153613377,0.907887227,1.169959436,1.020472319,1.243170545,1.246183638,0,1.24861793,0,0.889586254,273.6206427,477797673
1199562,4.77521425,4.035609096,19.61607714,109.4121314,1.219389367,2.464333793,0.829225357,1.181301994,0.963771333,0.532868674,9.260420562,28.10682736,0.008226831,6.225851396,-0.003344283,0.017932734,-0.003372067,-0.003671021,-8.91E-05,-3.77E-05,-0.000594758,-1.92E-06,-4.04E-05,-7.87E-06,3.87E-07,4.75E-08,7.50E-08,-15136.98905,0.000218104,0.001095014,-0.000112398,3.75E-05,0.000146982,0.001534172,1.007478982,0.919804856,1.028695252,0.491172165,1.23111086,0.999715206,0.757285777,0,1.039554595,0,1.105370538,279.0745391,479981001
1200977,5.930704182,4.157187911,8.329601825,152.9747022,1.186717028,2.199900466,0.684145023,0.840270006,1.292383261,0.413015442,7.212482988,35.84979918,0.00094564,2.065758502,0.002582152,0.031333896,-0.003834872,-0.003087874,-7.00E-05,-1.56E-05,-0.000527743,-2.55E-06,-3.30E-05,-9.04E-06,0.004067285,0.703470266,0.005663972,-0.808818074,0.000173871,0.001034047,1.91E-05,-1.27E-05,0.000396181,-0.000441398,0.92371365,1.003794611,1.06043263,1.487368839,0.456737745,1.08525391,1.550532091,0,1.209204676,0,0.957037846,276.1436346,480545586
1201816,8.382352992,6.001907215,15.72174078,105.3401347,1.416742484,2.266791522,0.96497764,1.631450835,0.897399618,0.595757833,9.058582859,32.10468149,0.004920022,0.843083638,0.002760561,0.023284256,-0.005230735,-0.001944515,-4.90E-05,-1.33E-05,-0.000562756,-2.23E-06,-2.33E-05,-6.08E-06,0.011764149,0.010335368,1.21E-10,-1.005732516,0.000270097,0.001324422,-2.05E-05,0.000136538,0.000103024,0.001283335,0.904513004,1.012923236,1.045019396,-0.322137431,1.48949176,0.923715199,1.267022008,0,1.369650995,0,1.091499251,277.6177995,480880347
1202051,11.59579187,6.280494643,21.43550152,68.56278527,1.510841236,1.416468406,1.02354992,1.635152053,1.146052555,0.522123003,7.031676934,31.53082134,0.003135714,5.414304947,0.000435603,0.028398073,-0.003552755,-0.003253246,-6.75E-05,-2.08E-05,-0.000551035,-2.91E-06,-3.43E-05,-8.19E-06,0.1258533,2.12E-37,0.00679316,-0.10100515,0.000242334,0.000925413,1.02E-05,0.000121758,-0.000243696,0.00106413,0.801501395,1.02198859,1.12755957,-0.257495909,1.25711001,0.800788741,1.065259289,0,0.748361481,0,0.943311114,277.3935619,480974112
1203975,12.57117677,3.973310823,27.75521663,92.2956715,1.678403379,2.541170242,1.643761887,0.953873947,1.731270927,0.531932728,6.872766824,39.00034187,-0.003649531,0.129127239,0.005291697,0.02464614,-0.00449236,-0.002123863,-6.81E-05,-2.80E-05,-0.000603761,-1.90E-06,-2.19E-05,-7.58E-06,0.007014815,8.95575921,1.41E-18,-0.253885925,0.00023167,0.001063754,-7.43E-05,0.000204236,6.10E-05,0.000830991,0.935161391,0.961430524,0.820993951,0.31014445,0.547341651,1.116387266,0.586316497,0,1.187847571,0,0.932129995,279.8996114,481741788
1204799,2.165265089,3.078017045,7.703639927,61.88298567,1.189051489,3.14454545,1.233618574,1.477972386,0.869354027,0.177037463,6.851893769,37.12726505,-0.000866934,1.748507056,0.003790668,0.025904753,-0.007222762,-0.00293397,-8.38E-05,-3.70E-05,-0.000591815,-2.63E-06,-3.77E-05,-7.73E-06,0.01027876,258.3155918,2.50E-17,-0.615372453,0.000194075,0.000578547,-9.14E-05,0.000131345,0.000235004,0.000939655,1.228541835,1.154121101,0.9297821,0.41150804,0.649103391,1.089918012,1.043685589,0,1.614474777,0,0.930687154,276.1899373,482070564
1205483,0.981117749,5.248131555,15.14946696,92.51984166,1.184711654,2.269445596,0.853298584,1.678971866,0.347719136,0.332902941,7.991604141,34.59651908,0.004221861,0.448530897,0.001508532,0.019662648,-0.005356103,-0.00241177,-6.67E-05,-2.48E-05,-0.000501868,-3.06E-06,-3.39E-05,-7.99E-06,0.065966771,2.02E-39,0.523887821,-0.937198061,0.000220717,0.001214206,-5.55E-05,9.97E-05,-0.000113931,0.001899436,0.894471437,1.069517127,1.195202511,0.957127216,1.121780834,0.9875788,1.197200076,0,1.329383492,0,1.014664553,276.9864192,482343480
1206173,7.113478657,5.206920936,24.21915768,81.04353129,1.038861142,1.417296756,1.432619774,1.44743159,1.010339147,0.455830077,7.744158176,41.40886635,-0.005091363,-0.83119691,0.005859012,0.026690527,-0.000403591,-0.002747082,-0.00010012,-2.57E-05,-0.000552371,-1.62E-06,-6.55E-05,-6.29E-06,0.006806716,9.428234579,4.16E-17,-0.861134252,0.000278483,0.001120349,-0.000124264,0.000156768,0.0003107,0.000505453,1.073102585,0.994385222,0.794126599,0.721094516,0.668239738,1.166262373,1.643088863,0,0.153607193,0,0.997153766,277.5460873,482618790
1207286,12.27811508,3.277020284,5.944564246,137.1420863,1.976922251,3.496307934,0.615912783,1.146692181,1.792670365,0.529188173,9.317188259,29.77835911,0.004369135,5.038317626,-0.000696957,0.028845307,-0.003656105,-0.003048367,-6.75E-05,-2.36E-05,-0.000548095,-3.53E-06,-5.16E-05,-7.62E-06,6.05E-07,3.94E-08,7.62E-06,-383.6723334,0.000224588,0.001572628,-0.000180661,6.38E-05,0.000287202,0.000640462,0.919235438,1.083295588,0.96456866,0.4364221,0.289939095,0.857841335,1.058126357,0,0.195083674,0,1.109820935,280.5417939,483062877
1209281,5.90380023,6.061837951,21.86643051,47.86862414,1.323829544,1.815953754,1.22850836,1.818927468,0.757130852,0.460785539,7.405579073,33.91185094,0.001137572,4.280557585,0.00117687,0.020895797,-0.002770416,-0.003063257,-9.03E-05,-3.18E-05,-0.000583913,-2.87E-06,-5.38E-05,-7.38E-06,0.000564796,0.765272988,6.05E-28,-0.904105829,0.000259112,0.001394969,-0.000141013,0.000153625,7.43E-05,0.000373254,1.126528837,0.916535644,1.125268209,0.551731043,0.804552714,1.054280828,0.34322458,0,0.29757114,0,0.971750539,280.8214827,483858882
1210047,19.98388492,3.660996064,24.80715229,30.91752764,2.123302643,4.609628203,1.44240777,1.146826017,2.261250339,0.508026344,9.312216047,33.48495583,0.002982249,3.371688863,0.001195216,0.010423166,-0.004636127,-0.002682403,-8.31E-05,-1.40E-05,-0.000490432,-1.75E-06,-2.95E-05,-6.14E-06,2.35E-07,5.63E-06,2.15E-06,-175.6746863,0.000242117,0.001029383,-0.000125785,4.12E-06,0.000174934,0.001464508,0.8552436,1.026645684,0.988830986,1.525266987,1.15490201,0.995320208,0.644937288,0,2.432629924,0,1.109490196,276.8862226,484164516
1212985,16.52153526,2.360928589,20.39410671,74.76539609,1.297860304,3.938249995,0.906563216,0.989397043,1.327532972,0.482502936,8.520158734,26.11243326,0.011602785,4.067037444,-0.002287674,0.007037362,-0.004906522,-0.002719358,-6.39E-05,-1.51E-06,-0.00061651,-1.60E-06,-3.29E-05,-7.21E-06,1.78E-07,1.15E-06,8.78E-08,-20411.291,0.00020221,0.001720693,-0.000267389,0.000194948,-3.57E-05,0.001866364,0.917076026,0.994558688,0.959564708,0.077919068,0.96543058,0.978664219,1.08253345,0,0.998278852,0,1.053208373,277.8314341,485336778
1213106,9.855767857,5.141288551,39.92385063,93.29450603,1.695093945,1.319496861,1.597328362,1.291744124,1.423005692,0.61374579,8.551797277,35.60989381,-0.000189214,2.920807548,0.00212932,0.025327213,-0.001011212,-0.002015231,-5.69E-05,-3.12E-05,-0.000545478,-1.99E-06,-2.05E-05,-7.29E-06,0.004524105,0.05688234,2.81E-19,-1.899298347,0.000266087,0.001783955,0.000105894,0.000125267,0.000401466,0.000840449,0.992597636,1.075766274,1.228985392,-0.185791794,1.100489905,0.826239304,1.357592753,0,1.935860287,0,1.055241852,279.3007211,485385057
1215259,6.172589858,4.081491426,18.8606863,168.4329913,1.367977664,2.710114013,0.896832365,0.280145013,0.678242418,0.580586768,8.683900745,35.288466,0.001747641,3.418216764,0.001152197,0.011646628,-0.002682803,-0.003398971,-6.03E-05,-2.90E-05,-0.000432877,-2.31E-06,-4.55E-05,-7.26E-06,0.002407943,8.77E-15,0.000101138,-4.768671752,0.000292588,0.000764503,-6.04E-05,0.000161087,0.000229457,0.00037905,1.139142043,0.903205069,1.12132376,1.124734944,0.762197582,0.802663694,0.872922393,0,1.647811515,0,1.064137148,276.0839344,486244104
1217808,3.750956796,4.208615673,20.15187946,96.84651523,1.930082979,2.239869862,0.842572187,1.131200037,0.451475212,0.367212973,7.618076637,26.65029099,0.009088975,6.789859956,-0.002960552,0.031771153,-0.001467363,-0.001680657,-4.11E-05,-1.70E-05,-0.000565937,-1.36E-06,-4.18E-05,-7.57E-06,0.004391926,1.71E-16,0.000417228,-0.672840071,0.000189378,0.001492143,-6.15E-05,0.000170978,0.000201761,0.001197454,1.030655591,0.930901737,1.018884684,1.151788951,1.142823579,0.591460322,0.992461483,0,0.855648093,0,0.987326734,278.4720776,487261155
1218090,3.566411325,3.113024414,17.16762018,62.99362689,1.470060389,2.414079435,0.958838145,1.244374172,0.688107123,0.308638475,5.856687082,29.00805632,0.008907508,2.453981709,-0.001023288,0.010082652,-0.004785736,-0.001418448,-8.72E-05,-1.11E-05,-0.000545047,-2.16E-06,-5.73E-05,-5.66E-06,0.001203436,0.001544946,8.43E-27,-6.783562375,0.000276652,0.001414818,-1.54E-05,0.000241158,4.09E-05,0.000670058,0.993066958,1.083393086,1.106898513,1.607491614,1.441116029,0.813103751,1.221535716,0,1.201319852,0,0.85966602,279.965668,487373673
1218311,13.82738504,3.446337568,9.764794555,72.10031908,1.107983949,4.485766614,0.978912371,1.67950441,1.573903032,0.557517325,6.641528936,31.81702833,0.00440114,3.978581365,0.000584746,0.039212555,-0.003346754,-0.003298685,-8.10E-05,-4.27E-05,-0.000580304,-2.90E-06,-4.26E-05,-6.74E-06,0.004288083,7.48E-05,2.47E-11,-2.534736978,0.000301864,0.000882211,2.50E-05,0.000260704,3.98E-05,0.001336737,1.041991682,1.050192315,0.926756158,-0.018332432,1.111107774,1.216638268,1.243588797,0,2.420789275,0,0.916239122,277.3750031,487461852
1219713,2.809492098,4.687902007,17.73005787,65.27175834,0.579230532,2.317017963,1.260530561,1.537588547,0.396848901,0.402407635,6.730949816,32.89297744,0.001468307,4.601834096,0.001959482,0.021627213,-0.005100742,-0.004059278,-6.57E-05,-4.54E-05,-0.0005497,-2.94E-06,-5.99E-05,-6.71E-06,0.120072984,4.11E-40,0.591194897,-0.556125829,0.000238803,0.001082122,-0.000112592,5.89E-07,-0.000226988,0.000426213,1.023227691,1.029315568,1.070870535,0.292062649,1.055685804,1.031917746,0.850754919,0,1.369978119,0,0.922232857,276.9086163,488021250
1219831,4.914561214,3.058751268,9.027181392,31.87755113,1.220610113,4.045805411,1.342562603,1.450889913,1.212249074,0.412609505,7.553002307,33.59352959,0.002823514,2.479148633,0.00157054,0.010404088,-0.004810646,-0.003900201,-5.62E-05,-3.47E-05,-0.000549659,-3.53E-06,-7.03E-05,-8.88E-06,6.69E-07,7.49E-06,8.14E-06,-2289.949163,0.000318668,0.001483118,-6.25E-05,0.000174176,-0.000409548,0.000923245,0.6778359,1.010229246,0.985287528,1.029402743,1.153037597,1.132427178,0.967967448,0,1.253175128,0,0.982543177,278.5581053,488068332
1222661,2.862268506,1.911356616,19.97439173,87.41171843,0.73159613,1.729897781,1.241540613,1.32716478,0.498680707,0.118136045,6.344362523,40.22630168,-0.004156991,-0.108569029,0.004511257,0.02305741,-0.002700624,-0.005157066,-5.89E-05,-5.53E-06,-0.000571042,-3.67E-06,-1.18E-05,-6.26E-06,4.86E-07,4.05E-87,1.02E-06,-10681.55356,0.000182949,0.000714082,-2.60E-05,5.04E-05,-2.13E-05,0.00050056,1.04811639,0.905097225,1.07660671,2.335675618,1.16095041,0.976536266,0.85262161,0,0.236485366,0,0.894885696,279.6974182,489197502
1224090,2.681278481,5.031104216,23.46455407,130.1189759,1.607719145,1.18276574,1.316355467,0.824605646,1.086176605,0.421025598,6.626886054,31.11571855,0.00420741,7.088021779,-0.001741793,0.029394328,-0.002276719,-0.006339891,-6.38E-05,-1.87E-05,-0.000413511,-9.40E-07,-3.18E-05,-8.71E-06,0.028850002,4.91E-40,7.69E-12,-0.057642673,0.000204275,0.001129813,-0.000101963,0.00017476,-0.00030423,0.001391529,1.151899032,1.087272085,1.063567682,0.485777672,1.29106098,0.970545771,1.015863096,0,0.065627551,0,0.915110484,278.1924371,489767673
1225380,7.903192854,4.162784338,18.16723086,73.6708546,0.851544349,5.264589655,1.368717025,1.841183838,0.792391641,0.418056382,7.586992638,32.77792376,0.003771034,3.779065852,5.46E-05,0.012032262,-0.002324607,-0.001541506,-5.55E-05,-2.45E-05,-0.000479582,-1.65E-06,-7.65E-05,-7.74E-06,0.023768999,9.19E-05,3.37E-15,-0.825295562,0.00016433,0.001031268,4.67E-05,7.68E-05,0.000284423,0.002112752,0.842232079,1.002253696,0.90477904,1.85738303,0.789557067,0.876254295,1.186148198,0,2.103645101,0,0.984997476,278.5977907,490282383
1226250,3.902881926,5.532954784,38.51031484,76.89818336,0.642041337,0.556910707,1.770655186,1.170816718,0.7386834,0.353442395,5.997073928,34.23803145,0.002290253,2.273413106,0.002475387,0.026644419,-0.002176577,-0.00371493,-5.63E-05,-4.48E-05,-0.00052671,-2.10E-06,-2.19E-05,-8.45E-06,0.000497963,947.1365018,5.40E-27,-1.078344993,0.000245614,0.001130004,4.46E-05,6.60E-05,0.000142479,0.000708089,0.916914243,1.172403051,1.018752411,1.776669759,0.96607983,0.872601702,0.983811951,0,1.545945661,0,0.870713346,276.7672179,490629513
1228020,5.721733969,2.486975562,25.83455901,115.3547547,1.205840871,1.506022019,0.653614082,0.752872916,0.886308268,0.287551946,8.770879449,34.80716772,0.00082283,2.56146831,0.002461362,0.030906871,-0.005151456,-0.003754403,-3.95E-05,-3.17E-05,-0.00049258,-3.02E-06,-2.16E-05,-5.97E-06,0.000490773,2.043827871,9.18E-27,-0.720592439,0.000282809,0.001214318,-0.000256902,0.000219527,-0.000394131,0.000289706,0.889799822,0.889059446,1.020581876,1.797600291,0.822922675,0.793081476,1.622250529,0,0.539891342,0,1.070733367,278.7360545,491335743
1228527,2.816439379,4.617184327,11.41843637,187.5328334,1.221735955,2.219327861,0.872689784,1.01188532,0.247153978,0.391388474,7.220533117,33.71640973,0.001972762,3.754764694,0.001039759,0.00576031,-0.004333031,-0.001539389,-7.56E-05,-9.02E-06,-0.00058811,-1.60E-06,-3.81E-05,-7.22E-06,0.065948667,1.16E-39,0.105784612,-0.781532918,0.000282967,0.001842566,-3.39E-05,9.12E-05,7.97E-05,0.002726366,0.982598585,0.960791102,0.941906573,1.457925508,1.678259072,0.89875234,0.965439362,0,1.11727457,0,0.957664809,278.7882225,491538036
1228701,1.191766844,3.460184299,12.60222193,142.2740258,0.932840131,3.209915249,0.829649785,0.713720677,0.356907717,0.421656207,8.276804126,31.77583432,0.004539058,4.784503399,0.000430618,0.0083787,-0.005609297,-0.002679157,-6.08E-05,-3.73E-05,-0.000521286,-2.47E-06,-2.18E-05,-7.62E-06,0.012128067,630.6202064,1.21E-11,-1.291304917,0.000227175,0.001088572,6.53E-06,0.000204555,-6.84E-06,0.001126199,0.984882796,0.994730704,0.985362534,1.477667807,0.740341627,1.118373293,1.069728962,0,2.369448695,0,1.034508975,278.3436124,491607462
1229054,2.954384123,2.827351548,12.87233633,48.95594477,1.130542901,2.730947686,0.647378145,1.199341581,0.73274953,0.292096339,7.80044608,30.83473381,0.008422653,0.838199591,-9.53E-05,0.02096731,-0.0044323,-0.003346953,-7.29E-05,-1.21E-05,-0.000568282,-2.16E-06,-3.44E-05,-6.33E-06,0.000934136,0.22563898,3.57E-27,-1.117304075,0.000243023,0.001260729,-0.000107421,4.42E-05,6.75E-05,-0.000603288,1.051321829,1.071571622,1.073129933,1.073147422,0.783111492,1.029014497,1.280438759,0,0.708533507,0,1.000810367,278.0622367,491748309
1229164,4.481638933,2.011055319,20.35092107,154.4730463,1.240360345,3.191762724,1.413158637,1.457047985,0.950481989,0.30322424,7.528683543,31.90871522,0.002435576,4.48731029,0.000922041,0.029862588,-0.002413238,-0.005021144,-6.74E-05,1.71E-05,-0.00057935,-1.25E-06,-4.08E-05,-8.27E-06,0.002750563,6.16E-16,0.000102585,-2.358301702,0.000263502,0.000943371,8.34E-05,0.000118053,0.000223303,0.000430979,1.015708409,1.034163297,0.949194254,-0.046223006,1.309710846,1.385700882,0.946658394,0,1.994642418,0,0.980651044,281.1626623,491792199
1231617,25.15508839,3.298766384,17.14902635,23.59402533,1.454250174,5.706757792,1.414218473,1.429103248,2.563868145,0.460023425,8.579469391,37.64308369,-0.001223599,0.372338094,0.004993062,0.021024043,-0.003287427,-0.002865568,-6.69E-05,1.86E-05,-0.000557042,-1.71E-06,-1.51E-05,-8.15E-06,0.030049708,1.98E-36,4.04E-12,-0.528301577,0.000195785,0.00144435,-0.000107358,0.000142595,8.80E-05,0.00091078,0.98148462,0.921850815,0.962121787,2.049734922,0.717822499,1.15897289,1.440741272,0,0.941037368,0,1.057076594,275.9526226,492770946
1233529,11.52315064,4.460188055,13.69541779,119.5973655,1.397994703,3.340311911,0.858221757,1.140666194,0.785959254,0.388684394,8.338947803,33.813656,0.00591895,-0.111447227,0.001627066,0.035386942,-0.002897058,-0.003664102,-5.91E-05,-4.69E-05,-0.000583154,-2.10E-06,-3.54E-05,-5.80E-06,0.014646307,0.309522051,1.86E-17,-1.071719006,0.00023744,0.001249766,-0.000117483,0.000275699,5.04E-05,0.001568457,1.00084365,1.059219389,0.891979511,0.666956245,1.147379275,1.097131107,1.092418959,0,1.529803206,0,1.039091353,275.8452516,493533834
1233557,9.788107545,4.249672888,9.412611408,101.5285922,1.712981387,2.446935054,0.855677881,1.3325687,1.763170338,0.465587349,7.521929936,27.1962447,0.007452944,2.546881991,0.0017322,0.014788669,-0.003069783,-0.001053251,-5.75E-05,-3.07E-05,-0.000609317,-2.95E-06,-4.81E-05,-6.29E-06,0.003653117,10.67625845,1.58E-11,-0.226963263,0.00027577,0.001470749,-7.47E-05,0.000120551,1.13E-05,0.000601348,1.030925468,0.978464275,0.843264824,0.718968496,0.568140287,1.116839392,0.455517225,0,-0.033760293,0,0.980189669,280.593153,493545006
1234092,2.936232054,4.429724643,13.42345505,37.93203127,1.105165375,2.818945119,1.140170008,1.360727731,0.364076861,0.395483308,7.595802244,30.80134221,0.00444305,4.301943312,0.000398729,0.020973638,-0.003044321,-0.00413575,-5.38E-05,-1.68E-05,-0.000528224,-3.44E-06,-3.73E-05,-7.22E-06,1.35E-06,3.86E-07,5.65E-06,-3287.1058,0.000269049,0.00129399,-6.35E-06,8.45E-05,-0.000444998,0.001318857,1.156334117,0.975066548,0.994223677,0.281941701,1.130632531,1.011440656,0.870905589,0,0.276494441,0,0.985614245,279.9249489,493758471
1234764,2.680264316,4.640255761,16.94788499,50.11763049,1.731529046,1.926429577,1.115913018,1.2710186,1.00037059,0.65951285,8.562840591,37.04630164,0.001323209,-0.762728518,0.003986521,0.048422382,-0.004682741,-0.001315933,-8.15E-05,-2.76E-05,-0.00051448,-3.82E-06,-4.55E-05,-8.78E-06,0.022213432,5.35E-31,0.007608625,-0.444146193,0.00017647,0.000608168,-6.62E-05,0.000160905,-6.41E-05,0.001689894,1.128121062,0.814391155,0.818921469,-0.120857794,1.136569195,0.845717073,1.077649968,0,2.186651094,0,1.055942051,276.2989518,494026599
1238206,1.38455908,5.710418564,29.07772822,107.4063321,1.736038617,1.153357548,1.437509487,1.337908434,0.634264627,0.527946347,8.450030415,32.22063124,0.003989205,3.69945664,0.001476826,0.020016656,-0.004028238,-0.002979174,-5.53E-05,-1.71E-05,-0.000609178,-3.39E-06,-6.68E-05,-6.35E-06,0.138983174,2.50E-39,0.185122268,-0.205189077,0.000272756,0.001390524,-0.00012939,5.24E-05,0.000305033,0.001575336,0.858414156,0.990916676,1.042460602,0.388647041,0.976549581,1.128998383,1.052163076,0,-0.001683772,0,1.048085042,276.6804898,495399957
1241244,12.91786536,5.438795523,26.60617998,94.77029061,1.465501412,2.684862359,1.726051751,1.102245968,1.242919719,0.614127823,7.670186959,36.64052347,-0.000374554,1.26637002,0.003952395,0.029078929,-1.21E-06,0.000114713,-4.17E-05,-1.74E-05,-0.000583202,-1.37E-06,-4.16E-05,-7.35E-06,1.98E-07,3.83E-06,7.36E-07,-19694.41744,0.000156282,0.001298301,-0.000148703,0.000186206,-9.69E-05,0.001299072,1.162279326,0.98058331,1.085658661,1.007633973,1.317417026,1.013548657,1.154770642,0,0.908451933,0,0.991272476,277.9619693,496612119
1244338,5.214366231,5.671000569,15.69181288,86.74599969,1.191820355,1.997368017,0.837100932,1.359641686,0.58373979,0.509909788,8.566485031,35.88884814,0.001838575,-1.064217117,0.004506805,0.041014804,-0.004349431,-0.005000859,-8.05E-05,-5.77E-06,-0.000521782,-3.39E-06,-6.00E-05,-6.28E-06,0.004889759,40.68196292,0.013446466,-0.666185222,0.000283281,0.00178314,-0.00015515,-1.65E-05,-0.000269988,0.001397015,1.069385649,0.911307152,0.924268824,0.724942436,0.662538793,0.891513392,0.4194212,0,0.865072653,0,1.056257195,277.1120153,497846625
1245552,8.639121933,5.145231968,17.25553525,68.71014872,1.349615944,2.011069758,0.739236095,1.459401699,0.709983946,0.382866035,7.368493278,28.86734688,0.008832113,2.426809531,-0.000726567,-0.001283155,-0.004117263,-0.00210336,-8.32E-05,-8.48E-06,-0.000518088,-1.83E-06,5.61E-06,-6.47E-06,2.73E-07,1.68E-08,3.17E-07,-18341.09411,0.000199241,0.001294849,-2.99E-05,0.000100768,0.000259489,0.000998513,0.91851043,0.97195878,0.96040361,2.563653775,1.366005091,0.958113333,1.517287972,0,2.247391403,0,0.9685682,278.6774143,498331011
1248397,15.43981286,3.523515672,21.98105773,88.49167303,1.52179891,4.690023289,1.796089312,1.574341152,1.956525431,0.513428014,7.901211697,39.59207893,-0.00505255,2.906031333,0.004065521,0.019666081,-0.005873492,-0.001812876,-6.51E-05,-2.57E-05,-0.000571574,-3.52E-06,-4.72E-05,-7.97E-06,0.00372263,0.052991257,0.002487731,-0.546277176,0.00025702,0.001079534,-0.000213749,0.000109253,0.000194947,0.000888175,0.997583896,1.019514848,0.956667878,1.561692319,0.942040465,1.008022899,1.043988076,0,0.730743908,0,1.008283651,277.6976065,499466166
1249215,6.345036868,4.261554806,13.85373239,22.9823825,0.607090352,3.220546498,0.916840218,1.785749198,0.692488365,0.23353127,6.577910082,36.45360647,-0.000325731,2.118461873,0.004015658,0.011915472,-0.004795236,-0.003388134,-6.65E-05,8.36E-06,-0.000569721,-2.24E-06,-6.88E-05,-7.00E-06,9.69E-07,1.66E-07,1.55E-05,-4337.462521,0.000228294,0.001539603,-0.000117364,0.000125799,0.000192962,0.001515747,1.303879788,1.0206954,1.12874761,1.623362802,1.183428983,0.867862259,1.418138403,0,2.748656452,0,0.911988072,274.979217,499792548
1252875,17.16898127,2.62028801,17.11943745,125.9416519,2.335774188,3.898209794,1.115703939,1.031756843,2.470356427,0.684618603,10.79931813,38.80637428,-0.002160683,0.082099545,0.003833765,0.026148856,-0.003062414,-0.001801529,-5.77E-05,-4.19E-05,-0.000573576,-2.33E-06,-1.65E-05,-6.86E-06,0.000609386,44.15186879,5.34E-28,-0.331217785,0.000207237,0.001414728,2.81E-05,8.02E-05,-0.000110386,0.000811054,1.080801448,1.082294524,1.009577975,0.650138835,0.984376467,1.092836492,1.291312826,0,0.906155797,0,1.226130973,278.9277727,501252888
1254235,25.41345803,2.910204149,15.216367,90.88110294,0.808080769,4.055721589,1.078936551,1.267095595,1.521815693,0.594052483,8.441229665,28.72602332,0.007764814,5.010417038,-0.00161632,0.031237057,-0.0015554,-0.002790332,-4.42E-05,-1.78E-05,-0.000542066,-2.01E-06,-2.01E-05,-7.19E-06,1.32E-06,1.72E-90,2.02E-06,-7103.875049,0.000234828,0.001330829,2.08E-05,0.00012567,9.53E-05,0.000671167,0.956325938,1.077052238,1.021512682,1.6843392,0.972521668,0.987470452,1.417948746,0,1.319511123,0,1.047408407,277.1789788,501795528
1254521,8.983700426,4.795457096,33.0952076,87.15792745,1.894052003,1.703385219,1.555678332,1.159338021,1.178868344,0.543110745,8.206297593,32.71743392,0.006681383,1.142031593,0.000918872,-0.0018027,-0.00423633,-0.000425494,-5.67E-05,-1.62E-05,-0.000585038,-1.59E-06,-3.68E-05,-7.78E-06,0.005402217,0.002383727,4.86E-11,-0.798237706,0.000218982,0.001533732,-0.00011325,0.000122196,-7.59E-05,0.000772465,0.935442161,0.953820007,0.899405896,0.430290272,1.187583629,0.743947872,0.219643073,0,1.783220198,0,1.029575273,275.0015709,501909642
1256194,17.58471473,3.855157838,24.56111325,106.787159,1.355256907,3.193103424,1.436716541,1.28119255,1.547782858,0.510444255,8.090264084,32.27936646,0.003966301,4.189132046,-0.000293706,0.029980065,-0.001474624,-0.001929011,-7.61E-05,1.08E-05,-0.00050265,-2.35E-06,-8.13E-05,-6.91E-06,0.13016645,4.05E-39,2.313550449,-1.138792576,0.000213792,0.001383295,-9.15E-05,8.23E-05,-1.95E-05,0.001502885,0.88105939,1.056188421,1.081992212,0.335908943,1.065621728,1.12051663,1.256226072,0,1.745335904,0,1.021484845,279.5121485,502577169
1262694,0.503576673,4.67805207,13.20996627,77.10906474,1.303616068,1.475589565,0.61991264,1.373974308,0.379917511,0.263684981,7.457119799,39.44891331,-0.000622382,0.06232509,0.003197058,0.010176864,-0.009030267,-0.005364032,-6.73E-05,-7.35E-06,-0.000560645,-2.39E-06,-6.35E-05,-6.95E-06,9.28E-07,1.35E-85,1.66E-06,-1397.876817,0.000223264,0.001705282,-7.28E-05,5.19E-05,-7.57E-05,-0.00012086,0.830924965,1.007544298,1.083997507,-0.087841528,1.515331597,0.719297693,1.252215734,0,0.387384547,0,0.975875728,274.6261695,505170669
1263113,7.838383848,2.859145163,14.81675221,86.05383085,1.208433833,4.861775381,0.92856079,1.315485298,0.504058572,0.521298828,7.371335703,32.88504051,0.003925992,0.08496255,0.004146901,0.004278722,-0.002601592,-0.003260035,-7.72E-05,-4.79E-06,-0.000540679,-1.91E-06,-3.42E-05,-7.70E-06,0.094279354,8.44E-38,0.60718949,-0.382118034,0.000255608,0.001380763,-0.000121603,0.000166357,-7.56E-05,0.00122759,0.907599559,0.981204649,0.892603628,-0.641299524,1.113632114,1.122918851,0.827963839,0,1.565604522,0,0.968908432,276.9914679,505337850
1264061,8.57530827,3.417990181,23.66861308,49.88685234,1.804102118,2.418765491,1.309116316,1.175555828,1.003569888,0.336767458,6.744790015,26.97757235,0.010686853,5.007534206,-0.00339217,0.039802576,-0.003846069,-0.002914772,-6.80E-05,1.56E-05,-0.00057819,-2.62E-06,-4.80E-05,-7.43E-06,0.001136837,0.030740579,5.95E-28,-1.677332329,0.000227963,0.002243866,2.89E-05,0.000118992,6.29E-05,0.000649456,1.180684522,1.018871252,0.979254305,-0.069781086,1.582603399,1.00895375,0.894603055,0,1.105192219,0,0.923291387,278.7587759,505716102
1264628,18.30831161,3.852026018,14.1597387,18.33108246,1.071108788,3.409844363,1.260417699,1.246031702,2.169449573,0.630558363,7.887934726,34.95939339,0.001702079,-0.132071257,0.004318829,0.007964135,-0.002361564,-0.004455014,-5.81E-05,-8.65E-06,-0.000573704,-1.09E-06,-4.32E-05,-6.54E-06,3.15E-07,1.30E-90,1.81E-06,-17906.94531,0.000250511,0.000907542,0.000113314,0.000182742,-7.43E-05,0.001014226,1.178896547,0.982514421,0.834270462,1.786413837,0.816665493,0.898816791,1.218165112,0,1.879247125,0,1.007413485,279.8358691,505942335
1269874,2.973310468,5.445663306,31.75004368,34.70544416,1.38025364,1.961291462,1.763366421,1.301041596,0.546474628,0.445945572,7.549856054,34.55944378,0.001411784,0.602175497,0.003998229,0.025610342,-0.00544456,-0.005128384,-6.10E-05,-4.25E-05,-0.000497718,-1.98E-06,-2.83E-05,-8.28E-06,1.87E-07,2.25E-05,2.69E-07,-4484.02605,0.000266496,0.001467297,-2.15E-05,0.000215289,0.00022984,0.001066756,1.314314953,1.080165599,0.834235875,-0.18515402,0.527551052,0.917210209,1.002637042,0,1.00979956,0,0.982332914,278.813313,508035489
1269980,7.279011988,5.319694823,10.76607614,16.08281093,1.003993912,2.326289805,0.674085722,1.586436375,0.708974806,0.30915833,7.724606041,33.90821833,0.002783017,2.040507002,0.002285303,-0.00187754,-0.005713861,-0.001268431,-6.28E-05,-1.34E-05,-0.000537803,-2.28E-06,-3.77E-05,-7.11E-06,0.004556083,0.017940764,0.000454054,-3.679589523,0.000327117,0.001840496,2.67E-05,0.000251845,0.00036696,0.001229498,0.994497248,1.064967945,1.169217703,1.565926232,0.68516981,1.180160959,1.593209502,0,1.175909551,0,0.995597617,277.8445061,508077783
1270607,4.529076255,4.975700548,32.72739742,33.23988659,1.728539479,2.181430052,2.005640572,1.500266642,1.324357714,0.334285115,6.475034869,38.23483373,-0.002020983,1.420183323,0.003467194,0.020155516,-0.003935237,-0.002128738,-7.03E-05,-3.46E-05,-0.000511672,-3.68E-06,-4.13E-05,-7.49E-06,0.039984614,1.94E-39,2.54E-11,-0.595183747,0.000287196,0.000819603,1.52E-05,8.31E-05,0.000132468,0.001289731,0.994166387,1.063376445,1.235255695,1.196894494,1.364859744,1.011318673,1.656944457,0,1.316465665,0,0.903384493,278.7933353,508327956
1271768,6.997359553,5.757358609,23.62076807,151.6679113,1.862164549,1.793159424,1.502869949,0.936841151,1.158093197,0.814812633,8.554842913,28.8560322,0.009949739,2.787265599,-0.001796574,0.015796165,-0.004432326,-0.001532718,-6.36E-05,-2.27E-05,-0.000612995,-4.31E-07,-5.06E-05,-7.25E-06,0.039174966,3.18E-34,0.138956217,-0.831024632,0.000253977,0.001825561,-1.09E-05,0.000218014,-5.99E-05,0.001353416,1.075038445,1.043707369,0.944025767,0.53870487,0.769423906,1.12881292,0.97798035,0,1.964036299,0,1.055450805,278.1681266,508791195
1273607,4.180314161,3.566536348,9.395864873,155.7045528,1.691571478,1.385849476,1.145251062,0.899457497,0.409884871,0.495477778,7.728054939,31.50741341,0.003973643,5.046725808,-0.00026441,0.038412792,-0.00444008,-0.000802347,-8.73E-05,-2.47E-05,-0.00042953,-3.07E-06,-4.38E-05,-7.71E-06,0.009476218,0.052852245,2.17E-10,-1.420501289,0.000246827,0.001452684,-9.74E-05,0.000147905,3.96E-05,0.000833033,1.034572301,0.907405121,0.892872553,0.179388975,0.773414034,0.884546787,0.769598027,0,1.215524771,0,0.995910401,279.7271202,509524956
1273644,9.031284131,3.566377155,21.83717527,64.08774872,1.549880888,1.142409644,1.019061669,0.713158984,1.630708003,0.445348529,7.654393551,37.76146024,0.000420734,-1.293897026,0.005148834,0.026121625,-0.003190149,-0.001760832,-6.94E-05,-2.73E-06,-0.000558245,-2.53E-06,-2.98E-05,-6.06E-06,0.003324001,2.75E-06,0.006169067,-3.060097588,0.000243829,0.000970673,-1.17E-05,0.000199931,-6.61E-05,0.001534341,1.031340066,0.974005992,1.052024768,1.593258561,1.406026078,0.94300031,1.220059684,0,0.895072368,0,0.989934428,275.6740471,509539719
1274166,7.499488386,3.836387982,16.30424623,51.83603918,1.154147152,3.384603604,1.723674127,1.630731283,1.366209822,0.543676628,8.025683987,27.75796572,0.00990448,2.095703768,-0.001229643,0.003144374,-0.004716171,-0.003615883,-7.18E-05,-2.86E-05,-0.000515743,-2.06E-06,-2.97E-05,-6.35E-06,2.53E-07,6.41E-11,1.34E-06,-13058.59818,0.000265417,0.000907226,-2.52E-06,0.00017095,0.000361638,0.001060756,1.240959829,0.865379232,1.022648453,0.909064126,1.351307601,1.071025643,0.440230363,0,0.373100943,0,1.016829122,281.2115399,509747997
1274703,7.586418885,4.289143634,34.56112956,66.6688835,1.11121656,2.865319243,2.082936959,1.166181598,1.514181019,0.563119857,5.720325386,37.88141509,0.000148438,2.134622038,0.001616761,0.010194907,-0.005933369,-0.004129973,-8.10E-05,-1.94E-05,-0.000582333,-2.28E-06,-3.33E-05,-7.52E-06,0.007918661,226.0297872,5.52E-17,-0.222728547,0.000238798,0.001078674,-0.000118106,0.000145227,-0.000134325,0.001107335,1.180532925,0.862529829,0.934077256,0.800033467,1.188467907,0.811502499,1.192499228,0,0.889180373,0,0.849077208,275.2769181,509962260
1275598,15.3408564,1.806057775,17.19950707,33.45558059,1.253770739,6.535716415,1.482456281,1.883136402,1.936253574,0.348830376,9.233619454,36.72916632,-0.000561947,0.727419081,0.003836159,0.017520062,-0.004057056,-0.003271278,-7.54E-05,-8.63E-06,-0.000541936,-2.75E-06,-3.97E-05,-7.18E-06,0.00093587,0.000872825,2.84E-26,-9.317828143,0.000233998,0.000938031,-0.000114355,0.000252048,-5.99E-05,0.002096942,1.083466194,1.00583514,1.197538317,0.870108344,0.835392768,0.932741422,0.94425332,0,0.379777619,0,1.102997503,278.7671872,510319365
1279430,6.627025992,3.631909299,27.74812644,53.72710895,1.276897981,2.76131416,1.30416833,1.452620627,0.846196453,0.46925771,6.616612146,35.02580382,0.0014966,2.132407218,0.002752529,0.027583349,-0.006532606,-0.000486398,-4.09E-05,-2.15E-05,-0.000576372,-1.83E-06,-4.50E-05,-6.90E-06,0.049054302,1.52E-39,0.157509344,-0.619665997,0.000180115,0.001013378,-7.81E-05,0.000186561,-0.000106115,0.000239216,0.799557748,0.992416519,0.957474537,0.915764866,1.176212858,1.009933981,1.064085272,0,0.515154423,0,0.914340457,277.2380797,511848333
1280040,4.403636696,4.213535376,24.1407458,148.3808719,1.133375176,1.241987307,0.804299929,0.801339135,0.78354078,0.30959683,6.924597194,33.14359726,0.003501145,2.919168,0.000754829,0.024422848,-0.002173691,-0.004727857,-3.85E-05,-2.80E-05,-0.000575497,-1.80E-06,-7.72E-06,-6.44E-06,1.38E-07,0.000305102,3.47E-06,-693.2176391,0.000260361,0.000766606,-3.55E-05,0.000120623,8.36E-05,0.001430472,1.030229831,0.988914883,0.985915438,0.751039147,0.442600093,1.195776269,0.587274585,0,2.092453172,0,0.936022746,278.7739161,512091723
1282907,6.71832146,4.724934412,31.71117958,60.55850463,1.074340367,2.490758197,1.657319026,1.603637278,0.977343211,0.44569699,6.558273625,29.77808228,0.00714057,4.108534575,-0.000745978,0.024461113,-0.004904723,-0.003257539,-6.09E-05,-1.95E-05,-0.000564497,-2.70E-06,-3.87E-05,-7.35E-06,0.039693104,2.15E-30,0.005147936,-0.275818493,0.00027777,0.001429129,-6.87E-05,8.97E-05,-6.77E-07,0.001687231,1.007901235,1.02925748,0.965791031,0.128678909,0.987151269,1.081105564,0.673770465,0,1.096100434,0,0.910315376,276.9209381,513235656
1283261,2.979397138,4.038360264,10.04756713,102.9565687,1.386663834,3.125547322,0.702843555,0.818101864,0.404606991,0.520492106,8.867269647,29.86048098,0.006499459,5.06487126,-0.001219131,0.017951365,-0.002495943,-0.002472134,-6.71E-05,-1.53E-05,-0.000540745,-9.63E-07,-2.61E-05,-8.34E-06,0.008669036,1.69E-15,0.055489491,-1.453408111,0.000232588,0.00113447,4.64E-05,0.00012847,-7.83E-05,0.001245607,0.930623794,1.071886088,1.025931084,1.02445494,1.221831907,0.804396365,1.196695423,0,-0.607594688,0,1.07811128,276.4514952,513376902
1284666,4.591185003,3.053078488,15.0607459,58.36798055,1.033169576,4.028546938,1.165824042,1.434990286,0.561767613,0.49608174,8.065609034,36.72996173,0.000498126,-0.101670965,0.003991282,0.035170204,-0.001676216,-0.00341758,-6.04E-05,-3.28E-06,-0.000535325,-9.35E-07,-5.02E-05,-8.60E-06,0.005545281,0.000130994,0.00650449,-1.846177092,0.000262747,0.001074142,0.000125487,7.81E-05,-0.000168134,-1.17E-08,0.965178826,0.968130024,0.998071008,1.068745359,1.050708815,1.102016796,1.181056973,0,1.485079895,0,1.019704784,278.1685619,513937497
1284942,2.301972869,4.003691737,29.70251634,119.681725,1.39915543,2.469721177,1.547483612,1.039994239,0.700601795,0.403794925,6.59441517,30.94256273,0.004796362,2.24787788,0.002301447,0.030087846,-0.003486566,-0.003353,-4.79E-05,1.03E-05,-0.000565314,-2.21E-06,-2.49E-05,-7.61E-06,1.19E-07,0.004491759,3.15E-07,-38.06373962,0.000319373,0.001097606,-7.44E-05,0.000162008,-0.000131163,-0.000212178,0.991466376,1.032376999,0.999249039,1.521250069,0.351688286,1.024907588,1.65282922,0,1.470476524,0,0.912984451,280.090472,514047621
1288557,4.578820277,4.925733418,10.21058174,60.03537931,0.799609886,3.001141518,1.093066603,1.60786947,0.910326121,0.525004534,7.904963804,33.49503113,0.003368249,4.38875921,0.00022138,0.013634292,-0.002509582,-0.003537232,-0.000104874,2.81E-06,-0.000534016,-3.10E-06,-4.79E-05,-6.86E-06,0.022017057,4356.782881,1.52E-17,-0.902040194,0.000265726,0.001196175,-9.76E-06,0.000133987,0.000186238,0.001326942,0.87912346,1.007636309,1.000612697,0.409382536,1.560769662,0.851200581,1.12678833,0,0.785815238,0,1.008511707,277.3055978,515490006
1291177,14.41958428,4.612051594,23.66622786,54.15729455,1.169891989,1.549709605,1.133525825,1.479773123,1.027230656,0.493995138,8.027774866,32.13557281,0.005227532,4.173302995,-3.60E-06,0.012298331,-0.003047884,-0.00454593,-6.56E-05,-6.08E-07,-0.000534798,-1.33E-06,-1.82E-05,-8.02E-06,0.006597473,1.435986597,0.005824882,-1.049420729,0.000318753,0.000958067,8.69E-05,0.000194547,-0.000220873,0.001993111,0.854943921,0.918153221,1.159550311,1.308725296,1.011911804,1.059359999,0.860655347,0,0.711907156,0,1.017003497,277.4087119,516535386
1294088,2.223877735,4.674328121,26.91895344,27.07723667,0.713517502,2.374638034,0.948533659,1.697879428,0.40377274,0.268066835,7.791261427,37.67365164,-0.001343222,2.11636258,0.003312481,0.017471683,-0.00306035,-0.004767463,-3.57E-05,-4.17E-06,-0.000475921,-2.42E-06,-3.06E-05,-8.42E-06,8.57E-07,1.28E-05,2.89E-05,-2510.653844,0.000258204,0.001054314,2.01E-06,0.000110141,-0.00018107,0.001450031,0.978903757,0.926381299,1.171021919,0.678148214,1.057902703,0.728996367,0.932140049,0,1.830584833,0,1.000171938,277.9292445,517696875
1294822,1.449620214,2.852625767,29.86733322,76.49614628,0.874420778,2.461008627,1.518196921,1.464914621,0.645472382,0.382927218,7.909941791,33.044256,0.003024749,2.636564142,0.001992498,0.015231751,-0.002101746,-0.002858562,-5.16E-05,-1.60E-05,-0.000569841,-1.39E-06,-5.74E-05,-6.94E-06,0.043328998,6.50E-43,2.473627924,-1.981436501,0.000262428,0.001829513,-5.59E-06,0.000136181,0.000209291,0.001767624,1.001397371,0.987512633,1.070691179,0.909671609,0.927261085,1.160854165,1.072355089,0,0.743649875,0,1.008836737,278.9919424,517989741
1297548,1.095015194,3.130828228,15.94451997,119.9611521,1.421088384,2.24930105,1.138231144,0.906826279,0.160786609,0.444437828,7.482070698,32.03830323,0.006287569,0.475515686,0.003167763,0.018841823,-0.002352057,-0.003688373,-5.27E-05,-1.13E-05,-0.000514005,-3.33E-06,-6.86E-05,-7.36E-06,0.005260967,2.60E-18,0.409576291,-1.363012224,0.000199704,0.001695613,2.17E-05,0.000113249,0.0002124,0.001566477,0.929191283,1.070763044,1.024867945,0.426375538,1.052310084,1.487910145,1.489486823,0,1.351352896,0,0.977850057,275.5938764,519077415
1298712,9.50629721,4.154139815,24.64103923,107.6128587,1.048185947,2.046267003,1.299441854,1.080261935,1.142124875,0.70316139,8.143766324,28.73185394,0.008605484,3.719229272,-0.002401381,0.030898355,-0.00586495,-0.003010967,-7.32E-05,-7.72E-07,-0.00052398,-2.76E-06,-2.09E-05,-7.20E-06,0.02074408,2.15E-39,2.83E-13,-0.775881118,0.000226475,0.000924946,-2.24E-05,6.27E-05,-5.83E-05,0.000959597,1.053485377,0.932743877,0.921591832,0.791401693,0.858185255,1.004723928,1.225093369,0,1.445400921,0,1.024908394,280.5856205,519541851
1300358,1.363536104,3.427723709,17.130844,121.4094745,0.895367709,6.474866487,0.980622283,1.253564246,0.684364763,0.498499821,7.630329061,31.42449659,0.007530843,1.334162501,0.000275685,0.004583787,-0.005310031,-0.001777745,-7.01E-05,-1.11E-05,-0.000457802,-3.12E-06,-2.21E-05,-7.41E-06,0.041789307,7.53E-43,0.725795423,-1.712315756,0.000249213,0.001477717,-3.88E-05,0.000173812,-0.000212261,0.000893732,1.118589129,0.986360004,0.972740125,1.441362985,1.017761535,0.943507766,0.918841284,0,2.344173439,0,0.988166571,277.4445376,520198605
1300573,4.234896842,3.402487172,18.53287288,89.22742025,1.098212934,3.663336504,0.729339064,1.211542204,0.382566406,0.239872544,8.110890736,31.00959259,0.006347262,-0.513776596,0.004339863,0.024215658,-0.004681548,-0.003576309,-5.70E-05,-2.02E-05,-0.000558757,-1.20E-06,-3.96E-05,-7.78E-06,0.026580257,6.42E-37,5.63E-15,-0.814091957,0.000267822,0.001590305,-6.95E-05,4.79E-05,0.000319216,0.002082158,1.067155961,0.937313031,1.030942726,1.113117326,1.025625975,1.167483518,1.108848262,0,1.055938241,0,1.022577294,277.490831,520284390
1301992,4.997693343,4.147336208,19.92794325,81.23562935,1.040676146,3.114889432,1.227516799,1.410361444,0.676719248,0.491370857,8.634010139,26.0640915,0.010983723,4.234071551,-0.000406121,0.039030788,-0.004462282,-0.002174044,-8.44E-05,-2.73E-05,-0.000514045,-1.80E-06,-1.79E-05,-6.92E-06,0.03896207,6.34E-38,3.16E-13,-0.775302454,0.000251282,0.001381613,-7.54E-06,0.000143074,4.41E-05,0.000788947,1.262938186,0.859443909,0.842469881,0.536751869,0.881653518,0.905145504,1.402666307,0,1.072204188,0,1.061052943,276.7511962,520850571
1302924,4.708320218,3.954895879,26.31504034,140.2864815,1.473762909,2.736433642,1.766584569,1.192893225,0.370443134,0.368741679,7.454007162,32.26212725,0.003873812,2.567570571,0.002705711,0.033470567,-0.002580079,-0.00178383,-5.10E-05,-2.37E-05,-0.000560756,-2.61E-06,-1.47E-05,-7.51E-06,0.007578328,1.46E-11,0.179365505,-2.101680579,0.000244825,0.001624806,-3.86E-05,9.96E-06,0.000310133,0.002118169,1.041918738,1.059178767,0.92337324,0.263291726,0.579319648,0.91083019,1.238935942,0,1.666938146,0,0.975560623,278.0484212,521222439
1304329,4.360276013,3.037724355,14.33558916,75.02256774,1.048346982,6.985167983,1.076079753,1.550078607,0.814871444,0.29641311,8.781898615,29.15661973,0.005802292,5.835079957,-0.00053185,0.007777061,-0.001790711,-0.002766102,-2.59E-05,-3.03E-05,-0.000521403,-1.63E-06,-3.34E-05,-5.13E-06,3.87E-07,1.35E-91,1.72E-06,-13035.29252,0.000170932,0.001152142,-5.32E-05,0.000142635,2.93E-06,0.001729127,1.159973661,1.084614341,1.017711094,1.579460052,0.781253907,1.199031297,0.65434016,0,2.017417966,0,1.071454821,277.3335656,521783034
1305464,17.45038727,4.49840871,29.30388832,80.90451986,1.480513743,3.200075418,1.598673075,1.264757899,1.404009773,0.425903566,8.911353238,38.5111871,-0.002099802,1.782688696,0.003565617,0.015469413,-0.002825295,-0.004826022,-5.50E-05,-2.14E-05,-0.000518519,-7.60E-07,-3.08E-05,-7.33E-06,2.12E-07,1.82E-06,2.78E-05,-2014.343937,0.00024092,0.001355976,2.97E-05,0.000123114,-6.68E-05,0.001074606,1.070277995,1.106088024,1.039413739,0.1946638,1.340581917,1.27926023,1.226832127,0,2.67555471,0,1.080948179,276.2404856,522235899
1306505,8.185798283,3.757605795,19.85168882,54.53360298,1.417602535,2.580046261,0.8584212,1.539569152,0.551485574,0.423576329,5.961859186,36.64426517,-0.000337953,3.658705133,0.00166086,0.01101,-0.004369991,-0.003257043,-5.79E-05,-6.35E-06,-0.0005082,-2.38E-06,-1.84E-05,-7.42E-06,0.004535104,6.06E-05,0.003934801,-1.752241938,0.000303092,0.001062257,6.43E-05,9.00E-05,-0.000109152,0.002048102,1.108211401,0.967776954,0.987347808,1.294267051,1.029211785,0.89468762,0.941274247,0,1.068929986,0,0.868366941,276.1092166,522651258
1307827,0.957894387,4.431230333,17.12075685,90.52956537,1.56792209,2.747911822,1.115041895,1.480243528,0.375231424,0.439992821,8.596864691,36.23696696,0.001389777,1.116764593,0.003066632,0.01996419,-0.00317907,-0.002533492,-5.97E-05,-3.28E-05,-0.000550511,-2.41E-06,-3.36E-05,-7.17E-06,0.03870585,4.90E-34,5.20E-12,-0.495456632,0.000240918,0.001504235,-0.000107548,5.22E-05,5.05E-06,0.000903724,0.991648983,1.004081179,1.068613404,1.372043451,1.270236445,1.20794813,1.519710617,0,0.915836918,0,1.058294956,276.3377637,523178736
1310557,1.452013502,1.835160262,19.4188511,115.2931339,1.176772651,2.205086609,1.44031241,1.269314,0.603084807,0.193820545,6.435172656,33.76982834,0.002875998,-0.688352331,0.004760504,0.03360804,-0.005857268,-0.002930474,-5.06E-05,-3.60E-05,-0.000558988,-8.51E-07,-2.96E-05,-6.87E-06,0.009801292,0.86686578,1.73E-11,-1.32963355,0.000212891,0.001419436,9.11E-05,0.000154084,-5.16E-05,0.001906412,1.156068991,1.049463915,1.169469949,1.465979449,1.240887874,1.041246678,1.113499214,0,2.022092913,0,0.900534376,279.09174,524268006
1311217,23.03234822,3.003183731,26.06198755,159.78564,1.13454432,1.963195657,0.924545406,0.69083675,1.737163118,0.473070155,8.024446032,33.81783031,0.001352231,1.074008288,0.005001453,0.022827061,-0.004862703,-0.0040545,-8.38E-05,-1.23E-05,-0.000511658,-3.18E-06,-3.88E-05,-6.90E-06,0.023310409,21.10123292,2.73E-17,-0.939399835,0.000227651,0.001578977,4.09E-05,0.0001655,-2.72E-06,0.001330601,0.955345472,1.106362558,0.909461891,2.227381885,1.231351913,0.982060585,1.514385509,0,0.175947225,0,1.01671632,279.8365653,524531346
1314387,6.044936651,3.785191234,32.63782882,52.45142415,1.143382447,1.133745974,1.285667101,0.982114804,0.65126477,0.445672516,7.378162961,34.02814433,0.001851526,2.090317621,0.003428094,0.025778564,-0.004204727,-0.003030026,-7.61E-05,-1.62E-05,-0.000516685,-1.76E-06,-4.20E-05,-6.73E-06,0.017460094,3.616194684,6.80E-18,-1.065254659,0.000265558,0.001645224,5.37E-05,2.82E-05,0.00016684,0.001586264,1.003932219,0.989044858,1.084108105,1.324631913,0.935780982,0.982519189,0.813799633,0,1.353917699,0,0.969529582,277.9879392,525796176
1317094,9.233116287,4.294008977,5.429471725,93.93590289,1.748299114,2.519506692,1.410946333,1.415413787,1.196574454,0.527236167,8.009633661,36.78162713,-0.000210352,-1.550715699,0.005562629,0.017679769,-0.004339327,-0.001983619,-7.18E-05,1.42E-05,-0.000559841,-1.65E-06,-2.03E-05,-8.88E-06,4.91E-07,8.17E-88,5.51E-06,-4016.51727,0.000229725,0.00104115,-3.02E-05,0.000273093,-2.03E-05,0.001196232,0.978590453,0.820384422,1.106420756,1.592462813,1.03771607,1.022354248,1.231722664,0,1.509790574,0,1.01572034,279.0041947,526876269
1319679,4.658418789,4.516289782,11.2612269,181.9129861,2.099137887,1.377736539,0.692442511,0.818324028,0.872333158,0.534469319,9.639551972,25.94674691,0.008228734,5.255982885,-0.0009844,0.025941584,-0.006362041,-0.004144012,-5.03E-05,-6.56E-06,-0.000478936,-2.16E-06,-2.37E-05,-7.78E-06,0.018573919,4.35E-34,0.010994189,-0.499618563,0.000241249,0.001309626,-0.000115675,6.28E-05,-9.75E-05,0.00275219,1.177388085,0.926066744,1.078388313,0.762853543,0.9769365,1.151179884,1.077243535,0,1.651513593,0,1.133711281,280.9246275,527907684
1321541,6.962297836,6.015940924,9.789316461,84.01897069,0.831725906,1.632901257,1.189278024,1.672617718,1.0420569,0.533757369,6.95599422,35.92704943,0.000900411,2.450267963,0.00114226,0.023811607,-0.006415469,-0.004739381,-7.51E-05,-1.99E-05,-0.000579931,-4.01E-06,-4.09E-05,-7.42E-06,0.013885517,155.3491397,1.82E-12,-0.537887559,0.000260304,0.001255589,-1.74E-05,8.99E-05,-0.000348198,-3.82E-07,0.900918913,1.145545106,1.161906522,1.787493214,0.653342702,0.801674279,0.960993441,0,0.612622587,0,0.93843273,277.9214423,528650622
1323293,3.230495629,4.68327104,6.939377681,81.83517837,1.045834916,3.02643994,1.430941243,1.813363109,1.057145698,0.693299221,8.349858219,35.59565836,0.000561235,0.87054747,0.003285898,0.031656816,-0.00235913,-0.001686906,-3.25E-05,-3.66E-05,-0.000589267,-1.65E-06,-2.47E-05,-7.62E-06,0.000929359,1.738752987,6.16E-28,-0.615690276,0.000174435,0.001621028,-5.99E-05,9.70E-05,0.000502561,0.000896746,0.944902673,0.984085547,0.827180044,0.642618966,1.074035712,1.133598291,0.82987796,0,1.738935177,0,1.039848517,279.7296252,529349670
1323398,10.8566178,2.982022305,13.04416772,301.4992881,2.02899047,2.692332451,0.621932907,0.707748254,1.088759605,0.462467999,7.673579043,30.53798906,0.004806549,2.351991565,0.002583212,0.0241434,-0.001648531,-0.00080764,-9.31E-05,-2.15E-05,-0.000554008,-2.71E-06,-4.49E-05,-6.44E-06,0.000541013,0.001108862,3.40E-27,-5.002802111,0.000277401,0.001030648,-0.000161337,3.40E-05,6.25E-05,0.001011475,1.006720078,1.100124276,0.959251139,0.958019996,0.929924721,1.002746858,1.029744927,0,-0.130145962,0,0.99156003,278.9993334,529391565
1324958,13.0337325,4.34892425,27.1530997,76.32825722,1.503497805,2.67109086,1.402875733,1.264641744,1.913325958,0.443800561,7.360712394,31.90680986,0.007644958,1.343989778,-0.001155321,0.002746968,-0.004831528,-0.005580883,-6.52E-05,-2.55E-05,-0.000575678,1.78E-07,-9.03E-06,-8.03E-06,2.41E-07,7.67E-08,8.27E-07,-4237.055436,0.000207845,0.001319493,-0.00020009,0.000156934,-0.000141694,0.001105239,0.971284993,1.003976844,0.832831632,0.947759756,0.75277068,0.698916718,0.755259085,0,0.75564693,0,0.967833876,278.2875729,530014005
1325640,7.246075284,3.670492216,17.90943369,113.5074594,1.420467686,2.046153428,0.534904785,1.238007945,0.957600396,0.484460385,8.534427393,27.90903567,0.010819287,3.505072992,-0.002176004,0.028382031,-0.004394695,-0.003209827,-6.07E-05,-1.63E-05,-0.000541262,-3.00E-06,-3.43E-05,-8.02E-06,0.00846758,1.26E-11,0.675910882,-1.103476089,0.000220784,0.001359545,-0.000148439,-1.50E-05,7.08E-05,0.000932903,0.935290111,1.086041494,0.988432401,0.786512005,0.65006718,0.955373313,0.924729653,0,0.236929227,0,1.054245322,277.9928717,530286123
1326771,18.76941908,2.353397896,34.73409254,215.1204888,1.335647959,1.283259702,1.457076912,0.590604772,1.294575488,0.411868572,7.307478499,29.20940444,0.01037571,1.777218297,-0.000712189,0.006466056,-0.004436784,-0.002094059,-5.58E-05,-5.57E-06,-0.000595638,-2.04E-06,-3.73E-05,-8.70E-06,0.018167472,120555.0936,1.25E-16,-0.661338919,0.000201122,0.001343597,3.83E-05,8.07E-06,3.62E-05,0.000585146,1.071301298,1.114775442,1.019139478,0.705088345,1.257738395,0.705746894,0.511269513,0,1.921429568,0,0.964101817,276.5215128,530737392
1328023,6.619787793,4.863533472,35.90267617,46.83173269,1.587974749,2.256175099,1.621509351,1.449214046,0.762944193,0.342309025,6.428508167,32.23202265,0.004435877,4.361011257,-0.000165718,0.025235175,-0.00276312,-0.001733393,-7.81E-05,-7.64E-06,-0.000525073,-3.39E-06,-1.05E-05,-8.25E-06,0.000852605,0.01944806,1.94E-28,-2.491494782,0.000259027,0.001462204,-8.27E-05,0.000123465,-4.51E-05,0.000370096,1.058252853,0.871327631,1.002255298,1.087147817,1.041321206,1.298318511,1.239611793,0,1.206649331,0,0.900052732,276.6665252,531236940
1329149,9.571865538,3.440695847,21.29940175,62.32589163,1.179179696,1.398811368,0.941307327,0.999084829,1.21837361,0.390553608,7.018162824,31.20753877,0.008118671,3.070313761,-0.001393355,0.029219581,-0.003129155,-0.00206435,-4.74E-05,-1.74E-05,-0.000545223,-2.27E-06,-3.68E-05,-6.96E-06,0.008611939,1.71E-12,0.005133559,-1.148834331,0.000252516,0.000994294,-4.87E-05,7.55E-05,-0.000145013,0.000435692,0.959805678,0.978126969,0.881623492,-0.120768299,1.11399437,1.057771284,1.250786634,0,0.401864118,0,0.942605413,275.4660197,531686214
1333625,9.480003707,3.670051285,9.732871173,104.3094673,1.314580592,3.124533992,1.481889739,1.327282582,1.088134689,0.677477182,6.977612183,34.15351407,0.002838422,5.78538476,-0.000685606,0.032739316,-0.001819074,-0.004173699,-4.80E-05,-1.09E-05,-0.00051656,-2.20E-06,-2.25E-05,-7.57E-06,0.005483383,3.73E-10,0.089977289,-1.310963281,0.00028487,0.001273624,3.53E-05,6.72E-05,0.000146825,0.000682096,1.106323898,1.007009025,0.973375404,0.003424384,0.974300061,0.9286137,0.971026511,0,1.448313288,0,0.939596803,275.1459627,533472138
1336302,3.595931202,4.917208128,22.37590372,30.72380099,1.910345724,2.030779188,1.019451426,1.23672677,0.415743975,0.379269873,6.832333971,31.74932752,0.003016054,1.413819137,0.003996024,0.020889787,-0.002319756,-0.001927865,-5.63E-05,-2.12E-05,-0.000493402,-2.85E-06,-4.04E-05,-8.26E-06,5.03E-07,2.81E-89,1.30E-05,-254.5913599,0.000189409,0.001417006,-9.72E-05,0.000155826,4.16E-05,0.000747918,0.956595689,0.910257385,1.108446885,0.894977716,0.675931625,0.851058957,0.521497188,0,1.252881345,0,0.929236304,279.0528152,534540261
1336886,4.022269786,5.605380045,23.23587049,40.83271945,1.61742114,2.206852625,1.713988853,1.692989385,0.922211537,0.32992357,7.006539027,36.94967551,-0.000629781,-0.134796172,0.004283996,0.035675424,-0.002394026,-0.002844844,-5.18E-05,-8.45E-07,-0.000581728,-1.75E-06,-1.46E-05,-7.63E-06,0.002286022,0.6886263,1.31E-11,-0.378853912,0.000222059,0.000869736,-0.000124088,9.07E-05,0.000132045,0.001122524,1.028912013,0.912371028,1.104621993,0.591826978,1.084470564,1.101409902,0.967781028,0,1.113968154,0,0.941722834,278.8294438,534773277
1337287,7.962646134,5.532900648,13.64601475,108.3487802,1.35504582,2.32640186,0.841155479,1.258608786,0.899895848,0.578085617,9.750840312,30.30392296,0.005301602,4.527247618,-0.000573239,-0.000448461,-0.004409838,-0.004334286,-5.47E-05,-1.48E-05,-0.00055859,-1.57E-06,-4.01E-05,-7.92E-06,2.81E-07,1.45E-05,7.84E-08,-7476.183996,0.000331951,0.00120821,-7.20E-05,9.65E-05,-0.000108454,0.001229945,1.044113157,0.916438992,1.094491169,1.955151217,0.543251145,1.073341815,1.345701289,0,0.861227886,0,1.141576681,280.1856087,534933276
1337989,15.70958433,3.595470438,5.112729944,64.84181389,1.125833326,4.237807757,0.629118171,1.395405614,1.278217892,0.554415868,7.812015835,30.94075589,0.003791509,2.058962887,0.002837078,-0.003468682,-0.004317592,-0.002909761,-9.61E-05,-2.87E-05,-0.000511751,-1.33E-06,-4.27E-05,-7.64E-06,0.005798573,0.020771714,0.027007625,-1.42042647,0.000245158,0.001498934,-5.20E-05,-3.15E-05,-0.000251635,0.001081007,1.041203456,1.074487156,1.082940525,0.555042516,1.153473613,0.897590943,0.771935582,0,1.195332591,0,1.001581451,281.820426,535213374
1339224,9.351780151,4.583143284,7.75650646,140.1314866,1.281712385,3.158516012,0.705181794,1.344798987,1.502209031,0.465680038,7.705244145,34.17123209,0.002948322,3.854040734,0.001445938,0.032256025,-0.004255108,-0.002538319,-6.41E-05,-2.88E-05,-0.000501908,-3.35E-06,-4.88E-05,-6.16E-06,2.05E-07,1.04E-05,1.78E-05,-2766.465889,0.000330171,0.001019882,-2.07E-05,0.000164714,0.000114404,-0.000604674,0.931906415,0.862196604,1.099410757,0.801490037,0.502222859,0.963372281,1.110325281,0,0.94782614,0,0.993862853,273.7494296,535706139
1341592,3.602621407,4.157580967,10.73472064,272.3904454,2.080594695,2.410183839,0.993056378,0.906921688,0.722465715,0.495379524,7.650597132,35.96657229,0.000200523,0.933120658,0.004674794,0.024143032,-0.002824161,-0.002284801,-8.39E-05,-2.70E-05,-0.000590963,-2.98E-06,-2.33E-05,-6.56E-06,4.99E-07,2.31E-87,4.81E-05,185.4714532,0.000221769,0.001001349,-0.000134015,0.000103839,-0.000225514,0.000730491,0.976761465,0.976691031,1.138150311,0.08454091,1.356633476,1.115430657,0.529060901,0,1.1410924,0,0.989597064,276.8318014,536650971
1341901,1.777253953,5.227378299,18.11523333,50.66728106,0.844542063,2.030096567,1.47237174,1.224327929,0.217837352,0.398884546,8.297325909,32.94867044,0.00508275,1.783243748,0.002136856,0.020079101,-0.004343925,-0.003743138,-3.40E-05,-1.28E-05,-0.000485397,-1.03E-06,-4.99E-05,-5.63E-06,0.016115503,2.61E-32,0.104384063,-1.180848,0.000214011,0.001214851,-0.000103779,6.89E-05,-0.00039621,0.002017142,0.859869348,1.085717514,0.766389981,1.969994055,1.150164504,0.92268777,1.288230085,0,0.897850092,0,1.035916484,275.5042039,536774262
1342024,6.082491564,2.694412243,25.46404496,71.98874163,0.697671581,1.434151166,0.586499843,0.931291121,1.026914455,0.471961461,6.993972219,34.34568989,0.001583452,1.101676065,0.00307105,0.028233936,-0.003266067,-0.002325624,-5.83E-05,-9.23E-06,-0.00051368,-2.17E-06,-2.72E-05,-5.60E-06,0.003492786,100.7853389,0.01240374,-0.969061083,0.000169135,0.001144644,-0.000137445,9.54E-05,0.000242863,0.000167837,0.907021322,1.028581217,0.926174103,0.811674763,0.753377607,0.911888847,0.977222752,0,2.309147414,0,0.940629864,279.599952,536823339
1343614,2.244837469,2.759339836,12.3200313,69.82245244,0.732462077,3.997267568,1.206922283,1.242544608,0.31803262,0.383496193,7.547670247,38.87125956,-0.002650429,1.477458926,0.003482798,0.018453593,-0.00362507,-0.004451907,-6.49E-05,3.20E-05,-0.000635381,-4.56E-07,-2.89E-05,-8.08E-06,3.44E-07,1.68E-91,1.95E-05,-3985.708563,0.00024793,0.001515156,-0.000131839,0.000217191,0.000325248,0.000588868,1.1896964,1.087594302,1.021842524,0.832811127,1.033613628,0.983873117,0.541298745,0,2.103724968,0,0.982126907,278.2181518,537457749
1345977,7.486412361,4.73993998,15.57717699,97.18051709,1.135821094,2.078232866,0.791702731,1.303975584,0.717503722,0.434075848,8.316190174,33.08783131,0.004053097,3.770506312,0.001071141,0.033534129,-0.002281366,-0.001161563,-9.44E-05,-3.24E-05,-0.000559498,-1.66E-06,-3.85E-05,-7.97E-06,0.017744819,34.14426352,6.44E-16,-1.221267823,0.000257819,0.00138276,-9.45E-05,7.22E-05,0.00040177,9.70E-05,0.990830491,1.022887074,1.123849947,1.107871857,1.124962342,0.906316166,0.506787184,0,1.467770569,0,1.037482458,277.2487783,538400586
1348362,22.84530027,4.10104038,9.51711958,89.28744301,0.725884739,2.445488666,0.609393207,1.099725062,1.53530186,0.43257023,6.987565275,31.50410333,0.003338923,0.999837796,0.004884784,0.023460032,-0.003422329,-0.00348458,-7.37E-05,2.39E-06,-0.000522908,-2.57E-06,-4.32E-05,-7.04E-06,1.39E-07,0.000631691,2.70E-07,-364.7454728,0.000233102,0.001785349,-6.40E-05,6.27E-05,6.85E-05,0.001827596,0.871525963,1.050469675,1.159205487,1.318106875,0.87531193,0.885607048,1.221263789,0,1.475370489,0,0.940073138,279.675488,539352201
1348837,1.109453218,3.37808902,15.83252644,60.08558324,1.382119285,2.831557098,0.842029448,1.470173967,0.525677355,0.192759474,5.72343683,28.11912491,0.006261494,4.71554121,0.001000589,0.006851271,-0.002754985,-0.000599005,-2.31E-05,-2.79E-05,-0.000484558,-2.53E-06,1.46E-06,-6.14E-06,0.092307091,1.56E-36,0.383138132,-0.457403174,0.000250429,0.001140119,-0.000172545,0.000240645,0.00026056,0.00048849,0.989029769,1.13963169,0.997614882,0.520914163,1.075504188,1.234330541,0.479175724,0,1.904291929,0,0.849297148,279.2786354,539541726
1350547,12.85835639,3.992817005,12.13928317,143.2455395,1.132706062,2.974198377,1.054758612,0.712229686,1.176264915,0.544093086,6.346918959,31.11123745,0.004817124,5.053736896,-0.000791419,0.008007472,-0.003926112,-0.001829895,-4.05E-05,-1.04E-05,-0.000585686,-3.05E-06,-3.52E-05,-7.21E-06,0.075516617,1.34E-43,0.40119855,-0.954136993,0.000192432,0.001393303,9.54E-05,0.000104244,0.000108863,-0.000120484,0.931353097,0.980769827,1.001172295,0.507526082,1.072840897,1.11572754,1.610351342,0,0.450882088,0,0.894999227,279.5404068,540224016
1351055,12.96383168,3.655647614,17.3755179,78.67181847,1.136272226,2.631526099,0.801773552,0.614842869,1.171677698,0.601723156,8.186809111,35.01782366,0.000881985,0.313843522,0.004961597,0.023417255,-0.00216629,-0.003470919,-7.49E-05,-9.29E-06,-0.000540151,-1.61E-06,-2.24E-05,-7.37E-06,0.024542499,634.1489062,2.65E-18,-0.91786114,0.000180036,0.000935604,-0.000179357,0.000173923,0.000208025,0.001487384,0.999482274,1.046103334,0.89150443,0.769766521,1.017315157,1.015651626,0.9514938,0,1.221932406,0,1.028252086,277.8935492,540426708
1351455,16.83016101,4.157329663,30.24166439,132.3657306,1.353962895,1.648467233,1.155152484,0.941016529,1.785705471,0.576162873,8.373089173,38.89815238,-0.001975054,0.477643311,0.004048984,0.006351306,-0.001460238,-0.001461423,-4.28E-05,-2.82E-05,-0.000568461,-1.62E-06,-4.12E-05,-5.14E-06,0.004852775,4.16E-22,0.012366103,-2.597233146,0.000258296,0.001529079,2.47E-05,0.000100308,-0.00047852,0.001656002,0.772708871,1.041041855,1.05536634,1.466286091,0.941637456,1.084067264,1.690967605,0,1.443049925,0,1.042275044,276.6577503,540586308
1352847,3.866446875,2.869690877,6.898718568,31.72609056,1.105353031,4.622456371,0.88677467,1.565554438,0.648837342,0.53228063,8.013493497,39.20122961,-0.003659035,0.840698571,0.005982104,0.023796821,-0.005083245,-0.004612798,-7.00E-05,-2.45E-05,-0.000580954,-8.60E-07,-4.33E-05,-6.71E-06,0.003944675,0.870774961,0.016061759,-1.306797146,0.000264142,0.00133159,4.48E-05,0.000217263,-0.000136632,0.00122928,1.141331674,0.80550671,0.964594411,0.234635868,1.057392809,0.941257424,0.934659575,0,1.640370928,0,1.015954014,275.9401053,541141716
1356175,8.919567516,3.79788456,13.17173584,140.2087615,2.00031601,2.42157383,0.910341044,1.225643057,1.37085456,0.499481483,9.572305769,35.18632316,0.002661873,1.916876394,0.002328859,0.027058109,-0.002092842,-0.000343985,-5.58E-05,-4.84E-06,-0.000645713,-2.43E-06,-3.42E-05,-6.36E-06,0.028945252,2.76E-35,0.004902867,-0.620094857,0.000212697,0.001776797,-9.66E-05,0.000139369,-0.000344581,0.001290234,0.992444677,0.996487012,1.124297244,1.7621155,1.030387585,1.197349903,1.140945632,0,1.463145422,0,1.128611511,275.4094296,542469588
1357554,22.47728976,2.542951172,15.78363715,49.24240329,0.605987814,3.880635706,1.102123632,1.206746068,1.355306572,0.486020655,6.467327876,34.37139136,0.000661862,0.100871943,0.00560802,0.003157912,-0.002305597,-0.003267148,-6.83E-05,-3.19E-06,-0.000498421,-2.96E-06,-2.93E-05,-6.42E-06,1.48E-06,2.75E-07,1.19E-05,-3209.517697,0.000187746,0.000946292,-0.000116356,6.61E-05,0.000268737,0.000819611,1.121010641,0.98532452,1.022510529,1.027262884,0.710769011,0.932336044,1.192291037,0,1.156722169,0,0.902870907,278.6863278,543019809
1357784,5.370416719,3.620741674,13.61248065,71.3647441,1.377822338,2.019719861,0.918380005,1.285543077,0.703446246,0.273409381,6.905806596,31.62517863,0.00415003,1.624612548,0.003614995,0.018641233,-0.000755162,-0.002071688,-4.02E-05,-2.01E-06,-0.000531076,-2.74E-06,-5.13E-05,-6.95E-06,0.070133414,3.60E-40,0.27224316,-0.470996813,0.000195966,0.001069076,-0.000185086,8.07E-05,0.000212019,0.001093764,1.047879086,1.059223811,1.032474109,0.377883574,0.924278019,1.061202244,1.210680049,0,0.20107894,0,0.934661343,277.6237426,543111579
1362281,8.303093922,3.688844703,9.184307464,65.14335751,0.747561122,5.554255486,1.110802466,1.977563443,1.15079608,0.491471704,7.499332623,34.70022435,0.001633961,3.569608531,0.001138353,0.017735166,-0.003951516,-0.004602809,-6.53E-05,-4.59E-05,-0.000663422,-4.27E-06,-3.76E-05,-7.09E-06,4.43E-07,9.51E-93,9.43E-06,-3643.208564,0.000196187,0.001298424,-6.09E-05,0.000103893,-4.89E-05,0.001543228,0.988801104,1.155286244,0.934542231,1.14308454,0.928066463,1.02109615,1.059308438,0,1.616639556,0,0.978968016,277.6809889,544905882
1363959,2.142324523,2.894975583,15.51520602,92.57947297,1.02850817,2.809538224,0.99800216,1.20459953,0.800081589,0.488103177,7.269969905,29.13368178,0.007037946,1.702366008,0.002281834,0.019337598,-0.006346485,-0.003031104,-6.54E-05,-4.51E-05,-0.000487949,-1.43E-06,-3.80E-05,-6.65E-06,3.95E-07,9.59E-11,1.12E-05,-3030.090228,0.000257345,0.001378184,-0.000159078,2.28E-05,-0.000143092,0.001612406,1.110795427,0.8811466,1.128344462,0.266293851,1.512776709,0.86908152,1.386307699,0,0.555228335,0,0.961070541,280.0143537,545575404
1366168,3.733251819,3.016873992,11.60045532,53.73081101,0.645183249,4.280344334,1.224346877,1.464180181,1.41498636,0.515898976,6.682358844,30.48016883,0.004913438,2.314885821,0.001848745,0.027816913,-0.003266169,-0.003293097,-6.29E-05,-3.25E-05,-0.000498842,-4.25E-06,-6.38E-05,-7.54E-06,2.87E-07,1.73E-05,1.63E-07,-8614.783503,0.000266792,0.001991908,-3.50E-05,0.000197309,-0.000276026,0.001341123,0.839047993,0.876509244,1.122567066,1.512139274,0.880241324,1.155272411,0.57831877,0,1.453343538,0,0.918704531,281.7232123,546456795
1367703,8.240388859,4.178964876,11.77338439,77.80437874,1.218424574,1.898235665,1.051277354,1.135909857,1.332856708,0.462743236,7.201253094,28.07767078,0.009803378,4.610029702,-0.002874681,0.031769457,-0.004321757,-0.001570689,-5.82E-05,1.44E-05,-0.000618561,-2.72E-06,-3.68E-05,-8.88E-06,0.000646867,26.44006319,3.14E-29,-0.458766501,0.000174447,0.001437214,-0.000191626,0.000161432,-0.000530236,0.000685817,0.899297234,1.180971297,0.746505972,1.813898601,0.674151378,1.069052683,1.442997879,0,0.462677037,0,0.956146755,277.9246848,547069260
1367745,6.738937791,2.181653812,12.69847571,106.8107093,0.82092942,4.289536614,0.898416366,1.410382401,0.737999731,0.312937402,7.58352479,34.14303291,0.001997338,0.040266031,0.003061169,0.006058475,-0.001768361,-0.004325864,-8.00E-05,-4.62E-05,-0.000591222,-3.78E-06,-2.54E-05,-5.60E-06,0.105568478,2.72E-37,36.41873173,-0.716332555,0.00018209,0.000917472,-7.44E-05,0.000109073,-0.000105577,0.000353099,0.818977431,0.937575104,0.94949764,0.094897192,0.838081857,0.960150855,1.32544312,0,0.264999832,0,0.984769502,282.0081459,547086018
1368900,1.000091806,3.109664825,24.30429983,113.7948768,1.034639861,2.150488495,1.077628976,0.952827975,0.518692934,0.335139382,7.529873702,31.68168943,0.003124234,4.903830069,-0.000141156,0.016580933,-0.00655473,-0.00140611,-7.17E-05,-1.94E-05,-0.000503116,-2.29E-06,-8.42E-06,-6.74E-06,0.001375328,6.196548215,2.24E-27,-0.95438128,0.00023464,0.001414033,-8.46E-05,0.000266833,5.84E-05,0.000521127,1.139584808,0.944152693,0.900453311,0.261479592,0.915147741,1.288363658,0.528422348,0,2.083388507,0,0.980721005,281.4684636,547546863
1369055,2.330393434,5.621444274,18.59749133,65.14583274,1.172426383,1.859765594,0.902538626,1.644641704,0.441886696,0.433354352,8.136530824,36.92437904,-0.000367854,2.383703242,0.002707051,0.012577038,-0.004572762,-0.003844585,-6.97E-05,2.07E-06,-0.000567331,-2.88E-06,-3.00E-05,-6.77E-06,0.002404874,305.9875385,0.003628829,-0.950280379,0.000287124,0.001778589,-2.60E-05,0.00014897,-0.000116747,0.001858752,1.065622432,1.069448851,1.055031495,0.683095604,0.981833619,0.869414244,0.821974983,0,0.747381392,0,1.024581492,277.9157671,547608708
1372447,4.085318498,3.529343539,10.28306911,128.3021043,1.415351577,3.414868915,0.966133437,1.022810753,1.44324266,0.548451092,7.159546721,31.17173662,0.005552973,1.291330245,0.001661153,0.02004176,-0.004362258,-0.002423508,-8.55E-05,5.37E-06,-0.000587254,-2.18E-06,-4.49E-05,-7.90E-06,0.008656511,1.67E-12,0.00530841,-0.591670293,0.000126929,0.001234635,-0.000105228,6.66E-05,0.000166197,0.001206608,0.959985528,1.135237774,1.022998781,2.077679724,0.968680861,1.043341123,0.798061547,0,0.942127369,0,0.95276417,279.6582445,548962116
1373263,11.47540416,4.092509695,19.2476514,56.33789039,1.144017104,2.130783535,1.20787562,1.401088678,1.31503164,0.574625859,7.496612544,30.67024674,0.007509685,1.190796264,0.000635334,0.022663231,-0.003970953,-0.001967201,-6.09E-05,-9.58E-06,-0.000555316,-3.44E-06,-7.45E-05,-6.22E-06,0.001080624,1.102607952,1.10E-25,-0.969574211,0.000261292,0.001142045,-0.000127228,9.70E-05,-0.000248541,0.001561134,1.008420909,0.903449146,0.973513601,2.281713055,0.824487644,1.009956919,0.908821362,0,1.26946839,0,0.978819413,279.3313119,549287700
1373552,5.722348403,4.807130263,21.6818118,130.2520737,1.493814458,2.93433472,1.398233249,1.310077246,0.717278734,0.627433271,8.862407419,38.84155973,-0.000765121,1.220182648,0.00261413,0.009633379,-0.001660229,-0.002099266,-5.81E-05,-3.44E-07,-0.000573166,-3.00E-06,-4.22E-05,-7.34E-06,0.012291589,3.82E-35,0.082688289,-1.328408346,0.000198803,0.00126512,0.000130694,0.000154822,0.000115295,0.001111824,1.060560614,0.972359291,0.867131334,0.082660582,1.379879053,1.195125026,0.794109942,0,0.940211918,0,1.077644348,274.753567,549403011
1376203,4.374733538,4.088847372,22.18329907,38.45277331,0.695757945,2.316816836,1.35064606,1.625002671,0.858139791,0.535024551,5.871084072,34.46969543,0.000668929,1.544954532,0.004841018,0.034767952,-0.003624624,-0.000455585,-2.28E-05,7.23E-06,-0.000594576,-4.09E-07,-7.81E-06,-6.82E-06,0.008529025,0.000467817,7.66E-17,-1.380921056,0.000210458,0.001168097,-3.54E-05,8.40E-05,-0.000295745,0.000654068,0.95307626,0.904513355,0.961035828,0.408314128,1.191662855,1.102635947,0.796644703,0,1.034331143,0,0.860956696,276.927837,550460760
1380735,6.352447576,6.084727691,20.89382417,54.18423405,0.966243346,1.18501623,1.303249976,1.690183675,0.483444364,0.447708059,6.430979525,34.79392702,0.001013906,-0.196519056,0.004658743,0.026989941,-0.001836501,-0.002798669,-4.66E-05,-9.20E-06,-0.000507979,-2.27E-06,-4.13E-05,-7.04E-06,0.025916583,1520.222373,6.81E-17,-0.725034456,0.000281085,0.00068863,-0.000134979,5.07E-05,0.000297649,0.001122977,0.933328968,0.979134548,0.926640196,0.991397653,1.158387276,1.04506357,0.83495142,0,0.438304004,0,0.900198692,279.7520967,552269028
1380896,4.727872155,4.524846093,16.95466697,159.7509191,1.116269965,2.42053301,0.769227558,1.001403527,0.696918298,0.754406999,7.984699974,33.70831145,0.001330512,4.929579639,0.001084257,0.024854407,-0.001462026,-0.003531745,-7.19E-05,-1.93E-05,-0.000537114,-3.83E-06,-4.71E-05,-7.07E-06,7.79E-07,2.55E-06,9.98E-06,-5671.832609,0.000261649,0.001229333,8.98E-05,0.000108746,0.000220812,0.001096425,1.35846379,0.951597676,1.070386106,0.669444087,0.913104559,0.85014872,1.063224372,0,1.097779049,0,1.014209022,277.6197289,552333267
1382369,6.602080385,3.676463156,20.90544729,64.92504244,0.708951909,6.85684803,1.49427447,1.303699836,1.153752179,0.597417015,7.190601422,32.82134373,0.003704076,2.344464977,0.002200802,0.004939605,-0.004672786,-0.005949284,-6.57E-05,-6.48E-06,-0.00054487,-2.78E-06,-3.65E-05,-6.36E-06,1.02E-06,1.04E-90,2.97E-07,-2320.99579,0.000285594,0.000952129,-4.75E-05,0.000131341,-7.26E-06,-0.000296227,0.631478921,0.854744845,0.974941026,1.879213694,1.0393876,0.972339335,1.007959658,0,0.114367938,0,0.955226901,277.7735089,552920994
1385372,5.474811316,4.881053843,23.01730875,150.6924872,1.386539217,1.807641832,1.323844716,1.061060329,0.982639755,0.433780329,7.6651139,31.23936346,0.008554701,0.614955043,-0.000554285,0.020537289,-0.004416021,-0.001310229,-4.66E-05,-4.23E-05,-0.000643506,-3.23E-07,-4.80E-05,-8.28E-06,0.006164635,7.814557529,1.62E-18,-0.905709605,0.000240323,0.000981291,2.30E-05,4.45E-05,6.03E-05,0.000613867,1.222837654,1.033527555,0.826675346,0.794103169,0.816388535,1.243129408,1.228683104,0,1.114341886,0,0.990883498,277.7969527,554119191
1385735,16.30303638,3.602071061,26.40309559,74.26150681,1.445706317,1.804697385,1.246945816,1.029887441,2.168276794,0.440192428,6.842986403,35.4147833,-0.00021089,3.003724254,0.002171803,0.016214633,-0.002576773,-0.001781053,-4.78E-05,-4.22E-05,-0.000596677,-3.22E-06,-5.07E-05,-7.43E-06,0.005660937,8.67E-16,0.001144181,-1.982134114,0.000177169,0.001186827,-6.34E-05,0.000161891,-5.88E-07,0.00203942,1.270437967,1.042789144,0.919555839,0.935889378,0.998357957,0.936947804,1.028986523,0,2.185474367,0,0.930167635,279.6177047,554264028
1389541,7.96099326,3.487166283,11.4638491,86.35186616,0.856252527,2.156295718,0.693494483,0.824028799,1.27144127,0.368909283,6.065171942,31.44711595,0.006216814,5.110247784,-0.00134101,0.027982115,-0.006436899,-0.00088146,-5.76E-05,-2.01E-05,-0.000473515,-1.36E-06,-5.02E-05,-7.60E-06,0.007879609,432.1460184,3.78E-19,-1.34778235,0.000213261,0.001750906,-4.74E-05,0.000232965,2.68E-06,0.000784989,0.990751376,1.020079385,1.041212101,0.813260017,0.723064322,1.10282729,1.299368693,0,0.491195576,0,0.875471603,278.0900725,555782622
1393376,4.454632999,4.163615531,17.34599267,73.47668174,1.13959645,1.750949592,0.884668403,1.093829935,0.823883684,0.328237555,6.267587886,33.91518512,0.003225337,-0.549003652,0.004413343,0.023037356,-0.003004269,-0.004202321,-5.85E-05,-1.09E-05,-0.000506936,-1.37E-06,-4.13E-05,-7.91E-06,1.35E-06,1.87E-89,2.40E-05,-1850.221317,0.000260592,0.001555561,-0.000121658,0.000112212,-0.000340422,0.002397251,1.070215487,1.002122815,1.184804424,2.271909232,0.863484488,0.935441918,1.134075335,0,0.993554491,0,0.890025675,277.6713589,557312787
1393640,5.38016407,4.095214064,33.3658547,50.64194326,1.203522916,3.833453006,1.728813377,1.272002175,0.732943989,0.181208458,5.766126354,35.89392981,0.002734648,1.281147711,0.001426281,0.030438426,-0.003139571,-3.49E-05,-5.27E-05,-9.67E-06,-0.000545441,-2.87E-06,-2.82E-05,-7.69E-06,0.006528615,0.508314089,0.00210426,-0.823803789,0.000267311,0.001725195,-8.78E-05,0.000162703,5.58E-05,0.000148005,0.872369658,1.060537938,0.96667236,0.185312474,0.511498507,1.350252435,1.266021068,0,1.019396481,0,0.852943008,275.6013006,557418123
1393678,0.704565838,5.955732791,13.58638769,56.07413338,0.853907871,3.415153723,1.546355352,1.76558873,0.548994693,0.47748326,9.082041446,41.0931008,-0.004627572,2.360416057,0.003153442,0.021197113,-0.003670538,-0.00270064,-4.76E-05,-2.85E-05,-0.000534813,-1.54E-06,-2.28E-05,-8.49E-06,1.26E-06,0.012647338,2.97E-06,-19.74567716,0.000243071,0.000940414,-0.00010133,0.000165546,0.000153804,0.001077453,0.965662604,0.86124584,1.120117636,1.267528354,0.907644462,0.991503697,1.079896581,0,0.953706059,0,1.093114779,275.5553534,557433285
1394782,1.054250654,5.357917195,26.17170217,127.6787699,1.668570929,0.734716369,1.219385347,0.96560599,0.25806938,0.429059871,8.755375971,28.13151172,0.008671726,2.711352741,0.000613674,0.021630965,-0.004837946,-0.004030516,-3.61E-05,-1.80E-05,-0.000471258,-2.06E-06,-3.20E-05,-7.78E-06,0.00877536,0.063507719,8.32E-11,-0.277156279,0.000170381,0.001479836,-4.16E-05,0.00013111,-0.000107644,0.000957892,0.974281509,1.062387628,0.801267223,0.962059824,1.111434357,0.74779029,1.217376754,0,0.189007317,0,1.069461273,277.946156,557873781
1397463,5.068311496,3.514745754,5.925791559,253.1781092,1.810583547,3.258424885,0.574901259,0.726602119,0.900694354,0.632262558,8.921217551,29.66242179,0.007225306,1.792342305,-0.000676397,0.040140922,-0.002418159,-0.002008164,-7.27E-05,-2.68E-05,-0.000623046,-4.08E-06,-2.44E-05,-8.29E-06,0.07659465,5.21E-39,0.481309965,-0.957037524,0.000306683,0.001586892,-3.31E-05,0.000151357,-0.000513485,0.000349266,1.109566761,1.036753714,0.960382083,1.235045009,1.459962683,1.261930562,1.164482602,0,0.513046423,0,1.081747186,281.8045478,558943500
1398840,5.738696113,6.008710938,8.951273186,118.351514,1.282279213,1.441405661,0.758557122,1.326453875,0.621606343,0.624695002,7.75521024,36.94648889,-0.003666772,4.589526804,0.003234671,0.017763522,-0.002693217,-0.004374799,-5.06E-05,5.66E-07,-0.000520975,-1.09E-06,-2.26E-05,-7.97E-06,0.003895435,0.003825776,0.08347889,-2.139311975,0.000224465,0.001315444,7.34E-06,-2.07E-05,-0.000116427,0.000892359,1.311540107,0.949820697,1.174516588,1.301027339,1.110759902,1.005732244,0.67518666,0,1.421406349,0,0.997907456,280.503963,559492923
1400492,12.53143157,4.633596969,12.18529445,118.8652118,1.425661513,1.327212155,0.523392816,0.764207946,0.965402787,0.381072769,7.875647707,32.77478937,0.006882354,0.736574652,0.001432518,0.012776394,-0.002153329,-0.003950596,-5.49E-05,-2.36E-05,-0.000611596,-3.46E-06,-3.59E-05,-8.03E-06,0.018519713,0.000882704,4.38E-16,-0.841377465,0.00023345,0.001492057,-1.97E-05,0.000148394,-0.000198658,0.000803783,1.093495002,0.985717196,1.010829722,0.354557875,1.357828491,1.018609181,1.37663688,0,1.018687451,0,1.006504011,275.3202395,560152071
1400700,0.621391271,4.014004598,19.03035798,244.6830173,1.732478711,1.114155893,1.134392127,0.395917441,0.31012272,0.377097004,7.263949942,31.93935361,0.007237554,1.507587596,-0.00054778,0.015404393,-0.005672383,-0.004577101,-4.73E-05,-2.13E-05,-0.000549403,-1.84E-06,-1.93E-05,-7.48E-06,4.51E-07,4.23E-06,6.34E-06,-773.5767956,0.000225951,0.001379965,-9.93E-05,0.000119165,-0.000298165,0.000939872,0.91114854,0.869250078,0.716181521,0.467770628,0.81652287,0.995097411,1.423224205,0,0.789782923,0,0.960736627,277.7983174,560235063
1400769,21.43549864,3.67631653,14.06424518,146.3909597,1.297392286,4.873221782,1.253813136,1.142630146,1.330365119,0.672833485,9.999400377,32.45698659,0.003094535,3.068590264,0.001940375,0.017732601,-0.004066444,-0.003799394,-4.98E-05,-4.60E-05,-0.000558343,-3.05E-06,-4.44E-05,-6.49E-06,0.064415349,1.11E-43,0.574054806,-0.921940177,0.000185347,0.00136556,-4.72E-05,8.83E-05,-0.000343858,0.000849588,1.000250449,0.933635484,1.279237223,1.883424405,1.172376696,0.719050832,0.995382817,0,0.486050678,0,1.160239274,279.2575255,560262594
1401069,7.360499373,4.439199243,15.74694346,85.42029782,1.260832674,2.68344406,1.074377528,1.234497016,1.251292497,0.606510988,7.488435762,29.83905142,0.007457953,5.50467634,-0.001635351,0.01523971,-0.005083352,-0.003010179,-8.41E-05,-1.85E-05,-0.000583662,-3.48E-06,-5.14E-05,-5.78E-06,0.005651041,0.052947836,0.002568813,-1.596133828,0.000147649,0.001404852,-5.08E-05,5.72E-05,1.62E-05,0.001105912,1.017088106,1.118799844,1.110872116,1.391856426,0.500668442,1.167557904,1.099878546,0,1.31285587,0,0.978254083,276.8676421,560382294
1402659,16.94469849,2.456617392,19.97691753,56.49659499,1.166972783,3.452627116,1.06578476,1.219846006,1.670262135,0.18854071,6.166951833,33.24309233,0.003521321,2.854002659,0.00153484,0.02411358,-0.001781755,-0.002818175,-9.71E-05,1.42E-05,-0.000532354,-2.96E-06,-3.21E-05,-7.55E-06,0.020085831,8.106564861,2.65E-17,-0.895450419,0.000271162,0.001239833,8.82E-06,0.000109885,-2.24E-06,0.002042387,0.794085341,0.937427588,0.956042937,1.185298227,1.370214374,1.091488772,0.914129171,0,1.936694286,0,0.883244987,278.6549558,561016704
1402769,2.619382314,2.483167455,8.278899238,73.63241749,1.005267637,4.368720033,1.044166532,1.378225327,0.310810856,0.527904992,7.005816855,38.79739739,-0.002234246,-0.147392703,0.004230717,0.022133596,-0.002402711,-0.003198869,-9.23E-05,-6.81E-06,-0.000550681,-6.77E-08,-1.67E-05,-7.94E-06,0.000297439,0.2172857,6.26E-27,-1.698088965,0.000226377,0.001656029,-4.90E-05,7.36E-05,8.68E-05,0.001074631,0.889687337,1.072269331,1.153022269,2.348526352,1.561150185,0.873597454,0.912248097,0,2.418923619,0,0.941643726,279.4647392,561060594
1403711,1.89290901,2.681472713,10.8688603,68.64761158,0.687448774,2.864418441,1.275786774,1.661547314,0.575559459,0.304879419,6.89299885,27.1160171,0.007439559,7.276750081,-0.002497837,0.000815292,-0.007299041,-0.001129701,-7.09E-05,-4.37E-05,-0.000582644,-1.99E-06,-6.81E-05,-7.17E-06,0.015743539,6415.842516,3.88E-13,-0.458866174,0.000232126,0.001352044,-0.000150424,1.47E-05,0.00011991,-0.000370066,0.952532128,1.045877483,0.876039488,0.892911549,1.116142478,0.897015089,1.168110413,0,0.893832018,0,0.933854942,278.7543457,561436452
1405833,9.371069622,3.946589084,19.46516018,34.17378974,1.374791695,3.056992,1.462680191,1.232088513,0.685150613,0.469743786,8.477975117,34.47925693,0.000391504,2.435707801,0.002706839,0.017269015,-0.004630602,-0.004597787,-7.23E-05,-4.23E-05,-0.000546761,-2.58E-06,-3.25E-05,-6.39E-06,0.060776012,112.2661226,5.97E-16,-0.345667511,0.00030464,0.001325236,-5.94E-05,8.41E-05,-3.99E-05,0.000189567,1.013798784,0.970161759,0.932023432,1.19560189,1.02163029,0.706789556,1.03707658,0,1.104497934,0,1.050008441,280.9027334,562283130
1406689,6.897654593,3.554307322,9.898659201,44.65000797,0.916953806,3.790609175,1.117009963,1.651809984,1.415114108,0.466764966,7.694086612,31.37178495,0.007409781,1.870122235,0.00160584,0.013979025,-0.005618607,-0.002761143,-5.22E-05,-1.75E-05,-0.000546548,-1.71E-06,-2.69E-05,-6.96E-06,0.000634063,0.823617461,3.33E-27,-1.084357456,0.000286734,0.000982342,9.13E-05,4.15E-05,-0.000245306,0.00039626,1.279578478,0.921301723,1.08761676,0.486636633,1.175438242,1.08575559,1.077202272,0,-0.37404269,0,0.993257796,273.5671749,562624674
1408210,6.75303802,4.27742208,14.70353816,134.1581127,1.691818751,1.929154534,1.319286857,0.990871716,1.43596979,0.586875118,7.414653987,31.85974229,0.005917177,5.596735636,-0.001689016,0.026103314,-0.006328542,-0.003471978,-6.89E-05,-3.69E-05,-0.000553301,-2.99E-06,-3.08E-05,-8.10E-06,0.025745898,11.58384337,3.52E-17,-0.70001533,0.00022107,0.001669229,4.06E-05,0.000107837,0.000323379,0.001048724,1.150886691,1.033565307,1.126175951,0.783458462,1.175359956,0.902504014,0.896717019,0,0.56366738,0,0.972479815,276.2155751,563231553
1408904,5.064025351,5.168601163,19.04358125,112.2913911,1.320962589,2.117821026,1.188386606,1.452499217,0.830418834,0.539860559,8.825820184,30.12629731,0.005859582,1.763145098,0.003123017,0.01828011,-0.003201373,-0.001059703,-6.39E-05,-4.18E-05,-0.000574434,1.74E-07,-8.56E-06,-7.65E-06,0.000884463,0.009212651,5.30E-28,-7.162979805,0.000177435,0.000972694,-0.000111994,6.61E-05,0.000216431,0.000507048,0.979729467,0.879373874,1.132567375,0.632748601,1.161196822,1.14004971,0.915095975,0,1.977800139,0,1.074712711,277.8353213,563508459
1409482,1.857364867,4.053825507,20.36236096,64.61027196,1.179781416,3.18276512,1.141841143,1.199885993,0.615141228,0.376533018,7.239480247,39.03117088,-0.003254189,1.822986888,0.003450019,0.022257534,-0.005519193,-0.002556911,-7.25E-05,-1.39E-05,-0.000531386,-1.26E-06,-4.47E-05,-7.89E-06,0.01010741,44.3321779,5.12E-16,-0.535957513,0.000123623,0.000968616,-4.07E-05,2.01E-05,0.000296961,0.000562943,1.086339062,1.12209519,0.909066585,-0.011534855,1.557445219,1.127926832,0.86070705,0,0.436529415,0,0.959170911,277.9443312,563739081
1409520,6.594105796,3.541879731,23.92755246,108.1253379,0.929389526,6.832438049,1.244613157,1.177407237,0.924880446,0.54624488,8.067225588,31.80170746,0.00582678,1.431220526,0.000723038,0.016925528,-0.002542557,-0.002707502,-4.38E-05,-6.71E-06,-0.00051483,-3.37E-06,-4.26E-05,-6.14E-06,0.059269051,7.94E-45,0.944996689,-1.646954012,0.000203948,0.001510394,1.51E-07,0.000131542,0.000113904,0.000970811,1.135915426,0.951543738,0.991575832,1.679320235,0.755900397,0.897529375,1.497957202,0,1.41686759,0,1.01983846,279.8716074,563754243
1409967,5.825730542,3.917051661,16.81903348,75.62521705,1.097947251,3.031945621,1.881179805,1.547819542,0.856874549,0.757716926,7.252938505,36.30254228,-0.000934431,2.261132994,0.00232337,0.032075532,-0.001687259,-0.001799302,-5.65E-05,-2.75E-05,-0.000534086,-2.04E-06,-4.79E-05,-7.52E-06,0.082477114,6.88E-38,0.639358133,-1.224105498,0.000174722,0.001203179,6.30E-06,0.000106101,0.000256554,0.001141248,1.086002667,1.029843456,1.021832904,0.859130561,0.681015156,0.908907322,1.193871766,0,1.609150644,0,0.96012297,279.565269,563932596
1410299,7.97766098,4.325485134,19.29862767,79.66957643,1.051622605,3.246404363,0.789158348,1.306008917,1.192301929,0.617109201,8.494222681,31.11916561,0.005058169,4.813568427,-0.000232295,0.001706709,-0.004249073,-0.001518764,-3.79E-05,-3.41E-05,-0.000512569,-1.97E-06,-1.22E-05,-7.68E-06,0.002677577,3.86E-15,0.00012492,-4.299951583,0.00022282,0.001691116,7.43E-06,0.00014179,0.000433604,0.001094076,0.955501482,1.06792224,0.777271024,0.900725186,0.947367848,1.046030119,0.609117319,0,0.811411324,0,1.051186968,277.2757305,564065064
1411331,4.903017491,3.164982632,9.20023394,52.34290597,0.726345358,4.306508472,1.013056763,1.241086466,0.60427893,0.537344634,7.133212141,33.21343111,0.002037868,2.418871419,0.003398624,0.011739492,-0.004203185,-0.003541662,-8.04E-05,-3.95E-05,-0.000525073,-1.70E-06,-2.39E-05,-5.50E-06,0.009381896,443.3977146,0.003679176,-0.804536561,0.000235892,0.000858811,-1.13E-05,0.000129127,0.000240055,0.001081007,0.816236395,0.967767179,0.94784561,0.353350904,1.185843863,1.22124588,1.364078516,0,1.48560222,0,0.950767497,279.2719771,564476832
1411695,8.663696413,4.561471021,30.7566602,90.1944104,1.172282811,1.703289792,1.494822816,1.216700104,1.049793243,0.344902521,6.192944488,31.35388254,0.005588117,2.8381859,0.000241896,0.007205049,-0.004439729,-0.005271977,-5.74E-05,-4.20E-06,-0.000528604,-1.75E-06,-4.80E-05,-8.93E-06,0.002800197,0.000260454,0.005517485,-0.839241652,0.000212676,0.000476396,-6.95E-05,0.000126375,-4.72E-05,0.001109014,0.800753147,1.001859847,1.132317658,0.450225669,0.101080244,0.743946482,0.924967495,0,1.27138629,0,0.88497806,279.3173145,564622068
1413531,4.963473756,4.306355231,14.34586938,101.2130693,1.426854567,1.472152119,0.922941252,1.160482973,0.822141361,0.429062062,8.322663811,35.56589563,0.001945598,3.261701441,0.000613638,0.015069365,-0.004320017,-0.001534432,-7.52E-05,-1.49E-05,-0.000526422,-1.67E-06,-4.05E-05,-7.65E-06,0.005567788,1.493929441,0.024059706,-1.047681128,0.000237035,0.001687535,-0.000116486,0.000174612,0.000488961,0.001169162,0.98662218,1.03850521,0.829785169,1.480176554,0.950462508,1.150226642,1.297553154,0,0.225219854,0,1.038092933,276.6883351,565354632
1413656,3.494373017,2.954498266,18.91120518,75.1001486,1.308012274,2.080912899,0.861408505,0.819992376,0.676948914,0.312959503,7.891533744,32.87247112,0.002593941,2.840451895,0.001693425,0.022472217,-0.007666974,-0.004042257,-8.50E-05,-3.91E-06,-0.000565008,-2.18E-06,-2.45E-06,-6.75E-06,0.007997984,0.002143631,1.85E-18,-0.953724551,0.000215952,0.00096726,-0.000101591,0.000140967,4.23E-05,0.001804595,0.98599206,1.062527499,1.10398996,1.026654052,1.333291365,0.915766201,1.088507547,0,2.112187257,0,1.00767382,279.4111838,565404507
1415291,9.824925349,3.867276686,13.54776843,92.01726905,1.034204681,2.137166736,0.646388986,0.66416904,0.716976663,0.391304196,7.474721131,33.36664848,0.003623918,2.653597861,0.001903322,0.021328945,-0.002761769,-0.001730612,-4.52E-05,-4.05E-05,-0.000575099,-2.08E-06,-1.76E-05,-1.00E-05,0.008193108,125.4953399,8.41E-19,-1.246427144,0.000276926,0.00160724,5.54E-06,0.000118384,-0.000107186,0.000550582,0.985153037,0.890311863,0.982180695,2.25529246,0.837260271,0.844009991,0.714650844,0,-0.307959211,0,0.977212071,278.1310604,566056872
1416336,12.29435375,2.611340553,19.061855,67.96019681,1.296002434,2.835764215,0.718776262,1.0358807,1.471685589,0.177829599,8.400127934,31.74999385,0.004485473,3.025125422,0.002387543,0.017257258,-0.001012691,-0.002623439,-8.88E-05,-4.59E-06,-0.000527986,-1.97E-06,-4.09E-05,-6.09E-06,0.0448001,268.8223234,4.42E-18,-1.01768616,0.000256797,0.001135728,-2.92E-05,0.000231226,-1.08E-05,0.002196222,1.057497678,1.045480848,0.970690929,0.377220748,1.084567099,0.798764861,1.199605451,0,0.911480149,0,1.044430928,276.3011291,566473827
1416842,9.056867889,4.000419524,16.79504529,112.2460007,1.680985512,1.82514156,1.043306613,0.972235804,1.479842222,0.434918751,7.111859709,30.01444098,0.007813242,4.379187984,-0.00109367,0.044813698,-0.007488486,-0.002018994,-6.20E-05,-1.36E-05,-0.000486331,-1.81E-06,-5.79E-05,-6.58E-06,0.004375572,1.34E-16,0.039969861,-2.402337505,0.000209383,0.000538158,-5.33E-06,0.000193555,-0.000116483,0.002723923,1.05564793,0.961762992,0.944555995,1.042318704,0.619765627,1.196122064,1.14304869,0,1.753210106,0,0.949265542,276.8552119,566675721
1417740,8.569075361,4.668821445,11.34138946,65.13203653,1.128165607,3.466233683,1.445041967,1.433088795,1.159242972,0.405255846,8.145424341,27.95938106,0.013599802,1.913080489,-0.001657668,0.021456303,-0.00396705,-0.002035626,-5.30E-05,-4.53E-05,-0.000550062,-3.55E-07,-2.22E-05,-6.86E-06,0.006978051,1.41640176,0.006722534,-0.870816247,0.000192392,0.001926944,-0.000216112,0.000140156,0.000128514,0.001095282,0.968344702,0.77352865,1.034958906,1.070194909,0.662284884,1.010330482,1.117437479,0,1.925213636,0,1.025040216,273.2467539,567034023
1417962,10.16511958,3.375335802,19.32841059,59.50089603,0.633265283,4.114853145,1.38324081,1.365146755,1.253590569,0.496699782,6.762896541,36.08382434,0.000618661,-0.296520894,0.003874842,0.018593336,-0.004270235,-0.003196497,-6.80E-05,1.74E-06,-0.000589021,-2.23E-06,-3.75E-06,-7.24E-06,6.12E-07,4.61E-90,5.75E-06,-7738.910135,0.000278036,0.001504296,-4.83E-05,-8.45E-05,-0.000128256,0.001076176,1.052533958,0.924986585,1.197221284,1.408751236,1.031952918,0.987408933,0.567931511,0,2.331465812,0,0.924457472,279.4721959,567122601
1418297,13.69067483,3.14804553,22.31537637,65.7652011,1.8628151,2.484851033,1.040832587,1.173975258,2.057337872,0.48667396,9.722753583,29.59348137,0.005089638,4.762291757,0.000280521,0.011427521,-0.004618072,-0.000660318,-6.70E-05,-2.07E-05,-0.000533437,-1.69E-06,-3.45E-05,-7.41E-06,1.21E-06,3.82E-06,1.01E-06,-4121.476666,0.00019978,0.00091331,-2.69E-05,-6.79E-05,-0.00014313,0.001213495,0.882161769,1.170390199,0.92102579,1.646250821,0.873376413,0.739706367,1.364693075,0,1.414136164,0,1.139539187,281.0443504,567256266
1420243,6.039328229,4.466885886,18.80487263,46.16488347,1.302653725,3.234071628,1.253156211,1.604111587,1.172982319,0.408889675,8.952689362,30.49918484,0.005127794,3.849333774,-0.000602557,0.023218032,-0.00413589,-0.003950522,-6.20E-05,-4.09E-06,-0.000489119,-2.75E-06,-2.95E-05,-6.15E-06,0.008906427,5.118113998,3.72E-12,-0.471496832,0.000263667,0.001219492,-0.000113837,0.000170972,9.08E-06,0.001191308,1.018634034,0.934472025,1.062114489,1.052020057,0.972315762,0.946649811,0.699049156,0,1.353886503,0,1.083807362,281.0614392,568032720
1422644,18.37650148,2.760442295,33.99239562,49.39674959,0.762770576,1.389450554,1.043489135,0.662488394,1.27639815,0.243687789,8.553369223,30.42201288,0.007107358,1.352636093,-2.31E-05,0.045505598,-0.00409801,-0.003965702,-7.03E-05,-1.00E-05,-0.000540347,-2.93E-06,-4.85E-06,-7.73E-06,0.019907646,20734.58873,2.92E-17,-1.124220228,0.00022092,0.001761895,-2.05E-05,0.00016308,-8.45E-05,0.000754572,0.905594112,0.98196374,1.093258604,2.729772676,1.251576295,0.94331514,1.204965482,0,0.596710347,0,1.055344116,280.9655759,568990719
1423228,7.162415828,2.155048017,7.716599314,90.31570902,1.804340382,5.870259952,0.689925289,1.179599004,1.060400645,0.687552598,8.312935566,29.58838497,0.006521062,5.641662923,-0.001082067,0.020537757,-0.004836781,-0.001233436,-2.52E-05,-1.27E-05,-0.000548143,-3.22E-06,-5.13E-05,-7.94E-06,5.15E-07,2.57E-86,2.51E-07,-12847.53486,0.000279662,0.001328189,6.31E-05,4.61E-05,-0.000134429,0.00136415,0.97616185,0.962138161,0.91604748,1.286984664,0.954441467,0.980096662,1.08842227,0,1.537630242,0,1.037083739,276.1163431,569223735
1423501,5.00808991,4.394526311,30.68135604,55.50819594,1.209866874,1.013190956,1.922108848,1.1965492,1.217217637,0.561786653,7.265780839,31.03246028,0.006838152,1.700407617,0.000231073,0.016073786,-0.002016685,-0.000108971,-3.96E-05,-4.22E-05,-0.000532064,-2.66E-06,-3.73E-05,-7.63E-06,0.007885319,537.4248105,1.56E-11,-0.703504226,0.000227058,0.001248908,-8.23E-05,5.10E-05,-5.06E-05,0.00032078,1.096768168,1.044316713,1.022785467,0.806252053,1.289028863,0.960389372,1.269256162,0,1.170198159,0,0.960851262,278.5464176,569332662
1426119,4.897212481,3.367715968,14.01418687,112.8338394,1.31029895,2.553657177,0.860902757,1.514213952,0.857411822,0.477479529,7.037299884,35.98344244,-0.000566659,3.550651157,0.001681628,0.012139478,-0.004155123,-0.003053366,-4.14E-05,1.28E-06,-0.0005351,-2.19E-06,-2.14E-05,-7.35E-06,2.79E-07,1.89E-09,8.77E-07,-11946.90532,0.000217288,0.001230615,-7.11E-05,0.000226467,-3.99E-05,0.001047886,1.09261481,1.216147639,1.058359767,1.012985499,1.223815104,1.243784584,0.895995214,0,0.586753529,0,0.943758056,278.3759298,570377244
1427219,2.22738591,4.167992405,19.11729593,114.4459262,1.401473877,1.75221773,1.040241894,1.114668682,0.393678387,0.413422757,6.460471124,31.13497882,0.003702138,1.777651777,0.002105582,0.021210447,-0.001994424,-0.002597563,-5.01E-05,4.26E-06,-0.000551139,-2.12E-06,-2.47E-05,-6.93E-06,0.043547084,1.09E-40,13.66607833,-1.073081445,0.000199639,0.001304344,-1.79E-05,3.01E-05,4.56E-05,0.001231949,1.047453922,1.001184785,0.811164836,1.406148142,1.109911453,0.897450153,1.237962397,0,0.588113389,0,0.902423843,282.9063235,570816144
1427314,8.597202534,3.034988505,9.896635211,82.72875662,1.05887918,4.016552848,1.130587693,1.160616051,0.815671245,0.615890625,8.077265054,35.26650018,0.00088291,1.077240281,0.003354517,0.023065306,-0.004038473,-0.004118695,-6.66E-05,-1.30E-05,-0.000568336,-2.85E-06,-1.04E-05,-7.87E-06,0.00593354,174.3754828,5.97E-19,-0.837474659,0.000261832,0.001211677,-2.09E-05,4.96E-05,0.000219194,0.001198564,1.178080356,0.804426798,0.800750329,1.676516434,0.569590989,0.998610338,0.836357856,0,1.20885324,0,1.020553713,278.5430354,570854049
1427794,3.220563137,4.895641422,10.74819774,87.5824948,0.947680596,1.755511658,0.9854295,1.581162773,0.58092875,0.489331615,7.620025241,31.04615477,0.006912538,0.82693155,0.000790532,0.008080879,-0.002728089,-0.004350329,-5.70E-05,-3.96E-05,-0.000519186,-1.40E-06,-4.32E-05,-6.65E-06,0.002819615,6.84E-06,0.151233788,-1.266215967,0.000173597,0.001802545,-0.000186438,0.000201411,-0.000429179,0.000190599,0.984593349,0.893293158,1.035654929,1.041323721,0.630725957,0.75612363,1.088466826,0,1.516389831,0,0.987443934,279.3959682,571045569
1431319,17.20102751,3.735215623,8.170721051,108.8696334,1.076681298,4.47656194,1.049216081,1.124551151,0.855573075,0.572163088,8.301755145,38.12118992,-0.000660192,0.142485151,0.004106469,0.012557152,-0.00247173,-0.00395117,-7.06E-05,-1.30E-05,-0.000464921,-2.67E-06,-9.17E-06,-8.54E-06,0.001277181,0.001869407,3.55E-26,-5.459832186,0.000320588,0.000803061,-5.78E-05,0.00011495,-0.000347689,0.001276561,0.938535417,1.025718752,0.935278853,0.998291995,1.22054516,0.846531989,1.109249811,0,0.708298761,0,1.036218281,276.207449,572452044
1432546,13.3157011,2.520571607,21.83509565,45.70818087,0.816788006,1.81970688,0.532975663,1.232467825,0.976837746,0.257527085,7.025688831,29.578362,0.005276581,2.45050895,0.002381645,0.002764093,-0.002102467,-0.002767077,-4.61E-05,8.63E-06,-0.000591573,-3.07E-06,-2.76E-05,-8.06E-06,0.006566788,5.84E-06,0.02067994,-2.269937276,0.000241126,0.000928422,1.32E-05,0.000162315,-0.000140494,0.001716518,0.950236744,1.013275036,1.088888807,0.989242125,0.508661881,1.232393817,0.502085822,0,1.400077963,0,0.942936467,280.8645701,572941617
1432889,1.726327078,3.113433425,14.73099059,79.74201724,1.373398244,2.987962324,1.289880706,1.284318955,0.756608466,0.280986308,6.630553071,34.27230736,0.002728098,3.063927586,0.001326188,0.027970253,-0.003752369,-0.003577719,-4.77E-05,-1.58E-05,-0.00051753,-2.36E-06,-4.51E-05,-7.40E-06,0.007702999,3.17E-15,0.001801923,-0.856220238,0.000219195,0.001092184,-1.80E-05,5.94E-05,0.000222276,0.001185666,1.143173598,1.124615273,1.025951938,0.034272699,1.50372019,1.172405964,1.379791137,0,0.439104367,0,0.915386087,277.070492,573078474
1433128,18.99558862,3.646690609,20.08850467,36.21541391,1.000787741,4.029461456,1.169774176,1.467356176,1.831304091,0.684688284,7.406574222,30.07159868,0.004811732,4.68554719,0.001509549,0.010093439,-0.003748977,0.00090344,-3.87E-05,-1.90E-05,-0.000513719,-3.44E-06,-1.74E-05,-5.66E-06,4.16E-07,3.75E-90,3.58E-07,-23606.81002,0.000189739,0.001420372,-6.56E-05,4.76E-05,0.00027078,0.000797941,1.140514424,0.812505332,0.932472272,0.905717848,1.017568106,0.966061626,0.997617508,0,0.972685125,0,0.971862882,278.4226847,573173835
1433879,6.845969873,3.841496857,14.34270694,107.2063198,1.279664388,3.402557251,1.121483604,1.240401949,1.144635519,0.704205293,9.05087443,32.738994,0.00446083,4.717738589,-0.000418278,0.01188502,-0.005210625,-0.004075501,-6.07E-05,-2.76E-05,-0.000546833,-1.69E-06,-2.51E-05,-5.47E-06,0.005905807,1.46E-13,0.057567296,-1.509920882,0.000212885,0.001348077,-9.14E-05,6.32E-05,0.000138243,0.001361859,1.035325613,0.88740046,1.158640944,0.739594425,0.78095224,0.905695937,1.31690222,0,0.611284524,0,1.090822827,276.5546801,573473484
1435489,3.939174726,5.426829996,34.42794309,74.24316687,1.335276459,2.360909535,1.59586422,1.456677667,0.706817139,0.568539076,8.540818471,32.66512832,0.004255059,-1.151797265,0.005151053,0.042874133,-0.004577074,-0.004838224,-6.47E-05,-4.03E-06,-0.000512837,-3.36E-06,-6.56E-05,-7.84E-06,0.021665513,21.93587041,3.92E-16,-0.511032732,0.000282625,0.001881251,-0.000170399,0.000134758,-9.16E-06,0.000585262,1.162785395,0.970493633,0.994843755,0.012591082,1.258609287,1.007530895,1.143492981,0,1.251478881,0,1.054591493,277.5824404,574115874
1435818,13.27610591,2.601356157,28.59183492,65.07309037,1.109654193,2.642338519,1.540223827,0.93727055,1.418174636,0.517786068,8.014254315,30.00295028,0.00505146,3.733299195,0.000629188,0.016099215,-0.0032549,-0.007060324,-6.77E-05,-2.41E-05,-0.000514705,-2.37E-06,-3.59E-05,-8.04E-06,0.016631866,5255.889315,8.60E-12,-0.18710039,0.000293896,0.001660535,-0.00019805,9.98E-05,0.000201434,0.001065148,1.159418633,0.992999869,1.06286022,0.878636951,1.079585667,1.262657115,0.982513938,0,0.618994186,0,1.01599433,279.701029,574247145
1436909,3.669207068,4.110629405,14.83831135,77.99592523,1.314033656,2.166260342,1.036341841,1.144362362,0.821887524,0.298712183,6.753268228,31.66539386,0.007752112,2.518158906,-0.000372836,0.027290731,-0.002518973,-0.002351886,-7.61E-05,-1.94E-05,-0.000537322,-2.02E-06,-3.21E-05,-7.00E-06,0.000889739,5.41739724,1.87E-25,-0.682082253,0.000175534,0.00095574,-0.000106313,0.000132081,0.000323869,0.001138799,0.885726601,1.059682638,1.00722223,1.32207253,0.811277847,0.847371231,1.647671158,0,0.510692054,0,0.923761132,274.980687,574682454
1436973,8.398037291,4.994556402,8.813943624,154.8886515,1.436715015,1.829836941,1.048693111,1.126291068,0.75337243,0.501713849,7.780853024,29.44918545,0.006232784,3.34412587,0.000979699,0.029820248,-0.002753178,-0.003059475,-6.87E-05,-1.94E-05,-0.000578009,-3.43E-06,-2.43E-05,-5.92E-06,3.62E-07,2.82E-86,5.86E-07,-17686.87591,0.000233889,0.000993911,0.000140432,1.62E-05,0.000170341,0.0014079,1.013769077,0.962430221,0.998356503,1.565298182,1.089526256,1.059009324,0.136812616,0,1.288813123,0,0.999571342,278.214193,574707990
1440320,14.6391307,4.928360687,28.20553102,69.62009313,1.277885974,3.26141699,1.473332156,1.259637167,1.31416203,0.52423227,7.782098595,37.95778114,-0.001969861,1.013233067,0.003027362,0.013469676,-0.005154346,-0.001583012,-5.71E-05,-3.86E-05,-0.000501763,-3.84E-06,-1.15E-05,-8.22E-06,0.002051184,5.206241138,0.01727241,-0.78588836,0.000185007,0.001498139,-5.58E-05,0.000205826,8.29E-05,0.002242056,1.146013488,0.920958644,1.057888513,0.64296525,1.047843381,0.952330445,1.063319415,0,1.021953387,0,0.999629454,280.3325167,576043443
1441563,3.740152572,4.359090715,20.61066155,119.3625842,1.674748057,2.019490121,1.179893183,0.858308468,0.232958813,0.470862102,8.458869473,33.54310504,0.004871574,2.147881318,0.000723797,0.016148095,-0.004381875,-0.002960564,-5.75E-05,1.83E-06,-0.000523515,-2.59E-06,-4.34E-05,-8.64E-06,1.79E-07,0.000118767,2.37E-05,-798.8290225,0.000197718,0.000965532,-0.000187979,0.000115164,4.19E-05,0.000654804,1.197241399,1.055949511,1.254025886,0.495452663,1.177129998,0.88124306,1.11326591,0,1.612112289,0,1.048603588,276.0631336,576539400
1442908,2.991886143,5.258573419,32.55190573,76.85663024,0.949555014,1.538990933,1.496235041,1.107471243,0.831394257,0.501497006,6.260508833,38.55075979,-0.001243641,-0.690564227,0.004586805,0.012914625,-0.005499532,-0.002549115,-6.25E-05,-6.93E-06,-0.000595523,-2.33E-06,-2.51E-05,-8.05E-06,0.037945453,0.694169692,6.97E-11,-0.865280819,0.000205591,0.001881351,-3.65E-05,0.000307728,-0.000195889,0.001504931,1.053376077,0.895614582,1.025754496,1.951099444,1.452972619,0.896237487,0.937009376,0,1.407347643,0,0.889432438,277.5323321,577076055
1446662,6.025629176,4.706020136,19.92761157,134.1032105,1.351780746,2.816639175,1.285102464,1.172553863,1.111019152,0.699595714,8.036520211,38.70483465,-0.003354884,2.117565694,0.004339286,0.013566821,-0.002573511,-0.004087815,-8.34E-05,-9.83E-06,-0.000526149,-1.97E-06,-2.87E-05,-6.15E-06,0.009622664,2.29E-33,0.003582279,-0.692067169,0.000247223,0.001379347,6.78E-05,7.14E-05,-9.43E-05,0.000391026,1.184430728,0.972368888,0.991597144,0.365105613,1.626967187,1.031840694,0.939286463,0,1.377848266,0,1.017506677,275.8046302,578573901
1449747,9.427127082,5.422727855,15.29124338,17.56379648,1.190538209,2.300133202,1.467705178,1.537899808,1.617293626,0.720733417,7.715061339,33.08303187,0.004097341,2.382836419,0.001371693,0.03164776,-0.001451993,-0.003382176,-5.61E-05,6.70E-06,-0.000572573,-3.40E-06,-3.65E-05,-8.73E-06,0.00925706,7.81E-12,0.001331234,-1.207673223,0.000187809,0.0012751,-6.07E-05,0.000127426,-0.000121904,0.000411009,0.999488155,1.056043117,1.286260988,0.186847801,1.075247072,0.946341566,1.351008075,0,1.117686027,0,0.99471554,276.5791598,579804816
1450043,0.918123718,4.665713308,13.22153829,64.9784241,1.097158051,4.28487118,1.315994074,1.713282275,0.268857893,0.458024936,8.236575672,37.24355144,-0.002029001,0.224613546,0.005663322,0.010589692,-0.00259882,-0.000305945,-9.43E-05,7.37E-06,-0.000501531,-1.92E-06,-1.05E-05,-7.36E-06,0.009070181,0.023493426,8.12E-18,-0.953725631,0.00021455,0.00066319,-0.000183187,0.000180228,0.000348009,0.001799382,0.782617406,1.078189762,1.212756178,1.54809628,1.312455188,1.243410485,0.954293835,0,1.019662803,0,1.031570956,278.4608429,579922920
1452448,0.749152044,4.04155859,17.58766681,165.0637279,1.387177464,0.560602989,0.721710502,0.678291724,0.335870102,0.293266694,8.064273783,33.28176473,-0.000123617,5.272578982,0.001704276,0.037865015,-0.006747756,-0.00092267,-7.59E-05,-3.01E-05,-0.000538436,-3.02E-06,-5.47E-05,-6.46E-06,0.005325209,0.008334199,0.005491672,-2.07049944,0.000273606,0.0007157,-0.000214767,0.000186247,-0.000137568,0.001071022,0.99921272,1.17870235,0.95308486,0.306442254,1.252556677,0.994659272,1.294126297,0,0.24405701,0,1.019608203,279.4672874,580882515
1453674,6.316942254,3.067693561,25.48255282,51.56314,1.151249801,1.803887109,0.773293063,0.80022887,0.458089014,0.242711101,6.763669035,30.84373551,0.005720465,4.142789885,0.000174444,0.020473271,-0.003823646,-0.001429405,-8.87E-05,-9.92E-06,-0.000500218,-1.46E-06,-3.32E-05,-7.75E-06,0.00356542,0.097095891,4.02E-18,-1.730495723,0.000229426,0.001424659,-9.09E-05,0.000157483,-0.000180945,-3.93E-05,1.018662001,0.859189619,1.049546295,-0.071229887,1.127226546,0.999380059,1.288577938,0,0.935500302,0,0.924505508,278.1701491,581371689
1453751,6.905242341,3.632449657,21.75861897,48.3140401,0.968864737,2.357794872,1.314222033,1.242515889,0.776801894,0.285002842,7.189674096,34.10318528,0.001185074,3.861559555,0.002215338,-0.009733556,-0.001935953,-0.004382463,-6.12E-05,-2.41E-05,-0.000595079,-2.95E-06,-4.67E-05,-6.65E-06,0.006828026,30191.46403,3.93E-18,-0.756615892,0.000224749,0.001442368,-0.000107042,0.00014825,-0.000293511,0.002645266,1.072195212,1.082660415,1.043357476,-0.314829074,0.604908232,0.930399102,0.585121095,0,1.177436257,0,0.955171055,278.2519678,581402412
1454480,5.705918721,5.338306866,17.60132166,107.9347371,1.720385787,1.885686783,0.840575516,1.598686607,0.506227562,0.442608074,8.449273314,37.10364641,-0.001338242,1.736116288,0.003535567,0.036532553,-0.007055288,-0.001685326,-8.43E-05,-1.35E-05,-0.00052908,-2.53E-06,-2.62E-06,-7.38E-06,0.004403356,0.000380292,2.40E-17,-1.485449777,0.000237324,0.001451421,-1.44E-05,0.000171491,-0.000379147,0.000929273,1.095118714,0.932339533,1.049514657,1.726940791,0.807734086,0.978672837,0.992673491,0,0.318211262,0,1.048025989,278.0292737,581693283
1454796,13.45071971,4.943356102,22.78813038,49.34929024,1.479429868,1.949399398,0.922387571,1.533614261,1.183392135,0.232029113,6.827199154,28.64231634,0.006342959,7.649137902,-0.00278405,0.016214009,-0.001914048,-0.002365094,-8.21E-05,5.02E-07,-0.00054405,-1.66E-06,-2.47E-05,-8.30E-06,7.29E-07,8.97E-89,5.91E-06,-2154.323402,0.000185329,0.000922308,-2.97E-05,2.11E-05,-0.000149421,0.001834611,0.88370798,1.062730333,1.077523303,0.696348029,0.772792022,0.925415368,1.19609272,0,1.60622702,0,0.928950111,277.7911661,581819367
1458527,4.718225172,4.72570349,6.60702361,83.66164295,1.327147256,2.142779398,0.857634581,1.577352502,0.881899561,0.52382034,8.537355749,29.39102318,0.005513726,4.840658884,0.000462481,0.030041471,-0.007005193,-0.000922974,-5.44E-05,-1.45E-05,-0.000540019,-1.31E-06,-2.90E-05,-7.91E-06,0.007658361,1.694439114,8.11E-12,-1.047967074,0.000260783,0.001508445,-5.73E-05,0.000138711,-5.00E-05,0.00219625,0.833808332,1.039249854,0.82149918,1.142094512,1.039541976,0.919156158,1.207802959,0,1.714712417,0,1.054421664,279.8286647,583308036
1459545,8.101726836,3.57371736,23.30851883,129.064113,1.869528337,1.656288862,1.04858723,0.796150429,1.606653238,0.479996697,8.682114953,28.47192197,0.007977976,2.467950906,0.002082638,0.020954702,-0.004114983,-0.001706902,-5.57E-05,-2.06E-05,-0.00051236,-2.26E-06,-4.69E-05,-8.74E-06,0.010779255,1.85E-34,0.498883538,-0.945596989,0.000191601,0.001106797,-0.000145682,5.52E-05,-0.000109391,0.001740139,0.949971163,1.058877256,0.829334221,1.495537797,1.070807714,0.74943766,0.745466031,0,1.270036101,0,1.064051641,277.754668,583714218
1461435,3.683563794,4.090119719,35.22430012,87.15494107,1.448825304,1.7032505,1.37291474,0.912820336,1.108419317,0.335252558,6.515686938,34.84861852,4.85E-05,1.744656125,0.00422189,0.027188361,-0.002941037,-0.003375145,-6.49E-05,-1.57E-05,-0.000519323,-2.63E-06,-6.67E-06,-7.19E-06,0.006640904,3.57E-09,0.044242975,-1.020587713,0.000274007,0.000966287,-9.49E-05,7.62E-05,0.000157753,0.001460704,0.861678448,0.919543856,0.990217541,1.551714836,1.526636588,1.038768929,1.053985812,0,1.812649417,0,0.906514686,278.949283,584468328
1462255,7.426188913,4.73229319,5.812612401,104.4057101,1.394582801,2.544403685,1.180379934,1.364666289,1.050945355,0.461158419,6.989948235,32.94013472,0.002617476,1.00598486,0.004713973,0.013245152,-0.003582262,-0.002369478,-6.27E-05,-3.27E-05,-0.00064052,-2.22E-06,-4.86E-05,-6.71E-06,3.08E-07,0.001041735,2.97E-07,-143.5023007,0.000180483,0.000882183,-2.80E-05,3.42E-05,0.000156444,0.000868423,1.236539732,0.974229698,1.054741236,1.737337658,0.629397772,1.1921601,0.799180618,0,1.385587721,0,0.940288354,277.9520828,584795508
1464766,4.244466678,2.474569321,27.24932827,86.51963228,1.427116866,3.097037699,1.450023158,1.452598165,1.213790858,0.408719222,6.392521416,34.01428237,0.003274986,3.444993241,0.000327978,0.005780147,-0.006033031,-0.001626701,-8.05E-05,-6.08E-07,-0.000553204,-2.38E-06,-1.95E-05,-8.31E-06,0.012252825,0.701897647,1.89E-16,-0.554274673,0.000275451,0.001569284,8.45E-06,-8.82E-05,8.91E-06,0.001917205,1.034610656,1.067671027,0.717859885,0.707622142,0.814798894,0.986077172,1.105876793,0,2.258743388,0,0.897863651,277.0361042,585797397
1465723,3.044044444,3.948495123,43.16787879,108.0097905,1.826373124,1.544673148,2.186654704,0.98420102,0.741032946,0.395769503,7.483001665,31.92368443,0.003876553,1.294383184,0.003500556,0.015037772,-0.004994209,-0.00228564,-7.56E-05,-1.13E-05,-0.000494981,-3.45E-07,-2.78E-05,-5.95E-06,5.34E-07,9.26E-86,3.05E-06,-1749.004564,0.000186424,0.00150641,-0.000116851,0.000151597,4.35E-05,0.000210537,0.969140953,1.021163224,0.951989975,0.167846507,0.901582185,1.009646906,0.808199789,0,0.72122558,0,0.977911297,279.5226972,586179240
1468811,5.153097759,4.036838468,16.39572428,99.24367283,0.858631619,3.123312811,0.901038908,0.907721184,0.359012847,0.473721571,8.330008514,31.59609049,0.005302191,2.624295318,0.001906491,0.010605656,-0.005867738,-0.003801655,-7.09E-05,3.76E-06,-0.000541288,-1.98E-06,-4.14E-05,-7.69E-06,4.43E-07,8.19E-95,3.16E-05,-2502.747441,0.000303593,0.001347295,-0.000116283,0.000126493,-0.000129874,0.001732468,0.988854492,0.979486956,0.883092914,0.373019516,1.750440096,0.928873556,1.400372723,0,1.067979572,0,1.038644066,276.2172478,587411352
1472720,4.473871927,4.957624886,14.04951335,97.88169354,0.791517602,2.766034826,1.158186514,1.19610018,0.41811094,0.55128017,8.37215315,33.61298592,0.001485068,5.15784281,0.001270919,0.025022382,-0.007795623,-0.001711626,-6.36E-05,-1.49E-05,-0.000503242,-3.23E-06,-3.12E-05,-7.08E-06,0.003714154,6.20E-15,5.31E-05,-3.03036549,0.000217427,0.00122209,-0.000209523,9.93E-05,0.000175389,0.000908643,1.046923671,0.967948695,0.923523206,1.240531599,0.948603747,0.981138673,0.949503369,0,1.034323464,0,1.042189078,275.2155286,588971043
1474812,3.462414883,3.008535439,8.623793839,134.0091876,1.820833795,3.172977858,0.654034773,1.047793048,0.61705434,0.490129419,7.769606297,28.6510279,0.006496231,1.59162785,0.002589823,0.013583115,-0.004426343,-0.005822731,-6.39E-05,-2.10E-06,-0.000578183,-2.43E-06,-1.25E-05,-8.13E-06,0.003528462,0.012590209,3.34E-10,0.352313057,0.000205018,0.001191394,-6.18E-05,8.21E-05,0.000239192,0.000490635,0.79716914,0.994012792,1.04232758,0.750449847,0.744688845,0.956036103,1.016716963,0,1.492448458,0,0.998838614,280.8844873,589805751
1479025,4.62304468,6.106565569,19.65142565,144.6068036,1.065140291,0.969910862,1.049157308,1.276723165,0.226445992,0.331986007,6.72234059,31.8706496,0.003355421,3.668910329,0.00156522,0.024554795,-0.002292041,-0.005823653,-6.41E-05,1.02E-06,-0.000547903,-2.79E-06,-7.08E-05,-8.21E-06,6.98E-07,1.67E-10,6.49E-06,-4688.563856,0.000240939,0.001826146,-5.29E-05,0.000157744,-0.000294897,0.001441408,0.94967693,0.940601069,1.095907186,1.885008481,1.589934595,0.895873449,0.731191592,0,0.814989087,0,0.921718708,278.8082451,591486738
1482083,24.98395255,2.599866855,7.014759922,44.8290635,1.127000175,2.989261178,0.533295383,1.37922249,1.991888686,0.402817154,7.210297633,37.45222254,-0.000789252,0.12695588,0.004261757,0.031299245,-0.00447358,-0.005083816,-8.85E-05,-3.09E-05,-0.000547736,-1.27E-06,-4.88E-05,-6.71E-06,0.012410819,6.63E-31,0.142078526,-2.041099694,0.000274214,0.001728136,2.93E-05,8.33E-05,0.000292347,0.001596981,1.187182704,0.99121905,1.18818091,1.374159099,1.1046059,1.275173381,0.695659787,0,1.504218487,0,0.956862205,278.7533578,592706880
1482791,4.335609205,3.938266345,17.26520825,59.3348021,0.848895722,4.21785969,1.086126853,0.946240485,0.930494994,0.412216278,6.829235103,35.53303075,0.00161168,0.607092283,0.003454399,0.015006943,-0.005392235,-0.002988749,-6.83E-05,8.49E-06,-0.000530862,-6.76E-07,-2.73E-05,-8.09E-06,0.000838886,0.085837164,1.19E-26,-2.643015171,0.000224535,0.000720786,-1.90E-05,0.000187621,-0.000125729,0.001388104,1.082087483,1.047726154,0.820027565,0.35146087,1.054548532,0.769449112,0.986303481,0,0.437160315,0,0.929062444,276.9910855,592989372
1485163,16.69423697,3.897861587,19.63598724,91.82453984,1.259142933,2.360808124,1.383264585,1.312244608,1.677631958,0.523662754,7.534415408,41.39327121,-0.004514038,-2.559751755,0.006627918,0.017047872,-0.003946485,-0.002847334,-8.21E-05,-2.21E-06,-0.000517746,-3.56E-06,-1.81E-05,-6.54E-06,0.016295851,15.20511271,1.07E-17,-0.533009478,0.000211831,0.001708939,-9.01E-05,5.60E-05,-7.20E-05,0.000864808,0.956590184,0.991350173,0.983144663,0.827274205,1.053086914,0.966591606,0.810351238,0,1.874190331,0,0.981033082,278.4715166,593935800
1487826,12.06598308,4.56163348,16.30133155,88.77183537,1.070994186,2.578578954,0.823317757,1.538788483,1.132509947,0.422138869,8.131225575,35.86843195,-0.001600404,2.052200438,0.005141396,0.02200341,-0.003246478,-0.000800061,-6.78E-05,-5.03E-06,-0.000552649,-3.25E-06,-5.28E-05,-7.14E-06,1.13E-06,2.16E-87,4.46E-07,-8432.629678,0.000286739,0.000813447,-0.000122831,0.000126573,0.000111596,-0.000224711,1.059598597,1.110983187,1.000417068,1.033753104,1.425922564,1.197705395,1.585400167,0,2.246432975,0,1.024204532,277.6304665,594998337
1492342,10.95713537,4.520210108,28.13633724,40.17256003,1.028598544,2.42787274,1.928741924,0.994021068,1.267700398,0.587791443,8.170869246,32.59566701,0.005313376,1.178948036,0.001002698,-0.002755388,-0.004717579,-0.004072904,-7.77E-05,-2.89E-05,-0.000611189,-2.38E-06,-3.15E-05,-7.37E-06,6.62E-07,1.52E-91,4.31E-06,-5894.831323,0.000233249,0.001362948,-5.65E-05,0.000107105,-0.000239827,0.00105082,0.958517744,0.940291197,0.931834968,1.670777449,0.659944105,1.032552786,0.497832189,0,0.711850611,0,1.026991108,278.5375508,596800221
1493291,10.93980077,3.784718597,26.43347548,113.5785089,1.281156657,1.583264933,1.53931734,1.00010566,1.488941621,0.526995157,7.042638134,38.75438794,-0.001184798,-0.370943767,0.003678861,0.018692789,-0.001718799,-0.002783269,-6.00E-05,-3.56E-08,-0.000603286,-1.23E-06,-1.96E-05,-7.99E-06,0.004697685,35577.69973,0.000777816,-0.481816289,0.000175476,0.000591906,-7.18E-05,0.000139751,-5.59E-05,6.66E-05,1.116129972,1.144549343,0.917936636,0.591687184,1.306996703,0.62340031,1.23810081,0,0.932098465,0,0.943975834,277.2456492,597178872
1493884,15.69417907,3.086309801,33.07411032,130.7434989,2.265604494,2.013806296,1.746397137,0.819883407,1.918509073,0.532600948,10.01480076,32.92168691,0.002543069,1.235922592,0.00372391,0.029195096,-0.004635746,-0.002817896,-7.58E-05,-1.72E-05,-0.000485913,-6.55E-07,-3.86E-05,-8.86E-06,4.72E-07,2.64E-92,3.31E-05,-75.78221492,0.000263912,0.00062447,-0.00011382,3.21E-05,3.45E-05,0.000823174,0.952399431,1.051752674,1.11244629,2.374792771,0.664170954,0.877420769,0.380310719,0,0.593817394,0,1.161681043,280.3670201,597415479
1495320,5.988312387,2.391408938,34.38531423,88.21941246,1.428080546,2.973136742,1.65875166,1.410174234,1.130854724,0.262319827,6.197154014,31.2356206,0.003626836,4.408285854,0.000410665,0.034610789,-0.00405161,-0.004644449,-5.11E-05,-1.15E-05,-0.000604082,-3.26E-06,-4.79E-05,-7.65E-06,5.79E-07,4.19E-11,7.88E-06,-802.4859676,0.000217566,0.001657786,-1.75E-05,-1.61E-06,-0.000154305,0.000233731,1.045111957,1.104254834,1.032992519,0.15080613,1.161270626,1.098513648,1.033937277,0,0.645007289,0,0.885171029,282.3165838,597988443
1498977,3.989771005,3.444272243,8.164434259,73.70950335,1.311595975,3.912042116,1.042893468,1.470661189,0.508896711,0.415128625,6.887798318,37.3777497,-0.000559,0.823550648,0.002681802,0.013563475,-0.005400369,-0.00300565,-5.83E-05,-2.98E-05,-0.000601447,-3.05E-06,-3.39E-05,-6.87E-06,0.113406787,1.19E-40,0.041414316,-0.168479009,0.000246188,0.001075456,-0.000146026,9.91E-05,0.000395437,0.001752263,0.986802522,0.932664417,0.986335111,1.081291761,1.282745881,0.770202157,1.663610595,0,1.586330854,0,0.933304967,278.8803265,599447586
1500897,5.065477982,3.856958576,11.69240205,78.3673591,0.52256775,2.704040861,1.339714169,1.583346432,0.873895286,0.471471507,7.341466174,32.52481593,0.002562628,0.845716403,0.004447265,0.023488599,-0.003517261,-0.001790852,-6.93E-05,2.39E-05,-0.000515779,-1.73E-06,-4.30E-05,-7.45E-06,4.12E-07,4.39E-87,2.03E-06,-17912.60147,0.000264237,0.00170686,-7.01E-05,0.000117488,-0.000132134,0.002098034,0.949460409,0.986114907,1.251232078,0.268430568,1.118047451,0.632497819,0.862639685,0,0.439599844,0,0.966313414,280.9353269,600213666
1501381,21.97512924,4.535369835,17.80456095,111.0263027,1.262179167,4.144294805,1.379512358,1.450728115,0.862622789,0.426178415,7.453745718,31.9046597,0.004639088,0.788886158,0.003588388,0.004536655,-0.002336326,-0.004162942,-7.13E-05,-2.47E-05,-0.000634944,-2.80E-06,-3.78E-05,-7.27E-06,0.014723599,0.631208509,3.75E-17,-0.490608707,0.000240054,0.001338537,1.79E-05,0.000160901,-5.28E-05,0.000700983,1.055038354,1.004559878,0.902462089,0.804750567,0.834973659,0.97144416,0.215762876,0,0.867425885,0,0.975536553,277.4701455,600406782
1503755,6.052543185,2.178764682,19.06008041,212.1918086,1.581776663,1.979294193,1.024362032,0.385451708,0.877609545,0.475841176,7.442693231,31.16047847,0.0058142,2.737627324,0.000288371,0.011566108,-0.00464889,-0.002543929,-4.56E-05,-2.09E-05,-0.000510501,-2.71E-06,-3.11E-05,-7.95E-06,0.035765884,8.37E-37,7.96E-14,-0.697556509,0.000285911,0.001429511,7.01E-05,0.000141188,0.000393558,0.002165513,1.260759235,0.872300044,0.769349987,1.302167916,1.339895152,0.762208565,0.689339164,0,0.442581837,0,0.974761239,279.2220418,601354008
1504108,9.892323633,5.783315596,8.98368114,98.6664776,0.98548818,2.411212117,1.053089751,1.697971221,1.062365062,0.487506945,7.541754916,38.54208102,-0.001266411,0.3026545,0.003953861,0.014040768,-0.003075464,-0.002065647,-7.49E-05,-2.20E-05,-0.000533297,-1.72E-06,-4.20E-05,-7.27E-06,0.079798281,5.19E-39,5.220947548,-1.133482023,0.000203797,0.001092316,-0.00011522,4.73E-05,0.000258047,0.000968558,0.881646091,0.944993449,1.27150653,0.523232975,0.991000001,0.773826859,0.566599471,0,0.68671969,0,0.981553753,277.2417217,601494855
1506784,3.966496478,4.608301928,27.09290231,119.5523619,1.890430002,1.649796946,1.130230934,1.319277465,0.797625663,0.581841908,9.243787698,30.2958575,0.00524712,1.54861699,0.003027805,0.005841049,-0.003046879,-0.002740682,-8.70E-05,-3.85E-05,-0.000582278,-2.96E-06,-6.07E-05,-7.28E-06,0.028429784,1.30E-33,0.17430243,-0.486255607,0.000226094,0.001493259,-0.000102348,0.000118428,-4.33E-05,0.001639849,1.110104369,0.987835857,0.973639068,0.504564071,0.609885217,1.040431211,1.148838165,0,1.813455178,0,1.10388308,279.3923964,602562579
1507624,8.690402667,3.461042154,9.63035021,95.7164309,1.639046927,3.498837917,0.848099887,1.275337009,1.243795437,0.403024502,7.067070239,33.56408404,0.001880418,3.90832938,0.001203527,0.016507049,-0.001606286,-0.005070437,-6.87E-05,-2.04E-05,-0.000520323,-7.53E-07,-1.73E-05,-6.74E-06,7.63E-07,6.15E-08,8.53E-07,-3307.7103,0.00023355,0.001435255,-2.75E-05,0.000161048,-0.00012209,0.000427981,0.924715766,1.009053214,1.004303903,0.705263548,1.231617797,1.03475906,0.803822913,0,1.174034901,0,0.946151222,278.2263684,602897739
1507955,11.63098862,3.642806987,7.257704994,130.0443759,1.367958109,4.338086281,0.967338647,1.276381908,1.322965159,0.610787204,8.647048928,31.68011689,0.003314161,0.511831496,0.005310594,0.02258697,-0.005271931,-0.002564479,-4.30E-05,-2.56E-05,-0.00051274,-3.37E-06,-5.05E-05,-8.02E-06,0.004162565,2.73E-13,0.00824448,-2.340283299,0.000218907,0.001729784,-7.41E-06,0.000136125,0.000216538,0.001294027,1.035880775,0.982249302,1.03846786,1.938908851,1.579450177,0.797401666,0.748154127,0,0.193176197,0,1.0619288,279.6965071,603029808
1515236,19.53594874,3.347373208,11.03462206,93.32428233,0.88613956,4.283587657,0.963469012,1.364265885,1.043933488,0.530526759,7.646131976,37.04142448,-0.001240507,0.317749369,0.00516253,0.023558576,-0.002637362,-0.004215494,-5.68E-05,-2.19E-05,-0.000550954,-1.59E-06,-2.14E-05,-6.75E-06,0.00784106,18610.51089,2.08E-12,-0.807890632,0.000291696,0.001075175,-0.00013438,9.91E-05,0.000181607,0.000267171,1.183290429,1.103906161,1.044999756,1.073282724,0.575614131,0.714228362,1.23448574,0,0.97162373,0,0.98924162,278.9051874,605934927
1516274,3.18310122,3.901159109,7.345038123,40.60860164,1.254398739,3.347576183,0.911078671,1.55556686,0.508451445,0.204467574,7.537238942,33.04825904,0.003532818,4.678362603,-0.000162089,0.02362631,-0.004566058,-0.000741293,-5.29E-05,-1.53E-05,-0.000494746,-2.34E-06,-2.03E-05,-7.00E-06,0.002889206,1.17E-14,0.000383505,-3.103122236,0.000251202,0.001369657,-0.000173224,4.60E-05,-3.89E-05,0.001021774,0.865310278,1.105038093,0.95670138,0.418438522,0.627995855,1.155686581,0.620882075,0,0.070156928,0,0.981180763,276.4627048,606349089
1516790,4.54459427,1.822278582,29.75784517,51.72338784,0.689319346,1.941039438,1.408049945,1.26094786,0.311595756,0.187291519,7.432385531,29.88542933,0.005221165,5.99818973,-0.000394839,0.006157387,-0.00764593,-0.003666744,-7.03E-05,-3.67E-05,-0.000507531,-1.97E-06,-1.50E-05,-7.86E-06,0.010969807,27.22435144,9.79E-11,-0.793788926,0.000272587,0.001127098,-5.62E-05,0.000135688,5.87E-05,0.001289424,0.935564877,1.060837643,0.970853001,1.121726037,1.247135276,1.087750476,0.868543757,0,0.98560861,0,0.974026769,279.5927667,606554973
1517642,5.843024202,4.403009195,14.93838196,122.6368102,1.238844672,2.713981533,1.20073229,1.299664706,0.823554086,0.710494946,10.11638535,32.50003523,0.003841301,3.999889617,0.000372646,0.018926649,-0.006010087,-0.003591098,-6.78E-05,-4.01E-05,-0.000608106,-3.11E-06,-4.65E-05,-7.48E-06,0.014942834,22.46892503,2.07E-17,-1.020651175,0.000179862,0.00131946,-3.87E-05,0.000219252,-0.00040905,0.001563044,1.201340942,0.977313854,0.957436736,1.469511478,0.844638276,0.773860457,0.992707453,0,1.901387723,0,1.168798484,277.8142494,606894921
1518107,9.073682305,4.060640328,17.36198489,70.834059,1.173676212,2.461180773,1.081412846,1.179875833,1.285740618,0.502474447,6.999748832,28.62381862,0.00599782,4.578467727,5.94E-05,0.041698355,-0.004497924,-0.002372153,-5.49E-05,-1.60E-05,-0.000540293,-2.09E-06,-1.68E-05,-7.05E-06,9.06E-07,3.38E-84,1.71E-06,-8043.843128,0.000269593,0.001354691,1.20E-05,0.000133607,-0.000461065,0.001933294,0.93751578,1.094392245,1.259688711,0.690580556,1.216347558,1.013331031,1.085308266,0,0.748367191,0,0.941027076,279.3156253,607080456
1521570,3.502810197,4.355366406,18.14453719,42.90714602,1.584411255,2.908804078,1.223865392,1.463821869,0.674503332,0.448384004,5.928122048,36.32382417,-0.001239831,2.623025914,0.00322031,0.004775308,-0.004167133,-0.000845285,-7.16E-05,-2.00E-05,-0.000598586,-2.94E-06,-5.13E-05,-8.18E-06,0.035648793,2.11E-35,0.473796798,-0.502972698,0.00021402,0.001140085,-8.23E-05,0.000111588,-0.000164478,0.001442054,0.726049735,1.028466568,1.051288164,1.409773271,0.617346535,1.257236796,1.132723716,0,1.317408904,0,0.865991777,279.1667033,608462193
1522101,6.522111896,4.729481362,12.49327164,135.3358154,1.490545386,4.00139921,1.700802148,1.526441436,1.275633665,0.525029291,7.52817793,37.48060453,-0.00126458,-0.006726192,0.004467519,0.021372582,-0.004277271,-0.002367732,-5.37E-05,-2.18E-05,-0.000526259,-1.81E-06,-3.07E-05,-7.37E-06,0.036134861,25102.75276,1.65E-16,-0.826204247,0.000197991,0.001289379,-4.79E-05,0.000145373,-8.11E-05,0.001669424,1.065455073,1.223636011,1.276813178,0.542457556,0.915138083,1.011613848,0.863315246,0,0.94285358,0,0.980611199,278.1694897,608674062
1522690,8.864307667,3.767702278,23.916457,60.3897175,1.451815741,3.16329053,1.133383398,0.973828211,0.951406221,0.533563332,8.270013244,35.85104395,0.001589097,0.834790022,0.002874646,0.029282082,-0.003059184,-0.002895119,-8.63E-05,-1.36E-05,-0.000503523,-3.00E-06,-3.63E-05,-7.25E-06,2.82E-07,0.004896387,2.08E-08,-24.31867188,0.00017321,0.001239535,-0.000159076,0.000139025,0.000469375,0.001616883,0.92924901,0.955588594,0.910368997,0.772275313,0.772025876,0.769462296,1.26886981,0,2.213348218,0,1.034177732,277.3729014,608909073
1522721,6.444745745,5.218039163,10.34739665,72.41327455,1.238067728,2.416250167,1.066165563,1.500388201,0.79255739,0.740286265,7.924937681,28.45551106,0.005479403,3.811665531,0.001729064,0.031346664,-0.003607942,-0.003966669,-7.26E-05,-5.84E-05,-0.000489151,-1.30E-06,-4.30E-05,-7.84E-06,0.010381989,203.3375273,1.17E-11,-0.311421151,0.000225695,0.000652573,-9.39E-05,0.000207248,-6.15E-05,-0.000149737,0.913152735,1.122024182,1.040957071,0.75485004,0.680470167,0.949336316,1.036092,0,1.250988222,0,1.009862998,280.428167,608921442
1523177,7.074069823,6.143753389,18.7838346,119.5635871,1.242454584,3.547624219,1.749882662,1.614533389,0.970190085,0.635226826,8.220016377,31.3292071,0.00310452,3.685414595,0.001859213,0.01664293,-0.003741013,-0.001570504,-5.39E-05,-1.36E-05,-0.000572025,-2.91E-06,-4.14E-05,-7.93E-06,0.030627713,0.000125646,1.99E-16,-0.429888363,0.000206984,0.001348247,-3.71E-05,0.000224198,-2.88E-05,0.001619485,1.109456567,1.079262534,0.737415451,0.97839324,1.402800349,1.18900581,0.807167716,0,1.671517104,0,1.030651759,279.8595543,609103386
1524316,12.29416414,4.249034039,19.42053715,71.99898244,0.876922175,2.107490001,0.664070772,0.828200841,0.781953975,0.397235759,7.337752302,34.40931889,0.000940006,0.251383592,0.004843591,0.023100532,-0.004977013,-0.005150306,-5.32E-05,-5.17E-06,-0.000556819,-2.92E-06,-3.05E-05,-7.06E-06,0.032355586,2.532097777,4.03E-18,-0.904061089,0.000213273,0.001335891,-3.30E-05,0.000252854,0.000350848,0.000844149,1.181867118,1.000723606,0.922354448,1.107862004,0.391458646,0.861255751,1.265199136,0,2.518684479,0,0.966019716,279.3482687,609557847
1525023,11.30378347,2.1146319,9.207954272,79.54935874,0.936500389,2.697656992,0.899012029,1.473872934,0.950892898,0.250148614,6.80399298,37.44362994,-0.002158264,3.461522455,0.002202443,0.028036148,-0.003829315,-0.001569812,-7.00E-05,-2.29E-05,-0.00047,-2.89E-06,-2.63E-05,-6.81E-06,6.22E-07,1.93E-84,2.07E-06,-10918.06043,0.000224714,0.000734176,2.00E-05,6.97E-05,3.73E-05,0.000397181,1.068361062,0.781971715,0.913506057,0.173071575,0.838191757,0.996389419,1.368895886,0,0.537357983,0,0.927609551,278.9313485,609839940
1525085,4.390888377,3.921622088,18.30989731,84.31975968,0.797081502,3.028885351,1.225016289,1.297106613,1.198756777,0.603838153,5.810068478,34.94887125,0.001402142,2.230517165,0.002140306,0.003893174,-0.00498526,-0.003669844,-5.63E-05,1.26E-06,-0.000586793,-2.43E-06,-2.54E-05,-7.37E-06,0.005790787,2.87629712,0.003651192,-0.620264558,0.000247205,0.001665039,-0.000107512,0.000189055,-0.000115995,0.001643998,0.902772034,1.086070206,0.902634234,0.112755645,0.960203702,0.867705091,0.630182011,0,1.300778922,0,0.855254216,278.2110128,609864678
1525553,7.050400829,3.834197856,23.43954276,267.5548811,2.003845833,1.760539151,0.546287668,0.588389978,1.097062474,0.698997063,7.856072701,35.31239415,0.00149081,0.816765162,0.003990099,0.019684323,-0.003884871,-0.000791886,-5.89E-05,-4.99E-05,-0.000567814,-2.20E-06,-5.03E-05,-7.68E-06,0.001288069,9.45E-16,0.001038702,-5.360497241,0.000206413,0.001336434,-8.53E-06,4.50E-05,-0.00014367,0.001315307,0.984576508,1.140944867,1.177103458,1.155571005,1.114797142,1.197139632,1.214138531,0,0.727687355,0,1.004889623,276.2813731,610051410
1529751,1.558711278,5.92035747,14.62814048,70.00243875,0.718589472,3.353503094,1.242662895,1.763094907,0.418370145,0.685633748,8.639015286,29.85936058,0.006109951,1.746861268,0.002101085,0.012208722,-0.00267953,-0.00574329,-8.92E-05,-5.62E-06,-0.000574158,-1.22E-06,-3.39E-05,-9.59E-06,3.56E-07,0.004883175,4.28E-08,-34.49055143,0.00020789,0.001384767,-0.000100009,7.61E-05,8.82E-05,0.001657206,1.057086122,1.173042431,1.058664356,0.593429058,0.88909315,0.934085028,1.13948653,0,3.061899799,0,1.061397132,281.2770874,611726412
1530664,6.889041843,4.53169553,20.77604781,54.41498644,1.12965186,3.206923395,1.221556584,1.405818742,0.779951077,0.225865328,6.739680558,30.25952723,0.008370592,2.290746318,0.000833707,0.015387464,-0.002189467,-0.00278703,-3.16E-05,-2.62E-05,-0.000572131,-2.22E-06,-2.03E-05,-7.07E-06,0.010721145,0.541326801,1.65E-11,-1.130261047,0.000211758,0.000880625,-9.17E-05,4.54E-05,0.000361455,0.001312467,1.047937506,1.045924025,1.276924767,1.793634586,0.812009019,0.45743265,0.979520597,0,2.157163957,0,0.922976153,275.4744517,612090699
1532933,1.696928883,2.975119278,24.8676291,68.53665882,1.081750496,2.142906055,0.875321374,1.23195719,0.312644513,0.500885045,7.758221349,38.39263573,-0.002603071,1.746146151,0.003746645,0.019594254,-0.003080146,-0.002002383,-4.48E-05,-3.18E-05,-0.000534543,-3.14E-06,-3.23E-05,-6.58E-06,0.014005231,0.238610379,5.14E-17,-0.929760678,0.000257805,0.001392813,-0.000191106,0.000167073,0.000417875,0.002021394,0.981651803,0.972882238,1.051580093,0.531390017,1.207709247,0.973201957,0.97198726,0,0.848009198,0,0.998094194,277.6564249,612996030
1533656,4.154939026,3.804266034,12.14829088,311.8392172,1.759166606,1.193806949,0.650339264,0.398249524,0.513698169,0.515221309,8.295776333,35.5499513,0.002487255,3.543051727,-0.000792858,0.027084413,-0.002778993,-0.003976757,-5.18E-05,-4.94E-05,-0.000527223,-2.68E-06,-1.47E-05,-6.48E-06,0.009991333,186.6170122,2.42E-10,-0.443178059,0.000197913,0.001639123,-5.59E-05,4.48E-05,0.000130905,0.00124546,0.905160427,0.854291238,1.126262925,1.753630608,0.625045217,1.14143784,1.223089964,0,-0.421288459,0,1.03572774,276.2663423,613284507
1534216,7.864267145,4.690617852,22.29545373,27.08331154,1.378567809,2.941713375,1.46047903,1.599381674,0.892826646,0.438181161,8.146109626,32.10649532,0.006604279,3.0186123,-0.001437402,0.026507981,-0.003657958,-0.005055584,-5.58E-05,8.67E-06,-0.000608799,-1.58E-06,-3.41E-05,-8.66E-06,0.000387736,3.20E-05,1.71E-26,-15.03774458,0.000237217,0.00140762,-0.000141305,0.000127673,8.32E-05,0.002382647,0.89346529,0.985133869,1.16255546,2.219074295,0.57074644,1.057991862,1.336380508,0,0.883381976,0,1.025096094,277.4390577,613507947
1536012,3.803268715,3.949053593,13.33099874,54.41516471,0.846588982,2.911147535,0.832391491,1.22157997,0.278819475,0.541175477,7.186279688,38.9888159,-0.001920507,1.172618575,0.002520453,0.020888402,-0.005023308,-0.003656283,-4.25E-05,-3.52E-05,-0.000569254,-2.22E-06,-3.75E-05,-6.55E-06,0.004959682,1.11E-13,0.068874023,-2.130522592,0.00025412,0.001470778,-8.48E-05,7.24E-05,0.000171073,0.000732462,1.366271241,1.05975587,0.899808488,0.255892197,0.275355166,0.910837553,1.032066827,0,1.771907903,0,0.954830839,278.0517784,614224551
1537434,16.73621177,3.591857994,19.82937553,66.55256304,0.913138504,5.059389659,1.281649961,1.060288936,1.707174606,0.743993057,8.561052113,33.56494058,0.003602102,4.106951621,0.000172382,0.015705985,-0.004035131,-0.003020477,-6.69E-05,1.72E-05,-0.000506367,-9.14E-07,-1.17E-05,-8.19E-06,0.016144752,55907.64786,9.02E-12,-0.668355332,0.000240817,0.001386106,-4.97E-05,-6.36E-05,-0.000158861,0.001039073,0.932582764,1.006148043,0.995114892,0.544277491,1.418350223,0.99212512,0.84789969,0,0.638508615,0,1.055786774,276.3693423,614791929
1538262,6.191560223,3.67347657,16.20096542,106.8558849,1.287764631,7.479443547,1.182617165,1.335170022,0.715236886,0.627340079,8.49030598,32.6113849,0.003776411,1.311433804,0.003696081,0.024598415,-0.003938457,-0.001321775,-6.02E-05,-8.39E-06,-0.000515823,-2.45E-06,-2.54E-05,-7.84E-06,0.009179322,9.98E-12,0.0720825,-1.521672049,0.000304734,0.001305739,-0.000105399,0.000180314,9.16E-05,0.001179437,0.93292693,0.957234964,1.090973866,-0.494443014,1.08424273,0.683381081,0.916961506,0,0.25479718,0,1.050852661,277.3614954,615122301
1541268,12.90368464,3.349136161,7.862064623,132.8308526,0.965785733,3.28237345,0.942756311,1.145507502,0.593093633,0.450242844,7.702653338,30.0671535,0.009124441,3.056656707,-0.001883816,0.035008913,-0.001495957,-0.00398306,-3.84E-05,-1.33E-05,-0.000551241,-1.33E-06,-2.51E-05,-7.12E-06,0.000554095,1.77203267,6.94E-26,-1.210067287,0.000162386,0.001505667,-5.89E-05,0.000153832,-8.03E-05,0.002156871,0.881905415,0.844155201,1.246979066,1.250751785,0.613941828,1.014853477,1.267469053,0,1.547057381,0,0.993771807,278.6990155,616321695
1542262,1.668550863,6.138792792,18.33958294,28.3820964,1.129971338,1.803979642,1.125287851,1.289593623,0.323709293,0.340591581,6.399651942,37.82482799,-0.001172215,-0.081650139,0.004430134,0.011265661,-0.003130429,-0.001298038,-5.53E-05,-6.72E-06,-0.000557526,-3.43E-06,-2.52E-05,-7.49E-06,0.025752782,0.824977932,1.01E-10,-0.865486897,0.000237467,0.001339593,-6.31E-05,0.000240183,-6.05E-05,0.001625905,0.931557891,0.9954146,0.948678899,0.219416071,0.823968338,1.21663735,0.924990242,0,1.17688015,0,0.8981795,278.1733101,616718301
1544077,1.938261977,4.686461103,35.28884439,147.3540763,2.164217434,2.112266931,1.700634955,0.690576522,0.996453321,0.632121154,8.790848034,30.66977307,0.00665263,4.09054823,-3.52E-05,0.02354591,-0.004934244,-0.002526605,-5.66E-05,-2.25E-05,-0.000573133,-2.25E-06,-1.17E-05,-8.17E-06,1.31E-06,6.63E-08,1.17E-06,-4429.972918,0.00026767,0.001659715,-0.000102031,0.000120331,0.000167529,0.001124842,1.03029286,0.923013723,0.83019081,1.395060305,0.954177688,1.173643136,0.93975878,0,1.139509092,0,1.072210438,278.1788621,617442486
1545984,5.925079653,4.276582022,24.166875,39.20069981,1.449027264,1.610972378,0.829440906,1.356046783,0.73735336,0.351483991,5.692576871,30.97084421,0.004288138,3.619678976,0.000283044,0.024712414,-0.003953519,-0.002695918,-6.52E-05,-2.75E-05,-0.000566426,-1.69E-06,-4.28E-05,-7.96E-06,0.00814636,0.07681835,3.21E-18,-1.056043431,0.000291447,0.001518486,-6.99E-05,0.00014965,0.000223459,0.002201373,1.146842492,1.026822378,1.023841375,0.958976054,1.198920399,1.174084925,0.560976858,0,0.652861308,0,0.847444437,280.5115479,618203379
1548264,23.82364371,2.363587724,10.85965974,99.97486224,2.365286216,6.300802694,0.61356062,1.138513679,1.817641059,0.276469584,8.78378344,35.03429369,0.00152968,0.666081069,0.003705386,0.032425603,-0.001976641,-0.001137859,-4.47E-05,-1.36E-05,-0.000553907,-1.99E-06,-2.02E-05,-9.15E-06,0.01037158,452.2187325,6.93E-13,-0.058039154,0.000329714,0.001138375,3.81E-05,0.000220727,-8.07E-05,0.001610709,0.847151133,0.929525021,0.938146409,0.863563132,0.84080305,1.127843175,0.632573412,0,0.468880902,0,1.071637467,278.5277921,619113099
1548303,18.8662477,3.711250405,19.44790965,82.48858222,0.831652707,3.094689424,1.056972022,1.006104548,1.583425608,0.640132207,9.01507755,31.79731851,0.006848123,3.514839347,-0.000538767,0.00339629,-0.004614018,-0.004721258,-7.50E-05,-1.44E-05,-0.000519043,-3.06E-06,-3.53E-05,-6.31E-06,9.84E-07,4.69E-91,1.94E-05,-2929.268654,0.000304896,0.001536235,-3.51E-05,7.85E-05,4.14E-05,-0.000145856,1.038074525,0.980596561,1.091804711,0.411773161,0.602930631,0.921798083,1.271176095,0,0.20159898,0,1.088228652,275.7628625,619128660
1548713,3.056760459,5.22975952,13.34717999,76.47331028,0.856256939,2.799374102,1.138886321,1.481421132,0.889538672,0.654402966,8.695784508,38.73742115,-0.003303251,1.663908034,0.003810093,0.018233913,-0.003268393,-0.00382417,-7.42E-05,-2.20E-05,-0.000552785,-1.98E-06,-5.10E-05,-8.21E-06,0.0044607,0.00053738,0.036025851,-2.154981677,0.000223856,0.00158223,-7.81E-05,0.000131304,0.000159289,0.001545912,1.074904653,0.957092401,0.969162604,0.76774429,1.240921696,1.171780116,0.774853049,0,1.410724113,0,1.065157093,279.0014871,619292250
1549575,5.495825865,1.963648841,22.3452315,145.2872268,1.476948535,3.026944452,1.035278355,1.118707703,0.920703376,0.302328921,7.707517953,32.95625512,0.00316127,5.742371233,0.000153753,0.022968906,-0.003043029,-0.001637489,-6.68E-05,-3.66E-05,-0.000529696,-2.41E-06,-2.04E-05,-5.70E-06,0.004633708,1.12E-14,0.001158577,-1.661057643,0.000210257,0.000936526,-0.000134106,9.40E-05,0.000347467,0.002071251,0.874032689,1.041709808,0.81105663,1.588281219,0.857095245,0.815452056,0.999507118,0,0.738198631,0,0.994041945,275.1033639,619636188
1553486,11.22090312,3.136884817,10.49909188,92.78086482,0.975161979,4.654637707,0.772333971,1.700963677,1.798643907,0.557597393,6.841943506,37.27519705,0.000824313,-0.959441312,0.004036834,0.011191002,-0.007247545,-0.003864985,-4.52E-05,7.01E-06,-0.000500044,-3.75E-06,-5.49E-05,-7.11E-06,0.061589945,7.10E-43,0.070416274,-0.407620414,0.00027647,0.001083383,-4.37E-05,1.95E-05,-0.000259733,0.00243956,1.019934963,1.094215973,0.853905703,1.617983689,1.665653717,0.926507618,0.71284921,0,0.170565905,0,0.930084589,277.4315683,621196677
1553669,8.584668032,3.447360104,17.16859981,82.03938694,1.391267411,2.798674357,1.097165925,1.082990558,1.56501421,0.513167627,6.689564072,38.0805323,-0.002025825,2.965239151,0.002705388,0.023750429,-0.003310124,-0.001230009,-6.33E-05,-3.67E-05,-0.000567128,-2.30E-06,-5.62E-05,-5.28E-06,0.011272879,57.91314752,1.41E-15,-0.692800677,0.000249306,0.001008873,-6.24E-05,0.000159999,-0.000307267,0.000588132,1.126119439,1.057558933,1.205504659,1.877292892,1.108034578,1.004585979,1.173341582,0,1.723662202,0,0.919238922,275.3783297,621269694
1558228,11.49838879,2.292028797,16.04859279,90.52159892,1.415195532,2.991314109,0.734410637,0.868864276,0.834034941,0.24069397,7.44482534,32.59495101,0.002918313,0.827529404,0.003386582,0.021366833,-0.004099643,-0.004220803,-8.19E-05,-2.60E-05,-0.000489667,-1.97E-06,-2.83E-05,-7.64E-06,0.005959733,145.4768364,9.12E-12,-0.308019976,0.000207638,0.001208614,-0.000121824,-1.29E-05,0.000209211,0.000647777,1.139938332,1.042602657,1.009166086,2.543906061,1.426822281,1.330108321,1.376698966,0,0.667893251,0,0.974926641,281.254056,623088735
1559823,9.712616149,2.57165341,7.709265707,157.4989364,1.917274276,4.550736254,0.741137172,1.044816156,1.528861347,0.490872961,10.72157108,28.31175681,0.009202709,0.319841315,0.00301963,0.011609137,-0.002578103,-0.000460672,-6.26E-05,-1.60E-05,-0.000494282,-1.22E-06,-3.28E-05,-6.96E-06,0.004410769,10.32736573,4.79E-11,-0.57021772,0.000186881,0.001300185,-0.000154585,9.89E-05,3.27E-06,0.000825756,0.945788762,1.111370964,0.981334073,0.307139295,1.43652458,0.903607345,0.867102945,0,0.881249829,0,1.218185677,277.7383862,623725140
1561064,5.084032619,5.197574893,18.5087417,100.3956533,1.119666132,2.184003443,1.489568974,1.167306432,0.840448555,0.608058142,8.840396954,32.98243397,0.00285264,0.436170394,0.004527306,0.019186781,-0.002453087,-0.001537236,-8.50E-05,1.99E-06,-0.000540992,-2.04E-06,-2.59E-05,-8.83E-06,0.006942118,136.7562914,7.32E-18,-1.02477654,0.000191422,0.001286579,-9.87E-05,0.000162853,0.000134872,0.000704959,0.980666234,0.994433497,1.174213111,1.348469048,1.164091957,0.844940314,1.419552634,0,1.189182678,0,1.075807051,278.9393588,624220299
1561485,6.333987644,4.104223815,6.992478601,278.652077,1.755494296,2.361869037,0.519650629,0.502208546,0.776226056,0.58117845,8.438751254,32.13890904,0.004507685,1.470167439,0.003248798,0.030636616,-0.003176339,-0.00180683,-5.98E-05,8.63E-06,-0.000516641,-2.89E-06,-4.36E-06,-6.61E-06,0.004711798,0.103447178,4.18E-18,-1.470919196,0.000186802,0.001762346,-1.45E-06,3.04E-05,0.00014338,0.001201914,1.019733537,0.859683776,0.986712602,0.373954043,1.156351016,1.3064446,0.633663548,0,0.119548549,0,1.047265786,277.0953547,624388278
1569401,8.424055214,3.80075259,15.16098227,152.4067015,1.53990866,2.851900292,1.588512286,1.14278635,0.728626225,0.527540585,9.141656773,34.71379028,0.003211817,0.48704697,0.002606212,0.002546317,-0.006348237,-0.004179995,-6.80E-05,-1.46E-05,-0.000556857,-8.35E-07,-2.93E-05,-5.26E-06,0.011656691,7.826363144,0.005019656,-0.550302512,0.000269326,0.001436092,-8.74E-05,5.76E-05,-0.000144575,0.00091072,1.073088951,0.998532487,1.134279954,1.348074096,0.614543763,0.922192159,1.376783896,0,1.744727494,0,1.096957359,277.7178314,627546762
1570403,25.61624759,1.861680364,12.25076378,114.9742877,1.741059682,5.750417834,0.702549952,1.367552801,2.3432186,0.644379116,10.06229253,35.35723632,0.001400016,3.515892797,0.000450064,0.019645838,-0.005186783,-0.000977094,-6.65E-05,2.90E-06,-0.000499125,-2.53E-06,-4.71E-05,-8.23E-06,0.008764292,17728.65486,0.001322675,-0.42161966,0.000229631,0.00109966,-7.55E-05,7.96E-05,-0.000206921,0.00111735,1.091471189,1.0279144,0.720444237,1.596494068,1.234362962,1.163600252,1.284858318,0,0.694886336,0,1.165582618,277.5729254,627946560
1574503,4.584373645,4.296614375,6.204473711,39.76212901,1.01110979,3.766339546,0.866754708,1.881661057,0.610129559,0.537096466,8.468673747,29.97157554,0.006630425,3.196115053,0.000980807,0.000236887,-0.007482945,-0.001762778,-6.60E-05,-1.38E-05,-0.000478661,-3.46E-06,-3.23E-05,-8.04E-06,0.010888151,0.17034561,0.018586982,-1.424344516,0.000283823,0.001104945,4.83E-05,0.000103763,-7.78E-05,0.002450111,1.076460926,0.989800972,0.89118236,1.227467533,0.915017301,0.891687872,1.154340752,0,0.731149351,0,1.04941384,277.2375088,629582460
1576111,3.889318472,5.753127751,10.63556937,108.6151156,1.580340242,2.020236918,0.968696406,1.633962567,0.837595541,0.561292977,10.06217664,31.45030265,0.00500715,2.365950984,0.001830465,0.027921943,-0.003802294,-0.002899691,-9.85E-05,-1.26E-05,-0.000512464,-1.85E-06,-3.35E-05,-7.34E-06,0.02318101,3.20E-35,0.092388865,-0.980798209,0.000174116,0.001383216,-6.64E-05,3.91E-05,-0.000167419,0.001885135,0.994049202,1.059625431,1.018778319,0.447028197,0.986920368,0.842927103,1.090431439,0,1.609814567,0,1.165572404,277.8155354,630224052
1579161,13.50012985,3.468139219,6.90491602,60.04810815,0.820454156,7.726413432,0.75528629,1.55125628,1.575166912,0.597805578,9.31074248,31.64765508,0.006228414,1.298808727,0.000203992,0.008516391,-0.0022969,-0.003602734,-6.69E-05,1.57E-06,-0.000546529,-3.21E-06,-8.75E-06,-7.54E-06,1.48E-07,1.01E-11,1.91E-05,-4112.755136,0.000217328,0.001284948,2.57E-05,3.12E-05,0.000102977,0.001086572,1.037739127,0.918043659,1.131319007,0.101634738,1.338382546,0.954138149,0.747809453,0,0.759102605,0,1.10939261,280.7969464,631441002
1581231,16.47874906,4.029047856,9.571199234,47.32785326,0.916539832,2.513760301,0.615119829,1.302947503,1.858504448,0.494114911,6.422010572,35.4542084,0.001069579,3.07619565,0.002350015,0.022169257,-0.003341143,-0.004954521,-7.87E-05,1.56E-06,-0.000527419,-1.16E-06,-1.25E-05,-8.20E-06,6.06E-07,2.13E-91,1.73E-05,-3346.299786,0.000200878,0.00179416,-0.000148572,0.000118804,6.39E-05,0.00096482,1.03234798,0.930933633,0.954090301,0.83093205,0.721141301,0.829088379,1.003092942,0,0.575332785,0,0.899602934,276.5094643,632266932
1582483,7.246542117,5.274000122,7.124039956,106.0954803,1.559423606,2.181522393,0.571150524,1.267804484,0.924923796,0.468013561,8.759849731,36.80185487,-0.002014675,0.605044936,0.004436539,0.019849585,-0.003805807,-0.00440166,-4.90E-05,-4.91E-05,-0.000592245,-3.95E-06,-3.79E-05,-8.41E-06,0.005877377,0.409703876,1.01E-10,-0.82143916,0.000194986,0.001691677,-4.43E-05,0.000148391,0.000369903,0.001219953,1.050782137,1.057206221,0.999265997,1.12906827,1.007946785,1.130836021,0.742310972,0,1.035146752,0,1.069721522,280.7959341,632766480
1583395,3.728966633,3.504532378,11.37993684,173.4872588,0.882226952,3.411988933,0.798962615,0.853608795,0.754589777,0.387094669,6.495992786,35.33834628,-0.001509911,4.805760191,0.001971624,0.022532603,-0.003907973,-0.002454928,-7.59E-05,-2.67E-05,-0.000526027,-3.24E-06,-4.01E-05,-8.06E-06,1.75E-07,4.24E-08,3.50E-06,-15366.29787,0.000198077,0.001009537,-8.42E-05,7.81E-05,-7.61E-05,0.001537945,1.042902835,0.977612344,0.70809961,0.330356104,0.65728859,1.121952224,1.387045246,0,2.76742741,0,0.905060096,278.43619,633130368
1584859,8.019183186,5.064452941,25.85001892,82.7061532,1.105348288,1.97106334,1.518883938,1.579981698,0.834712546,0.713913046,8.446119753,39.10858728,-0.001377493,-0.528534039,0.004445721,0.027695373,-0.003268689,-0.001545284,-6.16E-05,-2.16E-05,-0.00052461,-7.12E-07,-2.02E-05,-7.28E-06,0.134883943,2.27E-44,0.687041911,-1.064402146,0.000173895,0.000960854,2.44E-05,0.000136217,-6.35E-05,0.001119871,1.00095352,1.098739548,0.895277675,0.551203981,1.517389596,1.050872172,0.960746836,0,0.902190199,0,1.047751082,276.4019804,633714504
1585668,6.988914011,4.901765056,27.6220699,109.7996562,1.582270597,2.66636175,1.298491289,1.321735114,1.150311313,0.495046332,7.767210015,29.90009148,0.006170517,3.773964582,0.000445447,0.024197187,-0.003713385,-0.001501141,-5.35E-05,-5.67E-05,-0.00049948,-6.76E-07,-5.61E-05,-7.36E-06,1.11E-06,4.42E-91,4.27E-06,-3241.058778,0.000195997,0.001683854,3.01E-05,0.000194172,-0.000179117,0.001825645,0.789413426,1.075636392,1.030773441,1.082052936,1.242040201,0.889093837,0.878388793,0,1.069958229,0,0.998710364,277.7306755,634037295
1588951,6.873355905,5.226278654,32.0095635,96.08285874,1.414786975,1.021974876,1.816242288,1.024398995,0.758378021,0.470627898,8.121567926,34.6422414,0.003276937,-0.112670489,0.002463736,0.001753116,-0.0060032,-0.003874121,-5.00E-05,1.50E-05,-0.000535007,-2.10E-06,-2.87E-05,-9.18E-06,0.010270281,0.566580218,0.015106855,-0.865942478,0.000192746,0.001005451,-8.55E-05,0.000160129,0.000212109,0.002376041,1.218368141,0.857235404,0.902065588,0.685690999,1.175117268,1.130363543,0.845509278,0,1.805206284,0,1.023317364,278.1642512,635347212
1589951,1.412653862,4.212154457,15.49978983,123.3054506,0.967030112,3.105604474,0.89801138,1.252693162,0.402317742,0.490025916,7.524176163,31.7126591,0.006988732,1.901404106,-0.000608565,0.013863035,-0.00297,-0.003703911,-5.40E-05,-1.91E-05,-0.000545601,-9.17E-07,-2.86E-05,-7.94E-06,0.001437572,1101.789016,1.71E-27,-0.706164686,0.000279402,0.001303683,2.13E-05,0.000145585,6.88E-05,0.00060337,0.691101285,0.973721357,1.003079269,1.64660091,1.16437745,1.028679792,0.641951819,0,1.714797603,0,0.980333746,278.515484,635746212
1593509,7.563123391,5.128692618,23.53007373,26.15147922,0.903402303,3.500627647,1.707557023,1.487199669,0.902600723,0.620417327,8.416844453,32.44065071,0.004159141,3.897642533,0.000835218,0.040936112,-0.005711608,-0.00122079,-5.86E-05,-2.16E-05,-0.000666482,-2.84E-06,-2.87E-05,-7.64E-06,3.35E-07,5.70E-93,1.82E-05,-5424.78486,0.000212101,0.000884978,-3.41E-05,0.00018206,0.000434554,0.00177201,1.036789955,1.110103174,1.044199362,1.520043506,1.038414581,1.082101191,0.722045396,0,0.100845581,0,1.045840517,276.9809683,637165854
1595963,3.315031004,3.953305535,15.30689463,298.063883,2.160145843,2.550570383,1.193317983,0.500719391,0.848824355,0.792770354,9.34085648,36.73757832,6.98E-06,0.305531114,0.004164322,0.030355733,-0.005150755,-0.004197265,-6.81E-05,-1.64E-05,-0.000544041,-2.22E-06,-4.06E-05,-7.90E-06,0.005577869,8.527103561,1.78E-11,-0.710934087,0.000238099,0.001519471,-0.000118562,0.000130706,3.62E-05,0.001058833,1.169071185,1.084373997,1.173454513,0.651498475,0.784873561,1.007218489,1.429140492,0,0.661468596,0,1.11135818,277.4601887,638145000
1597085,0.891957874,4.506967331,18.48278875,55.22493723,0.960727604,1.737965441,0.729123805,1.361734605,0.164734137,0.236177557,5.000840017,32.69222701,0.004821377,4.243007306,0.000639332,0.046578947,-0.00577008,-0.003343373,-5.60E-05,-2.98E-06,-0.00064858,-2.25E-06,-2.93E-05,-8.84E-06,0.026347335,475.8541194,3.10E-16,-0.812597179,0.000202782,0.001601846,3.57E-05,0.000197886,4.31E-06,0.001522513,0.796075326,0.90708068,1.272244958,1.154510376,1.711787881,1.099711747,1.062860985,0,0.489099752,0,0.784032819,275.0455304,638592678
