Year,CO2-BAU,CH4-BAU,N2O-BAU,HFC-BAU,PFC-BAU,SF6-BAU,CO2B-BAU,CH4B-BAU,CO2-S1,CH4-S1,N2O-S1,HFC-S1,PFC-S1,SF6-S1,CO2B-S1,CH4B-S1,CO2-S2,CH4-S2,N2O-S2,HFC-S2,PFC-S2,SF6-S2,CO2B-S2,CH4B-S2,CO2-S3,CH4-S3,N2O-S3,HFC-S3,PFC-S3,SF6-S3,CO2B-S3,CH4B-S3
1750,14.99,0.0,0.0,0.0,0.0,0.0,0.0,0.0,14.99,0.0,0.0,0.0,0.0,0.0,0.0,0.0,14.99,0.0,0.0,0.0,0.0,0.0,0.0,0.0,14.99,0.0,0.0,0.0,0.0,0.0,0.0,0.0
1751,14.99,0.0,0.0,0.0,0.0,0.0,0.0,0.0,14.99,0.0,0.0,0.0,0.0,0.0,0.0,0.0,14.99,0.0,0.0,0.0,0.0,0.0,0.0,0.0,14.99,0.0,0.0,0.0,0.0,0.0,0.0,0.0
1752,14.99,0.0,0.0,0.0,0.0,0.0,0.0,0.0,14.99,0.0,0.0,0.0,0.0,0.0,0.0,0.0,14.99,0.0,0.0,0.0,0.0,0.0,0.0,0.0,14.99,0.0,0.0,0.0,0.0,0.0,0.0,0.0
1753,14.99,0.0,0.0,0.0,0.0,0.0,0.0,0.0,14.99,0.0,0.0,0.0,0.0,0.0,0.0,0.0,14.99,0.0,0.0,0.0,0.0,0.0,0.0,0.0,14.99,0.0,0.0,0.0,0.0,0.0,0.0,0.0
1754,14.99,0.0,0.0,0.0,0.0,0.0,0.0,0.0,14.99,0.0,0.0,0.0,0.0,0.0,0.0,0.0,14.99,0.0,0.0,0.0,0.0,0.0,0.0,0.0,14.99,0.0,0.0,0.0,0.0,0.0,0.0,0.0
1755,14.99,0.0,0.0,0.0,0.0,0.0,0.0,0.0,14.99,0.0,0.0,0.0,0.0,0.0,0.0,0.0,14.99,0.0,0.0,0.0,0.0,0.0,0.0,0.0,14.99,0.0,0.0,0.0,0.0,0.0,0.0,0.0
1756,14.99,0.0,0.0,0.0,0.0,0.0,0.0,0.0,14.99,0.0,0.0,0.0,0.0,0.0,0.0,0.0,14.99,0.0,0.0,0.0,0.0,0.0,0.0,0.0,14.99,0.0,0.0,0.0,0.0,0.0,0.0,0.0
1757,14.99,0.0,0.0,0.0,0.0,0.0,0.0,0.0,14.99,0.0,0.0,0.0,0.0,0.0,0.0,0.0,14.99,0.0,0.0,0.0,0.0,0.0,0.0,0.0,14.99,0.0,0.0,0.0,0.0,0.0,0.0,0.0
1758,14.99,0.0,0.0,0.0,0.0,0.0,0.0,0.0,14.99,0.0,0.0,0.0,0.0,0.0,0.0,0.0,14.99,0.0,0.0,0.0,0.0,0.0,0.0,0.0,14.99,0.0,0.0,0.0,0.0,0.0,0.0,0.0
1759,14.99,0.0,0.0,0.0,0.0,0.0,0.0,0.0,14.99,0.0,0.0,0.0,0.0,0.0,0.0,0.0,14.99,0.0,0.0,0.0,0.0,0.0,0.0,0.0,14.99,0.0,0.0,0.0,0.0,0.0,0.0,0.0
1760,14.99,0.0,0.0,0.0,0.0,0.0,0.0,0.0,14.99,0.0,0.0,0.0,0.0,0.0,0.0,0.0,14.99,0.0,0.0,0.0,0.0,0.0,0.0,0.0,14.99,0.0,0.0,0.0,0.0,0.0,0.0,0.0
1761,14.99,0.0,0.0,0.0,0.0,0.0,0.0,0.0,14.99,0.0,0.0,0.0,0.0,0.0,0.0,0.0,14.99,0.0,0.0,0.0,0.0,0.0,0.0,0.0,14.99,0.0,0.0,0.0,0.0,0.0,0.0,0.0
1762,14.99,0.0,0.0,0.0,0.0,0.0,0.0,0.0,14.99,0.0,0.0,0.0,0.0,0.0,0.0,0.0,14.99,0.0,0.0,0.0,0.0,0.0,0.0,0.0,14.99,0.0,0.0,0.0,0.0,0.0,0.0,0.0
1763,14.99,0.0,0.0,0.0,0.0,0.0,0.0,0.0,14.99,0.0,0.0,0.0,0.0,0.0,0.0,0.0,14.99,0.0,0.0,0.0,0.0,0.0,0.0,0.0,14.99,0.0,0.0,0.0,0.0,0.0,0.0,0.0
1764,14.99,0.0,0.0,0.0,0.0,0.0,0.0,0.0,14.99,0.0,0.0,0.0,0.0,0.0,0.0,0.0,14.99,0.0,0.0,0.0,0.0,0.0,0.0,0.0,14.99,0.0,0.0,0.0,0.0,0.0,0.0,0.0
1765,14.99,0.0,0.0,0.0,0.0,0.0,0.0,0.0,14.99,0.0,0.0,0.0,0.0,0.0,0.0,0.0,14.99,0.0,0.0,0.0,0.0,0.0,0.0,0.0,14.99,0.0,0.0,0.0,0.0,0.0,0.0,0.0
1766,14.99,64.35,9.32,0.0,0.0,0.0,21.0,64.35,14.99,64.35,9.32,0.0,0.0,0.0,20.72,64.35,14.99,64.35,9.32,0.0,0.0,0.0,20.72,64.35,14.99,64.35,9.32,0.0,0.0,0.0,20.72,64.35
1767,14.99,79.86,18.17,0.0,0.0,0.0,41.43,79.86,14.99,79.86,18.17,0.0,0.0,0.0,41.43,79.86,14.99,79.86,18.17,0.0,0.0,0.0,41.43,79.86,14.99,79.86,18.17,0.0,0.0,0.0,41.43,79.86
1768,14.99,95.41,27.02,0.0,0.0,0.0,62.15,95.41,14.99,95.41,27.02,0.0,0.0,0.0,62.15,95.41,14.99,95.41,27.02,0.0,0.0,0.0,62.15,95.41,14.99,95.41,27.02,0.0,0.0,0.0,62.15,95.41
1769,14.99,111.02,35.86,0.0,0.0,0.0,82.87,111.02,14.99,111.02,35.86,0.0,0.0,0.0,82.87,111.02,14.99,111.02,35.86,0.0,0.0,0.0,82.87,111.02,14.99,111.02,35.86,0.0,0.0,0.0,82.87,111.02
1770,14.99,126.68,44.71,0.0,0.0,0.0,103.59,126.68,14.99,126.68,44.71,0.0,0.0,0.0,103.59,126.68,14.99,126.68,44.71,0.0,0.0,0.0,103.59,126.68,14.99,126.68,44.71,0.0,0.0,0.0,103.59,126.68
1771,19.99,142.39,53.56,0.0,0.0,0.0,124.3,142.39,19.99,142.39,53.56,0.0,0.0,0.0,124.3,142.39,19.99,142.39,53.56,0.0,0.0,0.0,124.3,142.39,19.99,142.39,53.56,0.0,0.0,0.0,124.3,142.39
1772,19.99,158.16,62.41,0.0,0.0,0.0,145.02,158.16,19.99,158.16,62.41,0.0,0.0,0.0,145.02,158.16,19.99,158.16,62.41,0.0,0.0,0.0,145.02,158.16,19.99,158.16,62.41,0.0,0.0,0.0,145.02,158.16
1773,19.99,173.98,71.26,0.0,0.0,0.0,165.74,173.98,19.99,173.98,71.26,0.0,0.0,0.0,165.74,173.98,19.99,173.98,71.26,0.0,0.0,0.0,165.74,173.98,19.99,173.98,71.26,0.0,0.0,0.0,165.74,173.98
1774,19.99,189.86,80.11,0.0,0.0,0.0,186.46,189.86,19.99,189.86,80.11,0.0,0.0,0.0,186.46,189.86,19.99,189.86,80.11,0.0,0.0,0.0,186.46,189.86,19.99,189.86,80.11,0.0,0.0,0.0,186.46,189.86
1775,19.99,205.8,88.96,0.0,0.0,0.0,207.17,205.8,19.99,205.8,88.96,0.0,0.0,0.0,207.17,205.8,19.99,205.8,88.96,0.0,0.0,0.0,207.17,205.8,19.99,205.8,88.96,0.0,0.0,0.0,207.17,205.8
1776,19.99,221.8,97.81,0.0,0.0,0.0,227.89,221.8,19.99,221.8,97.81,0.0,0.0,0.0,227.89,221.8,19.99,221.8,97.81,0.0,0.0,0.0,227.89,221.8,19.99,221.8,97.81,0.0,0.0,0.0,227.89,221.8
1777,19.99,237.86,106.66,0.0,0.0,0.0,248.61,237.86,19.99,237.86,106.66,0.0,0.0,0.0,248.61,237.86,19.99,237.86,106.66,0.0,0.0,0.0,248.61,237.86,19.99,237.86,106.66,0.0,0.0,0.0,248.61,237.86
1778,19.99,253.99,115.51,0.0,0.0,0.0,269.33,253.99,19.99,253.99,115.51,0.0,0.0,0.0,269.33,253.99,19.99,253.99,115.51,0.0,0.0,0.0,269.33,253.99,19.99,253.99,115.51,0.0,0.0,0.0,269.33,253.99
1779,19.99,270.19,124.36,0.0,0.0,0.0,290.04,270.19,19.99,270.19,124.36,0.0,0.0,0.0,290.04,270.19,19.99,270.19,124.36,0.0,0.0,0.0,290.04,270.19,19.99,270.19,124.36,0.0,0.0,0.0,290.04,270.19
1780,19.99,286.45,133.22,0.0,0.0,0.0,310.76,286.45,19.99,286.45,133.22,0.0,0.0,0.0,310.76,286.45,19.99,286.45,133.22,0.0,0.0,0.0,310.76,286.45,19.99,286.45,133.22,0.0,0.0,0.0,310.76,286.45
1781,24.98,302.79,142.07,0.0,0.0,0.0,331.48,302.79,24.98,302.79,142.07,0.0,0.0,0.0,331.48,302.79,24.98,302.79,142.07,0.0,0.0,0.0,331.48,302.79,24.98,302.79,142.07,0.0,0.0,0.0,331.48,302.79
1782,24.98,319.2,150.93,0.0,0.0,0.0,352.2,319.2,24.98,319.2,150.93,0.0,0.0,0.0,352.2,319.2,24.98,319.2,150.93,0.0,0.0,0.0,352.2,319.2,24.98,319.2,150.93,0.0,0.0,0.0,352.2,319.2
1783,24.98,335.69,159.78,0.0,0.0,0.0,372.91,335.69,24.98,335.69,159.78,0.0,0.0,0.0,372.91,335.69,24.98,335.69,159.78,0.0,0.0,0.0,372.91,335.69,24.98,335.69,159.78,0.0,0.0,0.0,372.91,335.69
1784,24.98,352.26,168.64,0.0,0.0,0.0,393.63,352.26,24.98,352.26,168.64,0.0,0.0,0.0,393.63,352.26,24.98,352.26,168.64,0.0,0.0,0.0,393.63,352.26,24.98,352.26,168.64,0.0,0.0,0.0,393.63,352.26
1785,24.98,368.9,177.5,0.0,0.0,0.0,414.35,368.9,24.98,368.9,177.5,0.0,0.0,0.0,414.35,368.9,24.98,368.9,177.5,0.0,0.0,0.0,414.35,368.9,24.98,368.9,177.5,0.0,0.0,0.0,414.35,368.9
1786,24.98,385.64,186.35,0.0,0.0,0.0,435.07,385.64,24.98,385.64,186.35,0.0,0.0,0.0,435.07,385.64,24.98,385.64,186.35,0.0,0.0,0.0,435.07,385.64,24.98,385.64,186.35,0.0,0.0,0.0,435.07,385.64
1787,24.98,402.45,195.21,0.0,0.0,0.0,455.78,402.45,24.98,402.45,195.21,0.0,0.0,0.0,455.78,402.45,24.98,402.45,195.21,0.0,0.0,0.0,455.78,402.45,24.98,402.45,195.21,0.0,0.0,0.0,455.78,402.45
1788,24.98,419.36,204.07,0.0,0.0,0.0,476.5,419.36,24.98,419.36,204.07,0.0,0.0,0.0,476.5,419.36,24.98,419.36,204.07,0.0,0.0,0.0,476.5,419.36,24.98,419.36,204.07,0.0,0.0,0.0,476.5,419.36
1789,24.98,436.35,212.93,0.0,0.0,0.0,497.22,436.35,24.98,436.35,212.93,0.0,0.0,0.0,497.22,436.35,24.98,436.35,212.93,0.0,0.0,0.0,497.22,436.35,24.98,436.35,212.93,0.0,0.0,0.0,497.22,436.35
1790,24.98,453.45,221.8,0.0,0.0,0.0,517.94,453.45,24.98,453.45,221.8,0.0,0.0,0.0,517.94,453.45,24.98,453.45,221.8,0.0,0.0,0.0,517.94,453.45,24.98,453.45,221.8,0.0,0.0,0.0,517.94,453.45
1791,29.98,470.63,230.66,0.0,0.0,0.0,538.65,470.63,29.98,470.63,230.66,0.0,0.0,0.0,538.65,470.63,29.98,470.63,230.66,0.0,0.0,0.0,538.65,470.63,29.98,470.63,230.66,0.0,0.0,0.0,538.65,470.63
1792,29.98,487.92,239.52,0.0,0.0,0.0,559.37,487.92,29.98,487.92,239.52,0.0,0.0,0.0,559.37,487.92,29.98,487.92,239.52,0.0,0.0,0.0,559.37,487.92,29.98,487.92,239.52,0.0,0.0,0.0,559.37,487.92
1793,29.98,505.31,248.39,0.0,0.0,0.0,580.09,505.31,29.98,505.31,248.39,0.0,0.0,0.0,580.09,505.31,29.98,505.31,248.39,0.0,0.0,0.0,580.09,505.31,29.98,505.31,248.39,0.0,0.0,0.0,580.09,505.31
1794,29.98,522.81,257.25,0.0,0.0,0.0,600.81,522.81,29.98,522.81,257.25,0.0,0.0,0.0,600.81,522.81,29.98,522.81,257.25,0.0,0.0,0.0,600.81,522.81,29.98,522.81,257.25,0.0,0.0,0.0,600.81,522.81
1795,29.98,540.42,266.12,0.0,0.0,0.0,621.52,540.42,29.98,540.42,266.12,0.0,0.0,0.0,621.52,540.42,29.98,540.42,266.12,0.0,0.0,0.0,621.52,540.42,29.98,540.42,266.12,0.0,0.0,0.0,621.52,540.42
1796,29.98,558.14,274.99,0.0,0.0,0.0,642.24,558.14,29.98,558.14,274.99,0.0,0.0,0.0,642.24,558.14,29.98,558.14,274.99,0.0,0.0,0.0,642.24,558.14,29.98,558.14,274.99,0.0,0.0,0.0,642.24,558.14
1797,34.98,575.98,283.86,0.0,0.0,0.0,662.96,575.98,34.98,575.98,283.86,0.0,0.0,0.0,662.96,575.98,34.98,575.98,283.86,0.0,0.0,0.0,662.96,575.98,34.98,575.98,283.86,0.0,0.0,0.0,662.96,575.98
1798,34.98,593.93,292.73,0.0,0.0,0.0,683.68,593.93,34.98,593.93,292.73,0.0,0.0,0.0,683.68,593.93,34.98,593.93,292.73,0.0,0.0,0.0,683.68,593.93,34.98,593.93,292.73,0.0,0.0,0.0,683.68,593.93
1799,34.98,612.02,301.6,0.0,0.0,0.0,704.39,612.02,34.98,612.02,301.6,0.0,0.0,0.0,704.39,612.02,34.98,612.02,301.6,0.0,0.0,0.0,704.39,612.02,34.98,612.02,301.6,0.0,0.0,0.0,704.39,612.02
1800,39.98,630.22,310.47,0.0,0.0,0.0,725.11,630.22,39.98,630.22,310.47,0.0,0.0,0.0,725.11,630.22,39.98,630.22,310.47,0.0,0.0,0.0,725.11,630.22,39.98,630.22,310.47,0.0,0.0,0.0,725.11,630.22
1801,39.98,648.57,319.34,0.0,0.0,0.0,745.83,648.57,39.98,648.57,319.34,0.0,0.0,0.0,745.83,648.57,39.98,648.57,319.34,0.0,0.0,0.0,745.83,648.57,39.98,648.57,319.34,0.0,0.0,0.0,745.83,648.57
1802,49.97,667.04,328.22,0.0,0.0,0.0,766.55,667.04,49.97,667.04,328.22,0.0,0.0,0.0,766.55,667.04,49.97,667.04,328.22,0.0,0.0,0.0,766.55,667.04,49.97,667.04,328.22,0.0,0.0,0.0,766.55,667.04
1803,44.97,685.66,337.09,0.0,0.0,0.0,787.26,685.66,44.97,685.66,337.09,0.0,0.0,0.0,787.26,685.66,44.97,685.66,337.09,0.0,0.0,0.0,787.26,685.66,44.97,685.66,337.09,0.0,0.0,0.0,787.26,685.66
1804,44.97,704.42,345.97,0.0,0.0,0.0,807.98,704.42,44.97,704.42,345.97,0.0,0.0,0.0,807.98,704.42,44.97,704.42,345.97,0.0,0.0,0.0,807.98,704.42,44.97,704.42,345.97,0.0,0.0,0.0,807.98,704.42
1805,44.97,723.33,354.85,0.0,0.0,0.0,828.7,723.33,44.97,723.33,354.85,0.0,0.0,0.0,828.7,723.33,44.97,723.33,354.85,0.0,0.0,0.0,828.7,723.33,44.97,723.33,354.85,0.0,0.0,0.0,828.7,723.33
1806,49.97,742.39,363.73,0.0,0.0,0.0,849.42,742.39,49.97,742.39,363.73,0.0,0.0,0.0,849.42,742.39,49.97,742.39,363.73,0.0,0.0,0.0,849.42,742.39,49.97,742.39,363.73,0.0,0.0,0.0,849.42,742.39
1807,49.97,761.61,372.62,0.0,0.0,0.0,870.13,761.61,49.97,761.61,372.62,0.0,0.0,0.0,870.13,761.61,49.97,761.61,372.62,0.0,0.0,0.0,870.13,761.61,49.97,761.61,372.62,0.0,0.0,0.0,870.13,761.61
1808,49.97,781.0,381.5,0.0,0.0,0.0,890.85,781.0,49.97,781.0,381.5,0.0,0.0,0.0,890.85,781.0,49.97,781.0,381.5,0.0,0.0,0.0,890.85,781.0,49.97,781.0,381.5,0.0,0.0,0.0,890.85,781.0
1809,49.97,800.55,390.38,0.0,0.0,0.0,911.57,800.55,49.97,800.55,390.38,0.0,0.0,0.0,911.57,800.55,49.97,800.55,390.38,0.0,0.0,0.0,911.57,800.55,49.97,800.55,390.38,0.0,0.0,0.0,911.57,800.55
1810,49.97,820.28,399.27,0.0,0.0,0.0,932.29,820.28,49.97,820.28,399.27,0.0,0.0,0.0,932.29,820.28,49.97,820.28,399.27,0.0,0.0,0.0,932.29,820.28,49.97,820.28,399.27,0.0,0.0,0.0,932.29,820.28
1811,54.97,840.18,408.16,0.0,0.0,0.0,953.0,840.18,54.97,840.18,408.16,0.0,0.0,0.0,953.0,840.18,54.97,840.18,408.16,0.0,0.0,0.0,953.0,840.18,54.97,840.18,408.16,0.0,0.0,0.0,953.0,840.18
1812,54.97,860.27,417.05,0.0,0.0,0.0,973.72,860.27,54.97,860.27,417.05,0.0,0.0,0.0,973.72,860.27,54.97,860.27,417.05,0.0,0.0,0.0,973.72,860.27,54.97,860.27,417.05,0.0,0.0,0.0,973.72,860.27
1813,54.97,880.55,425.94,0.0,0.0,0.0,994.44,880.55,54.97,880.55,425.94,0.0,0.0,0.0,994.44,880.55,54.97,880.55,425.94,0.0,0.0,0.0,994.44,880.55,54.97,880.55,425.94,0.0,0.0,0.0,994.44,880.55
1814,54.97,901.02,434.84,0.0,0.0,0.0,1015.16,901.02,54.97,901.02,434.84,0.0,0.0,0.0,1015.16,901.02,54.97,901.02,434.84,0.0,0.0,0.0,1015.16,901.02,54.97,901.02,434.84,0.0,0.0,0.0,1015.16,901.02
1815,59.96,921.7,443.74,0.0,0.0,0.0,1035.87,921.7,59.96,921.7,443.74,0.0,0.0,0.0,1035.87,921.7,59.96,921.7,443.74,0.0,0.0,0.0,1035.87,921.7,59.96,921.7,443.74,0.0,0.0,0.0,1035.87,921.7
1816,64.96,942.58,452.63,0.0,0.0,0.0,1056.59,942.58,64.96,942.58,452.63,0.0,0.0,0.0,1056.59,942.58,64.96,942.58,452.63,0.0,0.0,0.0,1056.59,942.58,64.96,942.58,452.63,0.0,0.0,0.0,1056.59,942.58
1817,69.96,963.68,461.54,0.0,0.0,0.0,1077.31,963.68,69.96,963.68,461.54,0.0,0.0,0.0,1077.31,963.68,69.96,963.68,461.54,0.0,0.0,0.0,1077.31,963.68,69.96,963.68,461.54,0.0,0.0,0.0,1077.31,963.68
1818,69.96,985.0,470.44,0.0,0.0,0.0,1098.03,985.0,69.96,985.0,470.44,0.0,0.0,0.0,1098.03,985.0,69.96,985.0,470.44,0.0,0.0,0.0,1098.03,985.0,69.96,985.0,470.44,0.0,0.0,0.0,1098.03,985.0
1819,69.96,1006.55,479.34,0.0,0.0,0.0,1118.74,1006.55,69.96,1006.55,479.34,0.0,0.0,0.0,1118.74,1006.55,69.96,1006.55,479.34,0.0,0.0,0.0,1118.74,1006.55,69.96,1006.55,479.34,0.0,0.0,0.0,1118.74,1006.55
1820,69.96,1028.33,488.25,0.0,0.0,0.0,1139.46,1028.33,69.96,1028.33,488.25,0.0,0.0,0.0,1139.46,1028.33,69.96,1028.33,488.25,0.0,0.0,0.0,1139.46,1028.33,69.96,1028.33,488.25,0.0,0.0,0.0,1139.46,1028.33
1821,69.96,1050.35,497.16,0.0,0.0,0.0,1160.18,1050.35,69.96,1050.35,497.16,0.0,0.0,0.0,1160.18,1050.35,69.96,1050.35,497.16,0.0,0.0,0.0,1160.18,1050.35,69.96,1050.35,497.16,0.0,0.0,0.0,1160.18,1050.35
1822,74.95,1072.63,506.07,0.0,0.0,0.0,1180.9,1072.63,74.95,1072.63,506.07,0.0,0.0,0.0,1180.9,1072.63,74.95,1072.63,506.07,0.0,0.0,0.0,1180.9,1072.63,74.95,1072.63,506.07,0.0,0.0,0.0,1180.9,1072.63
1823,79.95,1095.16,514.99,0.0,0.0,0.0,1201.61,1095.16,79.95,1095.16,514.99,0.0,0.0,0.0,1201.61,1095.16,79.95,1095.16,514.99,0.0,0.0,0.0,1201.61,1095.16,79.95,1095.16,514.99,0.0,0.0,0.0,1201.61,1095.16
1824,79.95,1117.95,523.9,0.0,0.0,0.0,1222.33,1117.95,79.95,1117.95,523.9,0.0,0.0,0.0,1222.33,1117.95,79.95,1117.95,523.9,0.0,0.0,0.0,1222.33,1117.95,79.95,1117.95,523.9,0.0,0.0,0.0,1222.33,1117.95
1825,84.95,1141.02,532.82,0.0,0.0,0.0,1243.05,1141.02,84.95,1141.02,532.82,0.0,0.0,0.0,1243.05,1141.02,84.95,1141.02,532.82,0.0,0.0,0.0,1243.05,1141.02,84.95,1141.02,532.82,0.0,0.0,0.0,1243.05,1141.02
1826,84.95,1164.38,541.75,0.0,0.0,0.0,1263.77,1164.38,84.95,1164.38,541.75,0.0,0.0,0.0,1263.77,1164.38,84.95,1164.38,541.75,0.0,0.0,0.0,1263.77,1164.38,84.95,1164.38,541.75,0.0,0.0,0.0,1263.77,1164.38
1827,89.94,1188.02,550.67,0.0,0.0,0.0,1284.48,1188.02,89.94,1188.02,550.67,0.0,0.0,0.0,1284.48,1188.02,89.94,1188.02,550.67,0.0,0.0,0.0,1284.48,1188.02,89.94,1188.02,550.67,0.0,0.0,0.0,1284.48,1188.02
1828,89.94,1211.96,559.6,0.0,0.0,0.0,1305.2,1211.96,89.94,1211.96,559.6,0.0,0.0,0.0,1305.2,1211.96,89.94,1211.96,559.6,0.0,0.0,0.0,1305.2,1211.96,89.94,1211.96,559.6,0.0,0.0,0.0,1305.2,1211.96
1829,89.94,1236.22,568.53,0.0,0.0,0.0,1325.92,1236.22,89.94,1236.22,568.53,0.0,0.0,0.0,1325.92,1236.22,89.94,1236.22,568.53,0.0,0.0,0.0,1325.92,1236.22,89.94,1236.22,568.53,0.0,0.0,0.0,1325.92,1236.22
1830,119.93,1260.79,577.47,0.0,0.0,0.0,1346.64,1260.79,119.93,1260.79,577.47,0.0,0.0,0.0,1346.64,1260.79,119.93,1260.79,577.47,0.0,0.0,0.0,1346.64,1260.79,119.93,1260.79,577.47,0.0,0.0,0.0,1346.64,1260.79
1831,114.93,1285.69,586.41,0.0,0.0,0.0,1367.35,1285.69,114.93,1285.69,586.41,0.0,0.0,0.0,1367.35,1285.69,114.93,1285.69,586.41,0.0,0.0,0.0,1367.35,1285.69,114.93,1285.69,586.41,0.0,0.0,0.0,1367.35,1285.69
1832,114.93,1310.92,595.35,0.0,0.0,0.0,1388.07,1310.92,114.93,1310.92,595.35,0.0,0.0,0.0,1388.07,1310.92,114.93,1310.92,595.35,0.0,0.0,0.0,1388.07,1310.92,114.93,1310.92,595.35,0.0,0.0,0.0,1388.07,1310.92
1833,119.93,1336.51,604.29,0.0,0.0,0.0,1408.79,1336.51,119.93,1336.51,604.29,0.0,0.0,0.0,1408.79,1336.51,119.93,1336.51,604.29,0.0,0.0,0.0,1408.79,1336.51,119.93,1336.51,604.29,0.0,0.0,0.0,1408.79,1336.51
1834,119.93,1362.46,613.24,0.0,0.0,0.0,1429.51,1362.46,119.93,1362.46,613.24,0.0,0.0,0.0,1429.51,1362.46,119.93,1362.46,613.24,0.0,0.0,0.0,1429.51,1362.46,119.93,1362.46,613.24,0.0,0.0,0.0,1429.51,1362.46
1835,124.92,1388.77,622.19,0.0,0.0,0.0,1450.22,1388.77,124.92,1388.77,622.19,0.0,0.0,0.0,1450.22,1388.77,124.92,1388.77,622.19,0.0,0.0,0.0,1450.22,1388.77,124.92,1388.77,622.19,0.0,0.0,0.0,1450.22,1388.77
1836,144.91,1415.47,631.15,0.0,0.0,0.0,1470.94,1415.47,144.91,1415.47,631.15,0.0,0.0,0.0,1470.94,1415.47,144.91,1415.47,631.15,0.0,0.0,0.0,1470.94,1415.47,144.91,1415.47,631.15,0.0,0.0,0.0,1470.94,1415.47
1837,144.91,1442.57,640.11,0.0,0.0,0.0,1491.66,1442.57,144.91,1442.57,640.11,0.0,0.0,0.0,1491.66,1442.57,144.91,1442.57,640.11,0.0,0.0,0.0,1491.66,1442.57,144.91,1442.57,640.11,0.0,0.0,0.0,1491.66,1442.57
1838,149.91,1470.07,649.07,0.0,0.0,0.0,1512.38,1470.07,149.91,1470.07,649.07,0.0,0.0,0.0,1512.38,1470.07,149.91,1470.07,649.07,0.0,0.0,0.0,1512.38,1470.07,149.91,1470.07,649.07,0.0,0.0,0.0,1512.38,1470.07
1839,154.9,1497.99,658.04,0.0,0.0,0.0,1533.09,1497.99,154.9,1497.99,658.04,0.0,0.0,0.0,1533.09,1497.99,154.9,1497.99,658.04,0.0,0.0,0.0,1533.09,1497.99,154.9,1497.99,658.04,0.0,0.0,0.0,1533.09,1497.99
1840,164.9,1526.34,667.01,0.0,0.0,0.0,1553.81,1526.34,164.9,1526.34,667.01,0.0,0.0,0.0,1553.81,1526.34,164.9,1526.34,667.01,0.0,0.0,0.0,1553.81,1526.34,164.9,1526.34,667.01,0.0,0.0,0.0,1553.81,1526.34
1841,169.89,1555.14,675.98,0.0,0.0,0.0,1574.53,1555.14,169.89,1555.14,675.98,0.0,0.0,0.0,1574.53,1555.14,169.89,1555.14,675.98,0.0,0.0,0.0,1574.53,1555.14,169.89,1555.14,675.98,0.0,0.0,0.0,1574.53,1555.14
1842,179.89,1584.4,684.96,0.0,0.0,0.0,1595.25,1584.4,179.89,1584.4,684.96,0.0,0.0,0.0,1595.25,1584.4,179.89,1584.4,684.96,0.0,0.0,0.0,1595.25,1584.4,179.89,1584.4,684.96,0.0,0.0,0.0,1595.25,1584.4
1843,184.88,1614.13,693.95,0.0,0.0,0.0,1615.96,1614.13,184.88,1614.13,693.95,0.0,0.0,0.0,1615.96,1614.13,184.88,1614.13,693.95,0.0,0.0,0.0,1615.96,1614.13,184.88,1614.13,693.95,0.0,0.0,0.0,1615.96,1614.13
1844,194.88,1644.35,702.94,0.0,0.0,0.0,1636.68,1644.35,194.88,1644.35,702.94,0.0,0.0,0.0,1636.68,1644.35,194.88,1644.35,702.94,0.0,0.0,0.0,1636.68,1644.35,194.88,1644.35,702.94,0.0,0.0,0.0,1636.68,1644.35
1845,214.87,1675.07,711.93,0.0,0.0,0.0,1657.4,1675.07,214.87,1675.07,711.93,0.0,0.0,0.0,1657.4,1675.07,214.87,1675.07,711.93,0.0,0.0,0.0,1657.4,1675.07,214.87,1675.07,711.93,0.0,0.0,0.0,1657.4,1675.07
1846,214.87,1706.31,720.93,0.0,0.0,0.0,1678.12,1706.31,214.87,1706.31,720.93,0.0,0.0,0.0,1678.12,1706.31,214.87,1706.31,720.93,0.0,0.0,0.0,1678.12,1706.31,214.87,1706.31,720.93,0.0,0.0,0.0,1678.12,1706.31
1847,229.86,1738.14,729.94,0.0,0.0,0.0,1698.83,1738.14,229.86,1738.14,729.94,0.0,0.0,0.0,1698.83,1738.14,229.86,1738.14,729.94,0.0,0.0,0.0,1698.83,1738.14,229.86,1738.14,729.94,0.0,0.0,0.0,1698.83,1738.14
1848,234.85,2020.09,738.95,0.0,0.0,0.0,1719.55,2020.09,234.85,2020.09,738.95,0.0,0.0,0.0,1719.55,2020.09,234.85,2020.09,738.95,0.0,0.0,0.0,1719.55,2020.09,234.85,2020.09,738.95,0.0,0.0,0.0,1719.55,2020.09
1849,249.84,2028.47,747.96,0.0,0.0,0.0,1740.27,2028.47,249.84,2028.47,747.96,0.0,0.0,0.0,1740.27,2028.47,249.84,2028.47,747.96,0.0,0.0,0.0,1740.27,2028.47,249.84,2028.47,747.96,0.0,0.0,0.0,1740.27,2028.47
1850,269.83,2427.67,756.99,0.0,0.0,0.0,1760.99,2427.67,269.83,2427.67,756.99,0.0,0.0,0.0,1760.99,2427.67,269.83,2427.67,756.99,0.0,0.0,0.0,1760.99,2427.67,269.83,2427.67,756.99,0.0,0.0,0.0,1760.99,2427.67
1851,269.83,2637.04,767.58,0.0,0.0,0.0,1733.94,2637.04,269.83,2637.04,767.58,0.0,0.0,0.0,1733.94,2637.04,269.83,2637.04,767.58,0.0,0.0,0.0,1733.94,2637.04,269.83,2637.04,767.58,0.0,0.0,0.0,1733.94,2637.04
1852,284.82,2999.95,834.49,0.0,0.0,0.0,1935.11,2999.95,284.82,2999.95,834.49,0.0,0.0,0.0,1935.11,2999.95,284.82,2999.95,834.49,0.0,0.0,0.0,1935.11,2999.95,284.82,2999.95,834.49,0.0,0.0,0.0,1935.11,2999.95
1853,294.82,3664.35,834.69,0.0,0.0,0.0,1930.19,3664.35,294.82,3664.35,834.69,0.0,0.0,0.0,1930.19,3664.35,294.82,3664.35,834.69,0.0,0.0,0.0,1930.19,3664.35,294.82,3664.35,834.69,0.0,0.0,0.0,1930.19,3664.35
1854,344.79,3935.13,834.09,0.0,0.0,0.0,1924.22,3935.13,344.79,3935.13,834.09,0.0,0.0,0.0,1924.22,3935.13,344.79,3935.13,834.09,0.0,0.0,0.0,1924.22,3935.13,344.79,3935.13,834.09,0.0,0.0,0.0,1924.22,3935.13
1855,354.78,4088.67,832.01,0.0,0.0,0.0,1915.93,4088.67,354.78,4088.67,832.01,0.0,0.0,0.0,1915.93,4088.67,354.78,4088.67,832.01,0.0,0.0,0.0,1915.93,4088.67,354.78,4088.67,832.01,0.0,0.0,0.0,1915.93,4088.67
1856,379.76,4147.29,839.22,0.0,0.0,0.0,1936.32,4147.29,379.76,4147.29,839.22,0.0,0.0,0.0,1936.32,4147.29,379.76,4147.29,839.22,0.0,0.0,0.0,1936.32,4147.29,379.76,4147.29,839.22,0.0,0.0,0.0,1936.32,4147.29
1857,384.76,4242.21,846.35,0.0,0.0,0.0,1956.88,4242.21,384.76,4242.21,846.35,0.0,0.0,0.0,1956.88,4242.21,384.76,4242.21,846.35,0.0,0.0,0.0,1956.88,4242.21,384.76,4242.21,846.35,0.0,0.0,0.0,1956.88,4242.21
1858,389.76,4390.16,853.12,0.0,0.0,0.0,1976.29,4390.16,389.76,4390.16,853.12,0.0,0.0,0.0,1976.29,4390.16,389.76,4390.16,853.12,0.0,0.0,0.0,1976.29,4390.16,389.76,4390.16,853.12,0.0,0.0,0.0,1976.29,4390.16
1859,414.74,4688.86,859.82,0.0,0.0,0.0,1995.78,4688.86,414.74,4688.86,859.82,0.0,0.0,0.0,1995.78,4688.86,414.74,4688.86,859.82,0.0,0.0,0.0,1995.78,4688.86,414.74,4688.86,859.82,0.0,0.0,0.0,1995.78,4688.86
1860,454.72,4231.04,866.67,0.0,0.0,0.0,2014.07,4231.04,454.72,4231.04,866.67,0.0,0.0,0.0,2014.07,4231.04,454.72,4231.04,866.67,0.0,0.0,0.0,2014.07,4231.04,454.72,4231.04,866.67,0.0,0.0,0.0,2014.07,4231.04
1861,474.7,3965.84,906.93,0.0,0.0,0.0,2049.99,3965.84,474.7,3965.84,906.93,0.0,0.0,0.0,2049.99,3965.84,474.7,3965.84,906.93,0.0,0.0,0.0,2049.99,3965.84,474.7,3965.84,906.93,0.0,0.0,0.0,2049.99,3965.84
1862,484.7,3446.6,846.08,0.0,0.0,0.0,1838.45,3446.6,484.7,3446.6,846.08,0.0,0.0,0.0,1838.45,3446.6,484.7,3446.6,846.08,0.0,0.0,0.0,1838.45,3446.6,484.7,3446.6,846.08,0.0,0.0,0.0,1838.45,3446.6
1863,519.68,3228.86,852.07,0.0,0.0,0.0,1838.58,3228.86,519.68,3228.86,852.07,0.0,0.0,0.0,1838.58,3228.86,519.68,3228.86,852.07,0.0,0.0,0.0,1838.58,3228.86,519.68,3228.86,852.07,0.0,0.0,0.0,1838.58,3228.86
1864,559.65,3499.64,858.19,0.0,0.0,0.0,1840.09,3499.64,559.65,3499.64,858.19,0.0,0.0,0.0,1840.09,3499.64,559.65,3499.64,858.19,0.0,0.0,0.0,1840.09,3499.64,559.65,3499.64,858.19,0.0,0.0,0.0,1840.09,3499.64
1865,594.63,4052.38,864.64,0.0,0.0,0.0,1842.64,4052.38,594.63,4052.38,864.64,0.0,0.0,0.0,1842.64,4052.38,594.63,4052.38,864.64,0.0,0.0,0.0,1842.64,4052.38,594.63,4052.38,864.64,0.0,0.0,0.0,1842.64,4052.38
1866,609.62,4577.2,869.59,0.0,0.0,0.0,1843.09,4577.2,609.62,4577.2,869.59,0.0,0.0,0.0,1843.09,4577.2,609.62,4577.2,869.59,0.0,0.0,0.0,1843.09,4577.2,609.62,4577.2,869.59,0.0,0.0,0.0,1843.09,4577.2
1867,650.71,4504.62,870.52,0.0,0.0,0.0,1837.16,4504.62,650.71,4504.62,870.52,0.0,0.0,0.0,1837.16,4504.62,650.71,4504.62,870.52,0.0,0.0,0.0,1837.16,4504.62,650.71,4504.62,870.52,0.0,0.0,0.0,1837.16,4504.62
1868,675.84,4384.58,872.73,0.0,0.0,0.0,1831.73,4384.58,675.84,4384.58,872.73,0.0,0.0,0.0,1831.73,4384.58,675.84,4384.58,872.73,0.0,0.0,0.0,1831.73,4384.58,675.84,4384.58,872.73,0.0,0.0,0.0,1831.73,4384.58
1869,710.96,4602.32,874.36,0.0,0.0,0.0,1825.91,4602.32,710.96,4602.32,874.36,0.0,0.0,0.0,1825.91,4602.32,710.96,4602.32,874.36,0.0,0.0,0.0,1825.91,4602.32,710.96,4602.32,874.36,0.0,0.0,0.0,1825.91,4602.32
1870,736.09,4741.9,875.95,0.0,0.0,0.0,1821.45,4741.9,736.09,4741.9,875.95,0.0,0.0,0.0,1821.45,4741.9,736.09,4741.9,875.95,0.0,0.0,0.0,1821.45,4741.9,736.09,4741.9,875.95,0.0,0.0,0.0,1821.45,4741.9
1871,781.21,5071.31,1050.64,0.0,0.0,0.0,1891.27,5071.31,781.21,5071.31,1050.64,0.0,0.0,0.0,1891.27,5071.31,781.21,5071.31,1050.64,0.0,0.0,0.0,1891.27,5071.31,781.21,5071.31,1050.64,0.0,0.0,0.0,1891.27,5071.31
1872,866.31,5263.93,1197.41,0.0,0.0,0.0,2200.34,5263.93,866.31,5263.93,1197.41,0.0,0.0,0.0,2200.34,5263.93,866.31,5263.93,1197.41,0.0,0.0,0.0,2200.34,5263.93,866.31,5263.93,1197.41,0.0,0.0,0.0,2200.34,5263.93
1873,921.42,5523.55,1250.62,0.0,0.0,0.0,2238.91,5523.55,921.42,5523.55,1250.62,0.0,0.0,0.0,2238.91,5523.55,921.42,5523.55,1250.62,0.0,0.0,0.0,2238.91,5523.55,921.42,5523.55,1250.62,0.0,0.0,0.0,2238.91,5523.55
1874,871.6,5487.26,1272.85,0.0,0.0,0.0,2263.68,5487.26,871.6,5487.26,1272.85,0.0,0.0,0.0,2263.68,5487.26,871.6,5487.26,1272.85,0.0,0.0,0.0,2263.68,5487.26,871.6,5487.26,1272.85,0.0,0.0,0.0,2263.68,5487.26
1875,941.7,5481.68,1293.67,0.0,0.0,0.0,2289.62,5481.68,941.7,5481.68,1293.67,0.0,0.0,0.0,2289.62,5481.68,941.7,5481.68,1293.67,0.0,0.0,0.0,2289.62,5481.68,941.7,5481.68,1293.67,0.0,0.0,0.0,2289.62,5481.68
1876,956.83,5470.51,1338.39,0.0,0.0,0.0,2314.55,5470.51,956.83,5470.51,1338.39,0.0,0.0,0.0,2314.55,5470.51,956.83,5470.51,1338.39,0.0,0.0,0.0,2314.55,5470.51,956.83,5470.51,1338.39,0.0,0.0,0.0,2314.55,5470.51
1877,971.97,5180.19,1358.31,0.0,0.0,0.0,2338.73,5180.19,971.97,5180.19,1358.31,0.0,0.0,0.0,2338.73,5180.19,971.97,5180.19,1358.31,0.0,0.0,0.0,2338.73,5180.19,971.97,5180.19,1358.31,0.0,0.0,0.0,2338.73,5180.19
1878,979.39,5272.31,1375.75,0.0,0.0,0.0,2363.67,5272.31,979.39,5272.31,1375.75,0.0,0.0,0.0,2363.67,5272.31,979.39,5272.31,1375.75,0.0,0.0,0.0,2363.67,5272.31,979.39,5272.31,1375.75,0.0,0.0,0.0,2363.67,5272.31
1879,1049.35,5459.35,1391.67,0.0,0.0,0.0,2388.11,5459.35,1049.35,5459.35,1391.67,0.0,0.0,0.0,2388.11,5459.35,1049.35,5459.35,1391.67,0.0,0.0,0.0,2388.11,5459.35,1049.35,5459.35,1391.67,0.0,0.0,0.0,2388.11,5459.35
1880,1179.27,5107.6,1408.21,0.0,0.0,0.0,2410.99,5107.6,1179.27,5107.6,1408.21,0.0,0.0,0.0,2410.99,5107.6,1179.27,5107.6,1408.21,0.0,0.0,0.0,2410.99,5107.6,1179.27,5107.6,1408.21,0.0,0.0,0.0,2410.99,5107.6
1881,1214.24,5263.93,1457.52,0.0,0.0,0.0,2518.22,5263.93,1214.24,5263.93,1457.52,0.0,0.0,0.0,2518.22,5263.93,1214.24,5263.93,1457.52,0.0,0.0,0.0,2518.22,5263.93,1214.24,5263.93,1457.52,0.0,0.0,0.0,2518.22,5263.93
1882,1279.2,5305.81,1410.26,0.0,0.0,0.0,2346.65,5305.81,1279.2,5305.81,1410.26,0.0,0.0,0.0,2346.65,5305.81,1279.2,5305.81,1410.26,0.0,0.0,0.0,2346.65,5305.81,1279.2,5305.81,1410.26,0.0,0.0,0.0,2346.65,5305.81
1883,1359.15,5540.3,1423.36,0.0,0.0,0.0,2361.61,5540.3,1359.15,5540.3,1423.36,0.0,0.0,0.0,2361.61,5540.3,1359.15,5540.3,1423.36,0.0,0.0,0.0,2361.61,5540.3,1359.15,5540.3,1423.36,0.0,0.0,0.0,2361.61,5540.3
1884,1374.14,5587.76,1434.49,0.0,0.0,0.0,2375.62,5587.76,1374.14,5587.76,1434.49,0.0,0.0,0.0,2375.62,5587.76,1374.14,5587.76,1434.49,0.0,0.0,0.0,2375.62,5587.76,1374.14,5587.76,1434.49,0.0,0.0,0.0,2375.62,5587.76
1885,1384.14,5819.46,1444.87,0.0,0.0,0.0,2387.68,5819.46,1384.14,5819.46,1444.87,0.0,0.0,0.0,2387.68,5819.46,1384.14,5819.46,1444.87,0.0,0.0,0.0,2387.68,5819.46,1384.14,5819.46,1444.87,0.0,0.0,0.0,2387.68,5819.46
1886,1404.13,5696.63,1483.77,0.0,0.0,0.0,2395.08,5696.63,1404.13,5696.63,1483.77,0.0,0.0,0.0,2395.08,5696.63,1404.13,5696.63,1483.77,0.0,0.0,0.0,2395.08,5696.63,1404.13,5696.63,1483.77,0.0,0.0,0.0,2395.08,5696.63
1887,1474.08,5665.93,1494.55,0.0,0.0,0.0,2391.28,5665.93,1474.08,5665.93,1494.55,0.0,0.0,0.0,2391.28,5665.93,1474.08,5665.93,1494.55,0.0,0.0,0.0,2391.28,5665.93,1474.08,5665.93,1494.55,0.0,0.0,0.0,2391.28,5665.93
1888,1633.98,5484.47,1503.28,0.0,0.0,0.0,2385.73,5484.47,1633.98,5484.47,1503.28,0.0,0.0,0.0,2385.73,5484.47,1633.98,5484.47,1503.28,0.0,0.0,0.0,2385.73,5484.47,1633.98,5484.47,1503.28,0.0,0.0,0.0,2385.73,5484.47
1889,1633.98,5548.68,1511.15,0.0,0.0,0.0,2379.78,5548.68,1633.98,5548.68,1511.15,0.0,0.0,0.0,2379.78,5548.68,1633.98,5548.68,1511.15,0.0,0.0,0.0,2379.78,5548.68,1633.98,5548.68,1511.15,0.0,0.0,0.0,2379.78,5548.68
1890,1778.89,5914.38,1518.49,0.0,0.0,0.0,2374.17,5914.38,1778.89,5914.38,1518.49,0.0,0.0,0.0,2374.17,5914.38,1778.89,5914.38,1518.49,0.0,0.0,0.0,2374.17,5914.38,1778.89,5914.38,1518.49,0.0,0.0,0.0,2374.17,5914.38
1891,1858.84,6358.24,1528.29,0.0,0.0,0.0,2368.32,6358.24,1858.84,6358.24,1528.29,0.0,0.0,0.0,2368.32,6358.24,1858.84,6358.24,1528.29,0.0,0.0,0.0,2368.32,6358.24,1858.84,6358.24,1528.29,0.0,0.0,0.0,2368.32,6358.24
1892,1868.84,6514.57,1539.85,0.0,0.0,0.0,2418.55,6514.57,1868.84,6514.57,1539.85,0.0,0.0,0.0,2418.55,6514.57,1868.84,6514.57,1539.85,0.0,0.0,0.0,2418.55,6514.57,1868.84,6514.57,1539.85,0.0,0.0,0.0,2418.55,6514.57
1893,1848.85,6388.95,1553.03,0.0,0.0,0.0,2423.26,6388.95,1848.85,6388.95,1553.03,0.0,0.0,0.0,2423.26,6388.95,1848.85,6388.95,1553.03,0.0,0.0,0.0,2423.26,6388.95,1848.85,6388.95,1553.03,0.0,0.0,0.0,2423.26,6388.95
1894,1913.81,6238.2,1567.73,0.0,0.0,0.0,2485.21,6238.2,1913.81,6238.2,1567.73,0.0,0.0,0.0,2485.21,6238.2,1913.81,6238.2,1567.73,0.0,0.0,0.0,2485.21,6238.2,1913.81,6238.2,1567.73,0.0,0.0,0.0,2485.21,6238.2
1895,2028.74,6120.96,1583.78,0.0,0.0,0.0,2500.93,6120.96,2028.74,6120.96,1583.78,0.0,0.0,0.0,2500.93,6120.96,2028.74,6120.96,1583.78,0.0,0.0,0.0,2500.93,6120.96,2028.74,6120.96,1583.78,0.0,0.0,0.0,2500.93,6120.96
1896,2093.7,6254.95,1600.91,0.0,0.0,0.0,2508.15,6254.95,2093.7,6254.95,1600.91,0.0,0.0,0.0,2508.15,6254.95,2093.7,6254.95,1600.91,0.0,0.0,0.0,2508.15,6254.95,2093.7,6254.95,1600.91,0.0,0.0,0.0,2508.15,6254.95
1897,2198.63,6363.83,1618.84,0.0,0.0,0.0,2520.9,6363.83,2198.63,6363.83,1618.84,0.0,0.0,0.0,2520.9,6363.83,2198.63,6363.83,1618.84,0.0,0.0,0.0,2520.9,6363.83,2198.63,6363.83,1618.84,0.0,0.0,0.0,2520.9,6363.83
1898,2323.55,6444.78,1637.3,0.0,0.0,0.0,2526.48,6444.78,2323.55,6444.78,1637.3,0.0,0.0,0.0,2526.48,6444.78,2323.55,6444.78,1637.3,0.0,0.0,0.0,2526.48,6444.78,2323.55,6444.78,1637.3,0.0,0.0,0.0,2526.48,6444.78
1899,2533.42,6520.16,1656.02,0.0,0.0,0.0,2531.15,6520.16,2533.42,6520.16,1656.02,0.0,0.0,0.0,2531.15,6520.16,2533.42,6520.16,1656.02,0.0,0.0,0.0,2531.15,6520.16,2533.42,6520.16,1656.02,0.0,0.0,0.0,2531.15,6520.16
1900,2668.34,6760.23,1674.73,0.0,0.0,0.0,2535.04,6760.23,2668.34,6760.23,1674.73,0.0,0.0,0.0,2535.04,6760.23,2668.34,6760.23,1674.73,0.0,0.0,0.0,2535.04,6760.23,2668.34,6760.23,1674.73,0.0,0.0,0.0,2535.04,6760.23
1901,2758.28,6938.9,1696.54,0.0,0.0,0.0,2728.06,6938.9,2758.28,6938.9,1696.54,0.0,0.0,0.0,2728.06,6938.9,2758.28,6938.9,1696.54,0.0,0.0,0.0,2728.06,6938.9,2758.28,6938.9,1696.54,0.0,0.0,0.0,2728.06,6938.9
1902,2828.24,7145.47,1723.95,0.0,0.0,0.0,2728.18,7145.47,2828.24,7145.47,1723.95,0.0,0.0,0.0,2728.18,7145.47,2828.24,7145.47,1723.95,0.0,0.0,0.0,2728.18,7145.47,2828.24,7145.47,1723.95,0.0,0.0,0.0,2728.18,7145.47
1903,3083.08,6919.35,1755.77,0.0,0.0,0.0,2820.15,6919.35,3083.08,6919.35,1755.77,0.0,0.0,0.0,2820.15,6919.35,3083.08,6919.35,1755.77,0.0,0.0,0.0,2820.15,6919.35,3083.08,6919.35,1755.77,0.0,0.0,0.0,2820.15,6919.35
1904,3118.06,6933.31,1790.94,0.0,0.0,0.0,2904.06,6933.31,3118.06,6933.31,1790.94,0.0,0.0,0.0,2904.06,6933.31,3118.06,6933.31,1790.94,0.0,0.0,0.0,2904.06,6933.31,3118.06,6933.31,1790.94,0.0,0.0,0.0,2904.06,6933.31
1905,3312.94,6863.52,1828.47,0.0,0.0,0.0,2987.59,6863.52,3312.94,6863.52,1828.47,0.0,0.0,0.0,2987.59,6863.52,3312.94,6863.52,1828.47,0.0,0.0,0.0,2987.59,6863.52,3312.94,6863.52,1828.47,0.0,0.0,0.0,2987.59,6863.52
1906,3532.8,6849.56,1867.29,0.0,0.0,0.0,3091.28,6849.56,3532.8,6849.56,1867.29,0.0,0.0,0.0,3091.28,6849.56,3532.8,6849.56,1867.29,0.0,0.0,0.0,3091.28,6849.56,3532.8,6849.56,1867.29,0.0,0.0,0.0,3091.28,6849.56
1907,3917.56,6997.52,1906.29,0.0,0.0,0.0,3119.34,6997.52,3917.56,6997.52,1906.29,0.0,0.0,0.0,3119.34,6997.52,3917.56,6997.52,1906.29,0.0,0.0,0.0,3119.34,6997.52,3917.56,6997.52,1906.29,0.0,0.0,0.0,3119.34,6997.52
1908,3747.67,7363.22,1944.39,0.0,0.0,0.0,3149.02,7363.22,3747.67,7363.22,1944.39,0.0,0.0,0.0,3149.02,7363.22,3747.67,7363.22,1944.39,0.0,0.0,0.0,3149.02,7363.22,3747.67,7363.22,1944.39,0.0,0.0,0.0,3149.02,7363.22
1909,3922.56,7145.47,1980.5,0.0,0.0,0.0,3172.18,7145.47,3922.56,7145.47,1980.5,0.0,0.0,0.0,3172.18,7145.47,3922.56,7145.47,1980.5,0.0,0.0,0.0,3172.18,7145.47,3922.56,7145.47,1980.5,0.0,0.0,0.0,3172.18,7145.47
1910,4092.45,7123.14,2013.54,0.0,0.0,0.0,3190.04,7123.14,4092.45,7123.14,2013.54,0.0,0.0,0.0,3190.04,7123.14,4092.45,7123.14,2013.54,0.0,0.0,0.0,3190.04,7123.14,4092.45,7123.14,2013.54,0.0,0.0,0.0,3190.04,7123.14
1911,4177.4,7167.81,2045.5,0.0,0.0,0.0,3022.82,7167.81,4177.4,7167.81,2045.5,0.0,0.0,0.0,3022.82,7167.81,4177.4,7167.81,2045.5,0.0,0.0,0.0,3022.82,7167.81,4177.4,7167.81,2045.5,0.0,0.0,0.0,3022.82,7167.81
1912,4392.26,7444.18,2078.88,0.0,0.0,0.0,2902.34,7444.18,4392.26,7444.18,2078.88,0.0,0.0,0.0,2902.34,7444.18,4392.26,7444.18,2078.88,0.0,0.0,0.0,2902.34,7444.18,4392.26,7444.18,2078.88,0.0,0.0,0.0,2902.34,7444.18
1913,4712.07,7681.46,2113.33,0.0,0.0,0.0,2805.82,7681.46,4712.07,7681.46,2113.33,0.0,0.0,0.0,2805.82,7681.46,4712.07,7681.46,2113.33,0.0,0.0,0.0,2805.82,7681.46,4712.07,7681.46,2113.33,0.0,0.0,0.0,2805.82,7681.46
1914,4247.35,7969.0,2148.38,0.0,0.0,0.0,2774.05,7969.0,4247.35,7969.0,2148.38,0.0,0.0,0.0,2774.05,7969.0,4247.35,7969.0,2148.38,0.0,0.0,0.0,2774.05,7969.0,4247.35,7969.0,2148.38,0.0,0.0,0.0,2774.05,7969.0
1915,4187.39,7474.88,2183.55,0.0,0.0,0.0,2738.95,7474.88,4187.39,7474.88,2183.55,0.0,0.0,0.0,2738.95,7474.88,4187.39,7474.88,2183.55,0.0,0.0,0.0,2738.95,7474.88,4187.39,7474.88,2183.55,0.0,0.0,0.0,2738.95,7474.88
1916,4502.2,7773.58,2218.53,0.0,0.0,0.0,2748.14,7773.58,4502.2,7773.58,2218.53,0.0,0.0,0.0,2748.14,7773.58,4502.2,7773.58,2218.53,0.0,0.0,0.0,2748.14,7773.58,4502.2,7773.58,2218.53,0.0,0.0,0.0,2748.14,7773.58
1917,4772.03,7675.88,2253.01,0.0,0.0,0.0,2760.09,7675.88,4772.03,7675.88,2253.01,0.0,0.0,0.0,2760.09,7675.88,4772.03,7675.88,2253.01,0.0,0.0,0.0,2760.09,7675.88,4772.03,7675.88,2253.01,0.0,0.0,0.0,2760.09,7675.88
1918,4677.09,7567.01,2286.67,0.0,0.0,0.0,2772.15,7567.01,4677.09,7567.01,2286.67,0.0,0.0,0.0,2772.15,7567.01,4677.09,7567.01,2286.67,0.0,0.0,0.0,2772.15,7567.01,4677.09,7567.01,2286.67,0.0,0.0,0.0,2772.15,7567.01
1919,4027.49,7955.04,2319.2,0.0,0.0,0.0,2792.92,7955.04,4027.49,7955.04,2319.2,0.0,0.0,0.0,2792.92,7955.04,4027.49,7955.04,2319.2,0.0,0.0,0.0,2792.92,7955.04,4027.49,7955.04,2319.2,0.0,0.0,0.0,2792.92,7955.04
1920,4657.1,8036.0,2350.29,0.0,0.0,0.0,2799.24,8036.0,4657.1,8036.0,2350.29,0.0,0.0,0.0,2799.24,8036.0,4657.1,8036.0,2350.29,0.0,0.0,0.0,2799.24,8036.0,4657.1,8036.0,2350.29,0.0,0.0,0.0,2799.24,8036.0
1921,4012.5,8477.07,2381.01,0.0,0.0,0.0,2939.47,8477.07,4012.5,8477.07,2381.01,0.0,0.0,0.0,2939.47,8477.07,4012.5,8477.07,2381.01,0.0,0.0,0.0,2939.47,8477.07,4012.5,8477.07,2381.01,0.0,0.0,0.0,2939.47,8477.07
1922,4222.37,8354.24,2412.41,0.0,0.0,0.0,2902.7,8354.24,4222.37,8354.24,2412.41,0.0,0.0,0.0,2902.7,8354.24,4222.37,8354.24,2412.41,0.0,0.0,0.0,2902.7,8354.24,4222.37,8354.24,2412.41,0.0,0.0,0.0,2902.7,8354.24
1923,4846.98,8083.45,2444.13,0.0,0.0,0.0,2923.45,8083.45,4846.98,8083.45,2444.13,0.0,0.0,0.0,2923.45,8083.45,4846.98,8083.45,2444.13,0.0,0.0,0.0,2923.45,8083.45,4846.98,8083.45,2444.13,0.0,0.0,0.0,2923.45,8083.45
1924,4812.0,8055.54,2477.68,0.0,0.0,0.0,2937.31,8055.54,4812.0,8055.54,2477.68,0.0,0.0,0.0,2937.31,8055.54,4812.0,8055.54,2477.68,0.0,0.0,0.0,2937.31,8055.54,4812.0,8055.54,2477.68,0.0,0.0,0.0,2937.31,8055.54
1925,4871.97,7282.26,2514.09,0.0,0.0,0.0,2942.08,7282.26,4871.97,7282.26,2514.09,0.0,0.0,0.0,2942.08,7282.26,4871.97,7282.26,2514.09,0.0,0.0,0.0,2942.08,7282.26,4871.97,7282.26,2514.09,0.0,0.0,0.0,2942.08,7282.26
1926,4911.94,7159.43,2552.34,0.0,0.0,0.0,2955.25,7159.43,4911.94,7159.43,2552.34,0.0,0.0,0.0,2955.25,7159.43,4911.94,7159.43,2552.34,0.0,0.0,0.0,2955.25,7159.43,4911.94,7159.43,2552.34,0.0,0.0,0.0,2955.25,7159.43
1927,5306.7,7438.59,2591.36,0.0,0.0,0.0,3093.8,7438.59,5306.7,7438.59,2591.36,0.0,0.0,0.0,3093.8,7438.59,5306.7,7438.59,2591.36,0.0,0.0,0.0,3093.8,7438.59,5306.7,7438.59,2591.36,0.0,0.0,0.0,3093.8,7438.59
1928,5321.69,7656.34,2630.11,0.0,0.0,0.0,3103.46,7656.34,5321.69,7656.34,2630.11,0.0,0.0,0.0,3103.46,7656.34,5321.69,7656.34,2630.11,0.0,0.0,0.0,3103.46,7656.34,5321.69,7656.34,2630.11,0.0,0.0,0.0,3103.46,7656.34
1929,5721.44,7689.84,2667.56,0.0,0.0,0.0,3198.75,7689.84,5721.44,7689.84,2667.56,0.0,0.0,0.0,3198.75,7689.84,5721.44,7689.84,2667.56,0.0,0.0,0.0,3198.75,7689.84,5721.44,7689.84,2667.56,0.0,0.0,0.0,3198.75,7689.84
1930,5261.72,7413.47,2702.65,0.0,0.0,0.0,3476.83,7413.47,5261.72,7413.47,2702.65,0.0,0.0,0.0,3476.83,7413.47,5261.72,7413.47,2702.65,0.0,0.0,0.0,3476.83,7413.47,5261.72,7413.47,2702.65,0.0,0.0,0.0,3476.83,7413.47
1931,4697.07,7388.34,2734.5,0.0,0.0,0.0,3505.79,7388.34,4697.07,7388.34,2734.5,0.0,0.0,0.0,3505.79,7388.34,4697.07,7388.34,2734.5,0.0,0.0,0.0,3505.79,7388.34,4697.07,7388.34,2734.5,0.0,0.0,0.0,3505.79,7388.34
1932,4232.36,7377.18,2763.04,0.0,0.0,0.0,3152.18,7377.18,4232.36,7377.18,2763.04,0.0,0.0,0.0,3152.18,7377.18,4232.36,7377.18,2763.04,0.0,0.0,0.0,3152.18,7377.18,4232.36,7377.18,2763.04,0.0,0.0,0.0,3152.18,7377.18
1933,4462.22,7689.84,2788.47,0.0,0.0,0.0,3138.06,7689.84,4462.22,7689.84,2788.47,0.0,0.0,0.0,3138.06,7689.84,4462.22,7689.84,2788.47,0.0,0.0,0.0,3138.06,7689.84,4462.22,7689.84,2788.47,0.0,0.0,0.0,3138.06,7689.84
1934,4861.97,7547.46,2811.17,0.0,0.0,0.0,3092.56,7547.46,4861.97,7547.46,2811.17,0.0,0.0,0.0,3092.56,7547.46,4861.97,7547.46,2811.17,0.0,0.0,0.0,3092.56,7547.46,4861.97,7547.46,2811.17,0.0,0.0,0.0,3092.56,7547.46
1935,5131.8,7360.43,2832.37,0.0,0.0,0.0,3084.22,7360.43,5131.8,7360.43,2832.37,0.0,0.0,0.0,3084.22,7360.43,5131.8,7360.43,2832.37,0.0,0.0,0.0,3084.22,7360.43,5131.8,7360.43,2832.37,0.0,0.0,0.0,3084.22,7360.43
1936,5646.48,7346.47,2853.55,0.0,0.0,0.0,3109.78,7346.47,5646.48,7346.47,2853.55,0.0,0.0,0.0,3109.78,7346.47,5646.48,7346.47,2853.55,0.0,0.0,0.0,3109.78,7346.47,5646.48,7346.47,2853.55,0.0,0.0,0.0,3109.78,7346.47
1937,6041.24,7181.76,2876.17,0.0,0.0,0.0,3025.95,7181.76,6041.24,7181.76,2876.17,0.0,0.0,0.0,3025.95,7181.76,6041.24,7181.76,2876.17,0.0,0.0,0.0,3025.95,7181.76,6041.24,7181.76,2876.17,0.0,0.0,0.0,3025.95,7181.76
1938,5706.45,7463.72,2901.69,0.0,0.0,0.0,3034.42,7463.72,5706.45,7463.72,2901.69,0.0,0.0,0.0,3034.42,7463.72,5706.45,7463.72,2901.69,0.0,0.0,0.0,3034.42,7463.72,5706.45,7463.72,2901.69,0.0,0.0,0.0,3034.42,7463.72
1939,5956.29,7466.51,2931.57,0.0,0.0,0.0,3024.96,7466.51,5956.29,7466.51,2931.57,0.0,0.0,0.0,3024.96,7466.51,5956.29,7466.51,2931.57,0.0,0.0,0.0,3024.96,7466.51,5956.29,7466.51,2931.57,0.0,0.0,0.0,3024.96,7466.51
1940,6490.96,7371.59,2967.27,0.0,0.0,0.0,2976.01,7371.59,6490.96,7371.59,2967.27,0.0,0.0,0.0,2976.01,7371.59,6490.96,7371.59,2967.27,0.0,0.0,0.0,2976.01,7371.59,6490.96,7371.59,2967.27,0.0,0.0,0.0,2976.01,7371.59
1941,6665.85,7726.13,3053.42,0.0,0.0,0.0,2912.1,7726.13,6665.85,7726.13,3053.42,0.0,0.0,0.0,2912.1,7726.13,6665.85,7726.13,3053.42,0.0,0.0,0.0,2912.1,7726.13,6665.85,7726.13,3053.42,0.0,0.0,0.0,2912.1,7726.13
1942,6705.82,7541.88,3221.62,0.0,0.0,0.0,2984.62,7541.88,6705.82,7541.88,3221.62,0.0,0.0,0.0,2984.62,7541.88,6705.82,7541.88,3221.62,0.0,0.0,0.0,2984.62,7541.88,6705.82,7541.88,3221.62,0.0,0.0,0.0,2984.62,7541.88
1943,6950.67,7687.04,3453.83,0.0,0.0,0.0,2964.11,7687.04,6950.67,7687.04,3453.83,0.0,0.0,0.0,2964.11,7687.04,6950.67,7687.04,3453.83,0.0,0.0,0.0,2964.11,7687.04,6950.67,7687.04,3453.83,0.0,0.0,0.0,2964.11,7687.04
1944,6910.7,7994.12,3747.5,0.0,0.0,0.0,2982.09,7994.12,6910.7,7994.12,3747.5,0.0,0.0,0.0,2982.09,7994.12,6910.7,7994.12,3747.5,0.0,0.0,0.0,2982.09,7994.12,6910.7,7994.12,3747.5,0.0,0.0,0.0,2982.09,7994.12
1945,5796.39,7896.42,4095.41,0.0,0.0,0.0,2985.0,7896.42,5796.39,7896.42,4095.41,0.0,0.0,0.0,2985.0,7896.42,5796.39,7896.42,4095.41,0.0,0.0,0.0,2985.0,7896.42,5796.39,7896.42,4095.41,0.0,0.0,0.0,2985.0,7896.42
1946,6186.15,7714.96,4472.48,0.0,0.0,0.0,3268.31,7714.96,6186.15,7714.96,4472.48,0.0,0.0,0.0,3268.31,7714.96,6186.15,7714.96,4472.48,0.0,0.0,0.0,3268.31,7714.96,6186.15,7714.96,4472.48,0.0,0.0,0.0,3268.31,7714.96
1947,6955.67,7167.81,4853.64,0.0,0.0,0.0,3377.1,7167.81,6955.67,7167.81,4853.64,0.0,0.0,0.0,3377.1,7167.81,6955.67,7167.81,4853.64,0.0,0.0,0.0,3377.1,7167.81,6955.67,7167.81,4853.64,0.0,0.0,0.0,3377.1,7167.81
1948,7340.43,7086.85,5213.82,0.0,0.0,0.0,3396.31,7086.85,7340.43,7086.85,5213.82,0.0,0.0,0.0,3396.31,7086.85,7340.43,7086.85,5213.82,0.0,0.0,0.0,3396.31,7086.85,7340.43,7086.85,5213.82,0.0,0.0,0.0,3396.31,7086.85
1949,7090.58,7661.92,5527.95,0.0,0.0,0.0,3423.46,7661.92,7090.58,7661.92,5527.95,0.0,0.0,0.0,3423.46,7661.92,7090.58,7661.92,5527.95,0.0,0.0,0.0,3423.46,7661.92,7090.58,7661.92,5527.95,0.0,0.0,0.0,3423.46,7661.92
1950,8144.93,8206.28,5770.96,0.0,0.0,0.0,3463.08,8206.28,8144.93,8206.28,5770.96,0.0,0.0,0.0,3463.08,8206.28,8144.93,8206.28,5770.96,0.0,0.0,0.0,3463.08,8206.28,8144.93,8206.28,5770.96,0.0,0.0,0.0,3463.08,8206.28
1951,8834.5,8357.03,5959.92,0.0,0.0,0.0,4224.45,8357.03,8834.5,8357.03,5959.92,0.0,0.0,0.0,4224.45,8357.03,8834.5,8357.03,5959.92,0.0,0.0,0.0,4224.45,8357.03,8834.5,8357.03,5959.92,0.0,0.0,0.0,4224.45,8357.03
1952,8974.41,8169.99,6126.05,0.0,0.0,0.0,4306.41,8169.99,8974.41,8169.99,6126.05,0.0,0.0,0.0,4306.41,8169.99,8974.41,8169.99,6126.05,0.0,0.0,0.0,4306.41,8169.99,8974.41,8169.99,6126.05,0.0,0.0,0.0,4306.41,8169.99
1953,9199.27,8415.65,6265.44,0.0,0.0,0.0,4286.54,8415.65,9199.27,8415.65,6265.44,0.0,0.0,0.0,4286.54,8415.65,9199.27,8415.65,6265.44,0.0,0.0,0.0,4286.54,8415.65,9199.27,8415.65,6265.44,0.0,0.0,0.0,4286.54,8415.65
1954,9319.2,8714.35,6383.3,0.0,0.0,0.0,4471.36,8714.35,9319.2,8714.35,6383.3,0.0,0.0,0.0,4471.36,8714.35,9319.2,8714.35,6383.3,0.0,0.0,0.0,4471.36,8714.35,9319.2,8714.35,6383.3,0.0,0.0,0.0,4471.36,8714.35
1955,10208.64,8655.73,6490.63,0.0,0.0,0.0,4622.89,8655.73,10208.64,8655.73,6490.63,0.0,0.0,0.0,4622.89,8655.73,10208.64,8655.73,6490.63,0.0,0.0,0.0,4622.89,8655.73,10208.64,8655.73,6490.63,0.0,0.0,0.0,4622.89,8655.73
1956,10883.22,8806.48,6592.22,0.0,0.0,0.0,4830.53,8806.48,10883.22,8806.48,6592.22,0.0,0.0,0.0,4830.53,8806.48,10883.22,8806.48,6592.22,0.0,0.0,0.0,4830.53,8806.48,10883.22,8806.48,6592.22,0.0,0.0,0.0,4830.53,8806.48
1957,11342.94,8471.49,6692.89,0.0,0.0,0.0,4936.03,8471.49,11342.94,8471.49,6692.89,0.0,0.0,0.0,4936.03,8471.49,11342.94,8471.49,6692.89,0.0,0.0,0.0,4936.03,8471.49,11342.94,8471.49,6692.89,0.0,0.0,0.0,4936.03,8471.49
1958,11642.75,8608.27,6797.43,0.0,0.0,0.0,5121.19,8608.27,11642.75,8608.27,6797.43,0.0,0.0,0.0,5121.19,8608.27,11642.75,8608.27,6797.43,0.0,0.0,0.0,5121.19,8608.27,11642.75,8608.27,6797.43,0.0,0.0,0.0,5121.19,8608.27
1959,12292.52,9216.84,6910.68,0.0,0.0,0.0,4671.05,9216.84,12292.52,9216.84,6910.68,0.0,0.0,0.0,4671.05,9216.84,12292.52,9216.84,6910.68,0.0,0.0,0.0,4671.05,9216.84,12292.52,9216.84,6910.68,0.0,0.0,0.0,4671.05,9216.84
1960,11150.71,9375.96,7037.44,0.0,0.0,0.0,4627.15,9375.96,11150.71,9375.96,7037.44,0.0,0.0,0.0,4627.15,9375.96,11150.71,9375.96,7037.44,0.0,0.0,0.0,4627.15,9375.96,11150.71,9375.96,7037.44,0.0,0.0,0.0,4627.15,9375.96
1961,12332.88,9297.8,7226.77,0.0,0.0,0.0,4829.11,9297.8,12332.88,9297.8,7226.77,0.0,0.0,0.0,4829.11,9297.8,12332.88,9297.8,7226.77,0.0,0.0,0.0,4829.11,9297.8,12332.88,9297.8,7226.77,0.0,0.0,0.0,4829.11,9297.8
1962,13085.81,9378.76,7513.47,0.0,0.0,0.0,4795.15,9378.76,13085.81,9378.76,7513.47,0.0,0.0,0.0,4795.15,9378.76,13085.81,9378.76,7513.47,0.0,0.0,0.0,4795.15,9378.76,13085.81,9378.76,7513.47,0.0,0.0,0.0,4795.15,9378.76
1963,13425.84,9708.16,7881.03,0.0,0.0,0.0,4829.0,9708.16,13425.84,9708.16,7881.03,0.0,0.0,0.0,4829.0,9708.16,13425.84,9708.16,7881.03,0.0,0.0,0.0,4829.0,9708.16,13425.84,9708.16,7881.03,0.0,0.0,0.0,4829.0,9708.16
1964,14193.37,9992.91,8328.49,0.0,0.0,0.0,4857.31,9992.91,14193.37,9992.91,8328.49,0.0,0.0,0.0,4857.31,9992.91,14193.37,9992.91,8328.49,0.0,0.0,0.0,4857.31,9992.91,14193.37,9992.91,8328.49,0.0,0.0,0.0,4857.31,9992.91
1965,13695.53,11101.17,8794.26,0.0,0.0,0.0,4906.47,11101.17,13695.53,11101.17,8794.26,0.0,0.0,0.0,4906.47,11101.17,13695.53,11101.17,8794.26,0.0,0.0,0.0,4906.47,11101.17,13695.53,11101.17,8794.26,0.0,0.0,0.0,4906.47,11101.17
1966,15070.76,11746.03,9330.82,0.0,0.0,0.0,5020.73,11746.03,15070.76,11746.03,9330.82,0.0,0.0,0.0,5020.73,11746.03,15070.76,11746.03,9330.82,0.0,0.0,0.0,5020.73,11746.03,15070.76,11746.03,9330.82,0.0,0.0,0.0,5020.73,11746.03
1967,16368.66,11734.87,9801.16,0.0,0.0,0.0,5035.97,11734.87,16368.66,11734.87,9801.16,0.0,0.0,0.0,5035.97,11734.87,16368.66,11734.87,9801.16,0.0,0.0,0.0,5035.97,11734.87,16368.66,11734.87,9801.16,0.0,0.0,0.0,5035.97,11734.87
1968,17773.15,11695.79,10092.58,0.0,0.0,0.0,4793.72,11695.79,17773.15,11695.79,10092.58,0.0,0.0,0.0,4793.72,11695.79,17773.15,11695.79,10092.58,0.0,0.0,0.0,4793.72,11695.79,17773.15,11695.79,10092.58,0.0,0.0,0.0,4793.72,11695.79
1969,18464.87,12019.61,10389.06,0.0,0.0,0.0,4806.08,12019.61,18464.87,12019.61,10389.06,0.0,0.0,0.0,4806.08,12019.61,18464.87,12019.61,10389.06,0.0,0.0,0.0,4806.08,12019.61,18464.87,12019.61,10389.06,0.0,0.0,0.0,4806.08,12019.61
1970,19362.78,12767.76,10662.12,0.0,0.0,0.0,4645.89,12767.76,19362.78,12767.76,10662.12,0.0,0.0,0.0,4645.89,12767.76,19362.78,12767.76,10662.12,0.0,0.0,0.0,4645.89,12767.76,19362.78,12767.76,10662.12,0.0,0.0,0.0,4645.89,12767.76
1971,22440.24,13384.7,10066.05,0.0,0.0,0.0,4156.04,13384.7,22440.24,13384.7,10066.05,0.0,0.0,0.0,4156.04,13384.7,22440.24,13384.7,10066.05,0.0,0.0,0.0,4156.04,13384.7,22440.24,13384.7,10066.05,0.0,0.0,0.0,4156.04,13384.7
1972,22001.13,14361.77,10628.45,0.0,0.0,0.0,4063.56,14361.77,22001.13,14361.77,10628.45,0.0,0.0,0.0,4063.56,14361.77,22001.13,14361.77,10628.45,0.0,0.0,0.0,4063.56,14361.77,22001.13,14361.77,10628.45,0.0,0.0,0.0,4063.56,14361.77
1973,22809.71,15997.64,10856.13,0.0,0.0,0.0,4009.37,15997.64,22809.71,15997.64,10856.13,0.0,0.0,0.0,4009.37,15997.64,22809.71,15997.64,10856.13,0.0,0.0,0.0,4009.37,15997.64,22809.71,15997.64,10856.13,0.0,0.0,0.0,4009.37,15997.64
1974,23255.86,16835.12,10668.81,0.0,0.0,0.0,4031.25,16835.12,23255.86,16835.12,10668.81,0.0,0.0,0.0,4031.25,16835.12,23255.86,16835.12,10668.81,0.0,0.0,0.0,4031.25,16835.12,23255.86,16835.12,10668.81,0.0,0.0,0.0,4031.25,16835.12
1975,22012.23,16151.18,11028.65,0.0,0.0,0.0,4003.5,16151.18,22012.23,16151.18,11028.65,0.0,0.0,0.0,4003.5,16151.18,22012.23,16151.18,11028.65,0.0,0.0,0.0,4003.5,16151.18,22012.23,16151.18,11028.65,0.0,0.0,0.0,4003.5,16151.18
1976,22257.42,15553.78,11321.9,0.0,0.0,0.0,4232.56,15553.78,22257.42,15553.78,11321.9,0.0,0.0,0.0,4232.56,15553.78,22257.42,15553.78,11321.9,0.0,0.0,0.0,4232.56,15553.78,22257.42,15553.78,11321.9,0.0,0.0,0.0,4232.56,15553.78
1977,23530.68,16028.35,11735.23,0.0,0.0,0.0,4245.67,16028.35,23530.68,16028.35,11735.23,0.0,0.0,0.0,4245.67,16028.35,23530.68,16028.35,11735.23,0.0,0.0,0.0,4245.67,16028.35,23530.68,16028.35,11735.23,0.0,0.0,0.0,4245.67,16028.35
1978,23541.45,15955.77,11887.82,0.0,0.0,0.0,4231.63,15955.77,23541.45,15955.77,11887.82,0.0,0.0,0.0,4231.63,15955.77,23541.45,15955.77,11887.82,0.0,0.0,0.0,4231.63,15955.77,23541.45,15955.77,11887.82,0.0,0.0,0.0,4231.63,15955.77
1979,27358.29,15941.81,12585.36,0.0,0.0,0.0,4132.06,15941.81,27358.29,15941.81,12585.36,0.0,0.0,0.0,4132.06,15941.81,27358.29,15941.81,12585.36,0.0,0.0,0.0,4132.06,15941.81,27358.29,15941.81,12585.36,0.0,0.0,0.0,4132.06,15941.81
1980,26228.91,15428.16,12681.65,0.0,0.0,0.0,3978.75,15428.16,26228.91,15428.16,12681.65,0.0,0.0,0.0,3978.75,15428.16,26228.91,15428.16,12681.65,0.0,0.0,0.0,3978.75,15428.16,26228.91,15428.16,12681.65,0.0,0.0,0.0,3978.75,15428.16
1981,26019.1,14967.54,12287.2,0.0,0.0,0.0,4055.02,14967.54,26019.1,14967.54,12287.2,0.0,0.0,0.0,4055.02,14967.54,26019.1,14967.54,12287.2,0.0,0.0,0.0,4055.02,14967.54,26019.1,14967.54,12287.2,0.0,0.0,0.0,4055.02,14967.54
1982,25524.74,14922.88,12785.08,0.0,0.0,0.0,4619.86,14922.88,25524.74,14922.88,12785.08,0.0,0.0,0.0,4619.86,14922.88,25524.74,14922.88,12785.08,0.0,0.0,0.0,4619.86,14922.88,25524.74,14922.88,12785.08,0.0,0.0,0.0,4619.86,14922.88
1983,25686.88,15151.79,12960.92,0.0,0.0,0.0,4756.14,15151.79,25686.88,15151.79,12960.92,0.0,0.0,0.0,4756.14,15151.79,25686.88,15151.79,12960.92,0.0,0.0,0.0,4756.14,15151.79,25686.88,15151.79,12960.92,0.0,0.0,0.0,4756.14,15151.79
1984,25507.94,15140.62,12657.84,0.0,0.0,0.0,4890.28,15140.62,25507.94,15140.62,12657.84,0.0,0.0,0.0,4890.28,15140.62,25507.94,15140.62,12657.84,0.0,0.0,0.0,4890.28,15140.62,25507.94,15140.62,12657.84,0.0,0.0,0.0,4890.28,15140.62
1985,26706.28,15176.91,12601.79,0.0,0.0,0.0,4949.51,15176.91,26706.28,15176.91,12601.79,0.0,0.0,0.0,4949.51,15176.91,26706.28,15176.91,12601.79,0.0,0.0,0.0,4949.51,15176.91,26706.28,15176.91,12601.79,0.0,0.0,0.0,4949.51,15176.91
1986,28503.88,14610.22,12697.99,0.0,0.0,0.0,4995.52,14610.22,28503.88,14610.22,12697.99,0.0,0.0,0.0,4995.52,14610.22,28503.88,14610.22,12697.99,0.0,0.0,0.0,4995.52,14610.22,28503.88,14610.22,12697.99,0.0,0.0,0.0,4995.52,14610.22
1987,30177.16,14412.01,13400.52,0.0,0.0,0.0,5021.94,14412.01,30177.16,14412.01,13400.52,0.0,0.0,0.0,5021.94,14412.01,30177.16,14412.01,13400.52,0.0,0.0,0.0,5021.94,14412.01,30177.16,14412.01,13400.52,0.0,0.0,0.0,5021.94,14412.01
1988,29834.79,14185.89,12935.08,0.0,0.0,0.0,5110.1,14185.89,29834.79,14185.89,12935.08,0.0,0.0,0.0,5110.1,14185.89,29834.79,14185.89,12935.08,0.0,0.0,0.0,5110.1,14185.89,29834.79,14185.89,12935.08,0.0,0.0,0.0,5110.1,14185.89
1989,30011.95,14682.8,13165.91,0.0,0.0,0.0,5136.95,14682.8,30011.95,14682.8,13165.91,0.0,0.0,0.0,5136.95,14682.8,30011.95,14682.8,13165.91,0.0,0.0,0.0,5136.95,14682.8,30011.95,14682.8,13165.91,0.0,0.0,0.0,5136.95,14682.8
1990,32891.01,15402.31,13631.07,0.0,0.0,0.0,5122.91,15402.31,32891.01,15402.31,13631.07,0.0,0.0,0.0,5122.91,15402.31,32891.01,15402.31,13631.07,0.0,0.0,0.0,5122.91,15402.31,32891.01,15402.31,13631.07,0.0,0.0,0.0,5122.91,15402.31
1991,33619.74,15726.7,13232.17,0.0,0.0,0.0,5234.61,15726.7,33619.74,15726.7,13232.17,0.0,0.0,0.0,5234.61,15726.7,33619.74,15726.7,13232.17,0.0,0.0,0.0,5234.61,15726.7,33619.74,15726.7,13232.17,0.0,0.0,0.0,5234.61,15726.7
1992,33441.03,15967.55,13117.2,0.0,0.0,0.0,5346.32,15967.55,33441.03,15967.55,13117.2,0.0,0.0,0.0,5346.32,15967.55,33441.03,15967.55,13117.2,0.0,0.0,0.0,5346.32,15967.55,33441.03,15967.55,13117.2,0.0,0.0,0.0,5346.32,15967.55
1993,33661.75,16132.51,13353.62,0.0,0.0,0.0,5458.02,16132.51,33661.75,16132.51,13353.62,0.0,0.0,0.0,5458.02,16132.51,33661.75,16132.51,13353.62,0.0,0.0,0.0,5458.02,16132.51,33661.75,16132.51,13353.62,0.0,0.0,0.0,5458.02,16132.51
1994,34782.04,16169.06,13846.41,0.0,0.0,0.0,5569.73,16169.06,34782.04,16169.06,13846.41,0.0,0.0,0.0,5569.73,16169.06,34782.04,16169.06,13846.41,0.0,0.0,0.0,5569.73,16169.06,34782.04,16169.06,13846.41,0.0,0.0,0.0,5569.73,16169.06
1995,35794.97,16303.47,14405.25,0.0,0.0,0.0,5681.44,16303.47,35794.97,16303.47,14405.25,0.0,0.0,0.0,5681.44,16303.47,35794.97,16303.47,14405.25,0.0,0.0,0.0,5681.44,16303.47,35794.97,16303.47,14405.25,0.0,0.0,0.0,5681.44,16303.47
1996,37408.7,16666.25,14625.3,0.0,0.0,0.0,5720.2,16666.25,37408.7,16666.25,14625.3,0.0,0.0,0.0,5720.2,16666.25,37408.7,16666.25,14625.3,0.0,0.0,0.0,5720.2,16666.25,37408.7,16666.25,14625.3,0.0,0.0,0.0,5720.2,16666.25
1997,38742.33,16753.6,14463.75,0.0,0.0,0.0,5758.97,16753.6,38742.33,16753.6,14463.75,0.0,0.0,0.0,5758.97,16753.6,38742.33,16753.6,14463.75,0.0,0.0,0.0,5758.97,16753.6,38742.33,16753.6,14463.75,0.0,0.0,0.0,5758.97,16753.6
1998,40643.28,17116.84,15244.63,0.0,0.0,0.0,5797.74,17116.84,40643.28,17116.84,15244.63,0.0,0.0,0.0,5797.74,17116.84,40643.28,17116.84,15244.63,0.0,0.0,0.0,5797.74,17116.84,40643.28,17116.84,15244.63,0.0,0.0,0.0,5797.74,17116.84
1999,42371.77,16665.24,14842.33,0.0,0.0,0.0,5836.51,16665.24,42371.77,16665.24,14842.33,0.0,0.0,0.0,5836.51,16665.24,42371.77,16665.24,14842.33,0.0,0.0,0.0,5836.51,16665.24,42371.77,16665.24,14842.33,0.0,0.0,0.0,5836.51,16665.24
2000,45176.28,16113.33,14314.54,0.0,0.0,0.0,5875.28,16113.33,45176.28,16113.33,14314.54,0.0,0.0,0.0,5875.28,16113.33,45176.28,16113.33,14314.54,0.0,0.0,0.0,5875.28,16113.33,45176.28,16113.33,14314.54,0.0,0.0,0.0,5875.28,16113.33
2001,47530.83,16262.23,13470.9,0.0,0.0,0.0,5895.15,16262.23,47530.83,16262.23,13470.9,0.0,0.0,0.0,5895.15,16262.23,47530.83,16262.23,13470.9,0.0,0.0,0.0,5895.15,16262.23,47530.83,16262.23,13470.9,0.0,0.0,0.0,5895.15,16262.23
2002,46007.24,16263.76,12884.44,0.0,0.0,0.0,5915.02,16263.76,46007.24,16263.76,12884.44,0.0,0.0,0.0,5915.02,16263.76,46007.24,16263.76,12884.44,0.0,0.0,0.0,5915.02,16263.76,46007.24,16263.76,12884.44,0.0,0.0,0.0,5915.02,16263.76
2003,45610.25,17037.8,12710.71,0.0,0.0,0.0,5934.89,17037.8,45610.25,17037.8,12710.71,0.0,0.0,0.0,5934.89,17037.8,45610.25,17037.8,12710.71,0.0,0.0,0.0,5934.89,17037.8,45610.25,17037.8,12710.71,0.0,0.0,0.0,5934.89,17037.8
2004,46092.14,15907.17,12471.02,0.0,0.0,0.0,5954.76,15907.17,46092.14,15907.17,12471.02,0.0,0.0,0.0,5954.76,15907.17,46092.14,15907.17,12471.02,0.0,0.0,0.0,5954.76,15907.17,46092.14,15907.17,12471.02,0.0,0.0,0.0,5954.76,15907.17
2005,48078.92,15702.11,12247.91,0.0,0.0,0.0,5974.63,15702.11,48078.92,15702.11,12247.91,0.0,0.0,0.0,5974.63,15702.11,48078.92,15702.11,12247.91,0.0,0.0,0.0,5974.63,15702.11,48078.92,15702.11,12247.91,0.0,0.0,0.0,5974.63,15702.11
2006,47527.98,15854.91,11873.81,0.0,0.0,0.0,6026.2,15854.91,47527.98,15854.91,11873.81,0.0,0.0,0.0,6026.2,15854.91,47527.98,15854.91,11873.81,0.0,0.0,0.0,6026.2,15854.91,47527.98,15854.91,11873.81,0.0,0.0,0.0,6026.2,15854.91
2007,47587.64,14919.02,11431.46,0.0,0.0,0.0,6077.77,14919.02,47587.64,14919.02,11431.46,0.0,0.0,0.0,6077.77,14919.02,47587.64,14919.02,11431.46,0.0,0.0,0.0,6077.77,14919.02,47587.64,14919.02,11431.46,0.0,0.0,0.0,6077.77,14919.02
2008,47291.06,14773.6,11350.61,0.0,0.0,0.0,6129.34,14773.6,47291.06,14773.6,11350.61,0.0,0.0,0.0,6129.34,14773.6,47291.06,14773.6,11350.61,0.0,0.0,0.0,6129.34,14773.6,47291.06,14773.6,11350.61,0.0,0.0,0.0,6129.34,14773.6
2009,42112.99,14366.39,11014.39,0.0,0.0,0.0,6180.91,14366.39,42112.99,14366.39,11014.39,0.0,0.0,0.0,6180.91,14366.39,42112.99,14366.39,11014.39,0.0,0.0,0.0,6180.91,14366.39,42112.99,14366.39,11014.39,0.0,0.0,0.0,6180.91,14366.39
2010,41727.19,14085.86,11464.64,0.0,0.0,0.0,6232.47,14085.86,41727.19,14085.86,11464.64,0.0,0.0,0.0,6232.47,14085.86,41727.19,14085.86,11464.64,0.0,0.0,0.0,6232.47,14085.86,41727.19,14085.86,11464.64,0.0,0.0,0.0,6232.47,14085.86
2011,38036.48,14026.71,10710.74,0.0,0.0,0.0,5476.71,14026.71,38036.48,14026.71,10710.74,0.0,0.0,0.0,5476.71,14026.71,38036.48,14026.71,10710.74,0.0,0.0,0.0,5476.71,14026.71,38036.48,14026.71,10710.74,0.0,0.0,0.0,5476.71,14026.71
2012,38180.93,14734.46,11133.51,0.0,0.0,0.0,4445.75,14734.46,38180.93,14734.46,11133.51,0.0,0.0,0.0,4445.75,14734.46,38180.93,14734.46,11133.51,0.0,0.0,0.0,4445.75,14734.46,38180.93,14734.46,11133.51,0.0,0.0,0.0,4445.75,14734.46
2013,37232.24,15051.81,11872.64,0.0,0.0,0.0,4566.74,15051.81,37232.24,15051.81,11872.64,0.0,0.0,0.0,4566.74,15051.81,37232.24,15051.81,11872.64,0.0,0.0,0.0,4566.74,15051.81,37232.24,15051.81,11872.64,0.0,0.0,0.0,4566.74,15051.81
2014,36850.08,15133.42,11391.11,0.0,0.0,0.0,5927.31,15133.42,36850.08,15133.42,11391.11,0.0,0.0,0.0,5927.31,15133.42,36850.08,15133.42,11391.11,0.0,0.0,0.0,5927.31,15133.42,36850.08,15133.42,11391.11,0.0,0.0,0.0,5927.31,15133.42
2015,38626.0,15722.12,11500.39,0.0,0.0,0.0,5569.36,15722.12,38626.0,15722.12,11500.39,0.0,0.0,0.0,5569.36,15722.12,38626.0,15722.12,11500.39,0.0,0.0,0.0,5569.36,15722.12,38626.0,15722.12,11500.39,0.0,0.0,0.0,5569.36,15722.12
2016,40091.69,16153.86,11686.23,0.0,0.0,0.0,4976.06,16153.86,40091.69,16153.86,11686.23,0.0,0.0,0.0,4976.06,16153.86,40091.69,16153.86,11686.23,0.0,0.0,0.0,4976.06,16153.86,40091.69,16153.86,11686.23,0.0,0.0,0.0,4976.06,16153.86
2017,39070.96,16604.56,12279.63,0.0,0.0,0.0,6475.34,16604.56,39070.96,16604.56,12279.63,0.0,0.0,0.0,6475.34,16604.56,39070.96,16604.56,12279.63,0.0,0.0,0.0,6475.34,16604.56,39070.96,16604.56,12279.63,0.0,0.0,0.0,6475.34,16604.56
2018,39132.59,16956.05,12891.54,0.0,0.0,0.0,4778.38,16956.05,39132.59,16956.05,12891.54,0.0,0.0,0.0,4778.38,16956.05,39132.59,16956.05,12891.54,0.0,0.0,0.0,4778.38,16956.05,39132.59,16956.05,12891.54,0.0,0.0,0.0,4778.38,16956.05
2019,37215.8,16498.18,12183.17,0.0,0.0,0.0,4435.55,16498.18,37215.8,16498.18,12183.17,0.0,0.0,0.0,4435.55,16498.18,37215.8,16498.18,12183.17,0.0,0.0,0.0,4435.55,16498.18,37215.8,16498.18,12183.17,0.0,0.0,0.0,4435.55,16498.18
2020,35278.418877443255,18869.156618504247,3824.9096967625524,0.0,0.0,0.0,-447.6681124486095,18869.156618504247,35272.3935702242,18870.661000880078,3826.1776596816553,0.0,0.0,0.0,-446.11943135612273,18870.661000880078,35272.30615414116,18870.679982332305,3825.4310143344865,0.0,0.0,0.0,-446.07357419055603,18870.679982332305,35278.224500495395,18870.670912929214,3826.607412084491,0.0,0.0,0.0,-446.109060096815,18870.670912929214
2021,36965.69204249145,19135.502043226024,3878.1786790499027,0.0,0.0,0.0,-408.4495946914116,19135.502043226024,36915.623363017556,19129.75634095924,3881.459423427616,0.0,0.0,0.0,-414.53780232245305,19129.75634095924,36915.62329717504,19129.756341254175,3878.857746109805,0.0,0.0,0.0,-414.46380523470924,19129.756341254175,36915.62324431155,19129.75634101989,3879.8897366679216,0.0,0.0,0.0,-414.5378023245285,19129.75634101989
2022,37236.98599934879,19485.441904415566,3953.0698550096063,0.0,0.0,0.0,-574.2611152417422,19485.441904415566,35169.43443888071,19479.77073114293,3957.6900790528634,0.0,0.0,0.0,-579.797390248708,19479.77073114293,35161.13017685661,19479.77073142612,3954.4606447964456,0.0,0.0,0.0,-580.1973154872018,19479.77073142612,35169.33134610822,19581.328691203827,3982.54993467834,0.0,0.0,0.0,-579.7973902490438,19581.328691203827
2023,34484.970076245816,19502.243742220508,3952.9985608555553,0.0,0.0,0.0,-942.8941698352975,19502.243742220508,28451.55706333245,19495.29671945339,3958.7342305153943,0.0,0.0,0.0,-950.0556028177623,19495.29671945339,28539.580168381992,19495.296719696424,3954.637585608649,0.0,0.0,0.0,-950.1658426613334,19495.296719696424,28674.402218618463,19339.476476966334,3927.07822570354,0.0,0.0,0.0,-950.0556028207197,19339.476476966334
2024,34490.4221469127,19509.864617621897,3952.441353160942,0.0,0.0,0.0,-349.6662136642688,19509.864617621897,28364.116190994566,19502.576539478094,3961.293134547653,0.0,0.0,0.0,-357.66883175360215,19502.576539478094,28481.019839876182,19502.57653972746,3957.2365394525464,0.0,0.0,0.0,-357.84894999330555,19502.57653972746,28545.97514644803,19089.378094451287,3873.3387777244566,0.0,0.0,0.0,-357.66883176063436,19089.378094451287
2025,33182.88286328939,19517.48552422993,3951.941960063909,0.0,0.0,0.0,-373.4622134380905,19517.48552422993,27794.20966651718,19509.847506891558,3962.3482471962507,0.0,0.0,0.0,-382.8658649691647,19509.847506891558,27827.34400392354,19509.847507133694,3957.675881064409,0.0,0.0,0.0,-383.0634889085779,19509.847507133694,27918.61005395377,18839.2708593259,3818.745286290096,0.0,0.0,0.0,-382.8658649764416,18839.2708593259
2026,32555.104765415632,19525.10623064536,3951.399204837138,0.0,0.0,0.0,-278.1461205465705,19525.10623064536,21222.461750446586,19516.842026069316,3963.787092137637,0.0,0.0,0.0,-1174.4103317054573,19516.842026069316,21498.098941974396,19516.731206336586,3958.6033223067348,0.0,0.0,0.0,-708.5438227536671,19516.731206336586,22116.79512918374,18588.15126203263,3765.557110909131,0.0,0.0,0.0,310.88634091524443,18588.15126203263
2027,31883.779596786593,19532.726649025986,3950.8564461837473,0.0,0.0,0.0,-352.896552999394,19532.726649025986,20356.237420499663,19523.560097011767,3965.6096901801034,0.0,0.0,0.0,-1208.8598478199156,19523.560097011767,20692.655544420613,19523.227637315795,3959.8663645456386,0.0,0.0,0.0,-665.6362894227826,19523.227637315795,21290.917470258493,18336.019302562967,3713.7742515569525,0.0,0.0,0.0,276.5428232578243,18336.019302562967
2028,31185.41044957309,19540.78301627987,3950.3180928096426,0.0,0.0,0.0,-444.82583683179337,19540.78301627987,18800.783682560523,19530.00171972021,3967.8160413548408,0.0,0.0,0.0,-1242.5609495624556,19530.00171972021,19272.360937284368,19529.3368000824,3961.6669952737393,0.0,0.0,0.0,-624.3250656627271,19529.3368000824,19696.513012668045,18082.87498093232,3663.396708248549,0.0,0.0,0.0,238.8431522344522,18082.87498093232
2029,30402.699883906284,19548.403746707034,3949.7753374764707,0.0,0.0,0.0,-513.2482508246248,19548.403746707034,16605.80461573446,19536.166894194375,3970.4061456481763,0.0,0.0,0.0,-1274.2857309280937,19536.166894194375,17008.060428260185,19535.058694635336,3964.005214482,0.0,0.0,0.0,-583.4801003754015,19535.058694635336,17431.585988630657,17828.718297111616,3614.3157290804415,0.0,0.0,0.0,198.11254064176967,17828.718297111616
2030,26861.182957838817,19556.02451233338,3949.2325825153202,0.0,0.0,0.0,-515.9407088191308,19556.02451233338,13768.20828619712,19542.0556204337,3973.380003066153,0.0,0.0,0.0,-1306.0978347277853,19542.0556204337,13999.331551057476,19540.393320970812,3966.881022168672,0.0,0.0,0.0,-545.2541379226274,19540.393320970812,14320.648633777124,17573.549251134173,3566.6400659588376,0.0,0.0,0.0,151.44835249535168,17573.549251134173
2031,24828.770631305764,19660.0149185111,3968.948495735458,0.0,0.0,0.0,-530.7001712643479,19660.0149185111,9755.199718350508,19644.314957980536,3996.6125384385987,0.0,0.0,0.0,-1336.1006339231008,19644.314957980536,9918.685004173281,19642.098558618687,3990.0155078080456,0.0,0.0,0.0,-576.9102815686081,19642.098558618687,10171.68781164434,17318.38020514381,3518.377443385281,0.0,0.0,0.0,101.92717653455679,17318.38020514381
2032,23688.483238295066,19764.005272948845,3988.6644084391182,0.0,0.0,0.0,-543.3174288845372,19764.005272948845,7880.84887367544,19746.574295528546,4019.845073802134,0.0,0.0,0.0,-1365.7904399148226,19746.574295528546,7899.275318713339,19743.803796261127,4013.1499934497688,0.0,0.0,0.0,-608.9394849169863,19743.803796261127,8041.650246885616,17063.211159171948,3470.11482081049,0.0,0.0,0.0,48.373917139789725,17063.211159171948
2033,22729.297803415717,19867.995635420768,4008.380321236711,0.0,0.0,0.0,-554.1004846266962,19867.995635420768,6066.272357835889,19848.83363307292,4043.077609167252,0.0,0.0,0.0,-1395.342217933365,19848.83363307292,6071.83722722621,19845.509033902083,4036.284479080475,0.0,0.0,0.0,-641.4714766536507,19845.509033902083,5977.026278065662,16808.042113188512,3421.8521982323236,0.0,0.0,0.0,-9.090640366897759,16808.042113188512
2034,20818.44851081417,19971.986045728616,4028.096237736187,0.0,0.0,0.0,-561.2803183577838,19971.986045728616,4951.53829739059,19951.09297062044,4065.1827500572776,0.0,0.0,0.0,-1343.5547701553173,19951.09297062044,4825.663535070027,19947.214271542332,4059.4189645487454,0.0,0.0,0.0,-672.5715376316226,19947.214271542332,4838.695294918804,16552.873067205877,3373.5895756572704,0.0,0.0,0.0,-68.2921276267383,16552.873067205877
2035,19392.68352789475,20075.436960095503,4047.806702858839,0.0,0.0,0.0,-567.2334467476646,20075.436960095503,1296.1649311513752,20053.3523081671,4089.5426799495267,0.0,0.0,0.0,-1451.8149307554036,20053.3523081671,2013.7486360099094,20048.919509184645,4082.5534503979743,0.0,0.0,0.0,-703.8866637671169,20048.919509184645,2861.681555509554,16297.704021223708,3325.326953094737,0.0,0.0,0.0,-130.64873996547115,16297.704021223708
2036,18280.300876161033,20179.427346808534,4067.522619594879,0.0,0.0,0.0,-569.264914615233,20179.427346808534,338.789324241214,20155.611645714278,4112.775215322521,0.0,0.0,0.0,-1476.9375264390053,20155.611645714278,1538.4588120534593,20150.624746827965,4105.687936037549,0.0,0.0,0.0,-733.6989583464474,20150.624746827965,2271.7540356846935,16042.53497524143,3277.0643305198287,0.0,0.0,0.0,-194.2246622257429,16042.53497524143
2037,17411.743228091458,20283.417708772668,4087.2385362746745,0.0,0.0,0.0,-569.7702878103264,20283.417708772668,64.77564771381805,20257.870983259854,4136.007750697466,0.0,0.0,0.0,-1501.7583476370385,20257.870983259854,1345.4518448174208,20252.3299844666,4128.822421672974,0.0,0.0,0.0,-763.6879219645011,20252.3299844666,2078.265181306077,15787.36592926212,3228.8017079254546,0.0,0.0,0.0,-260.49232142286724,15787.36592926212
2038,16601.656318310703,20387.408032025152,4106.954452712667,0.0,0.0,0.0,-309.72718050942393,20387.408032025152,-371.7852346503557,20360.130320807806,4159.240286072212,0.0,0.0,0.0,-1526.1888803832194,20360.130320807806,1023.0830261844048,20354.03522211172,4151.956907310181,0.0,0.0,0.0,-793.7295374440826,20354.03522211172,1755.0701068003843,15532.19688328068,3180.5390853512677,0.0,0.0,0.0,-329.1314904869551,15532.19688328068
2039,15697.498327407307,20491.39835778329,4126.670369544418,0.0,0.0,0.0,-416.1020173629804,20491.39835778329,-957.9965631229652,20462.38965835309,4182.472821446372,0.0,0.0,0.0,-1550.1571635898697,20462.38965835309,493.93133025469007,20455.74045975112,4175.091392945426,0.0,0.0,0.0,-823.7163611827705,20455.74045975112,1224.7240025053843,15277.027837289603,3132.276462776275,0.0,0.0,0.0,-399.83854329093606,15277.027837289603
2040,14328.258101483969,20595.388706981965,4146.386286883717,0.0,0.0,0.0,-528.0538877409989,20595.388706981965,-1206.8099887876185,20564.648995899915,4205.705356820466,0.0,0.0,0.0,-1572.0455008482334,20564.648995899915,302.5615247892227,20557.44569739501,4198.225878580588,0.0,0.0,0.0,-851.9990750360729,20557.44569739501,1031.7649339140696,15021.858791309503,3084.013840201351,0.0,0.0,0.0,-470.78966907046225,15021.858791309503
2041,13727.541396902814,20618.894860205004,4149.916999290973,0.0,0.0,0.0,-543.9646343825434,20618.894860205004,-1454.4081882018575,20586.423537564682,4212.75268086725,0.0,0.0,0.0,-1595.2187227827817,20586.423537564682,112.8171866153638,20578.6661391562,4205.175152889274,0.0,0.0,0.0,-881.9109997310318,20578.6661391562,842.5865384325025,14766.535885335612,3035.978377755406,0.0,0.0,0.0,-545.1436300947739,14766.535885335612
2042,13152.205032971518,20642.409275078877,4153.447795647318,0.0,0.0,0.0,-557.8598008713863,20642.409275078877,-1703.337082451096,20608.198079227044,4219.800004913461,0.0,0.0,0.0,-1616.295386030279,20608.198079227044,-77.4510451386753,20599.886580913262,4212.124427197101,0.0,0.0,0.0,-910.0428557797941,20599.886580913262,654.0560141567202,14511.212979349848,2987.9429153092665,0.0,0.0,0.0,-619.3384633100852,14511.212979349848
2043,12657.045065778471,20665.915394092186,4156.978508403107,0.0,0.0,0.0,-548.4993231876111,20665.915394092186,-1952.232474169151,20629.972620892433,4226.847328960723,0.0,0.0,0.0,-1636.84686216176,20629.972620892433,-267.2087554486093,20621.107022674776,4219.073701506234,0.0,0.0,0.0,-937.9382916886556,20621.107022674776,470.27888736411813,14255.890073367053,2939.9074528630863,0.0,0.0,0.0,-694.7650645450226,14255.890073367053
2044,12052.586029822356,20689.421580390223,4160.509222227747,0.0,0.0,0.0,-538.1755655610849,20689.421580390223,-2048.0589626039155,20651.747162557138,4233.894652989679,0.0,0.0,0.0,-1657.047308100106,20651.747162557138,-303.1284272427849,20642.32746443169,4226.022975814445,0.0,0.0,0.0,-965.747600387518,20642.32746443169,439.8275431985892,14000.567167385761,2891.87199041687,0.0,0.0,0.0,-771.4426616805023,14000.567167385761
2045,11637.226546659123,20712.92774471024,4164.039936225692,0.0,0.0,0.0,-526.8337067325796,20712.92774471024,-2143.851242687721,20673.52170422188,4240.94197703868,0.0,0.0,0.0,-1676.7627606957992,20673.52170422188,-338.4615524588941,20663.54790619186,4232.972250122859,0.0,0.0,0.0,-993.3110525437817,20663.54790619186,409.4011072290029,13745.24426139941,2843.836527970557,0.0,0.0,0.0,-849.069652746216,13745.24426139941
2046,11266.256438525063,20736.43391508461,4167.570650706299,0.0,0.0,0.0,-512.6212070304409,20736.43391508461,-2239.608870195136,20695.296245885016,4247.9893010868145,0.0,0.0,0.0,-1694.082708038888,20695.296245885016,-373.17829818066923,20684.76834795165,4239.921524431029,0.0,0.0,0.0,-1018.6962283267942,20684.76834795165,379.00497805461987,13489.921355415368,2795.8010655241637,0.0,0.0,0.0,-925.5934318106032,13489.921355415368
2047,11002.438737884775,20759.940068109376,4171.101365523889,0.0,0.0,0.0,-499.44405051545687,20759.940068109376,-2335.3116483749263,20717.070787549615,4255.0366251348105,0.0,0.0,0.0,-1712.8447046226497,20717.070787549615,-407.21827130497786,20705.9887897114,4246.87079873911,0.0,0.0,0.0,-1045.7168713451908,20705.9887897114,348.65178880012155,13234.598449439505,2747.7656030777894,0.0,0.0,0.0,-1004.6967477303158,13234.598449439505
2048,10773.069136951024,20783.446210775634,4174.632080744517,0.0,0.0,0.0,-485.3096669726118,20783.446210775634,-2430.9792658508377,20738.845329211785,4262.08394918237,0.0,0.0,0.0,-1730.9971848149369,20738.845329211785,-440.55277565796354,20727.209231469697,4253.820073047002,0.0,0.0,0.0,-1072.3014625592436,20727.209231469697,318.326733592553,12979.275543454096,2699.730140631247,0.0,0.0,0.0,-1084.1987722753279,12979.275543454096
2049,9700.835305433413,20806.952344466936,4178.162796431424,0.0,0.0,0.0,-470.4538863815917,20806.952344466936,-2526.6115496835123,20760.619870874558,4269.131273229736,0.0,0.0,0.0,-1748.7228554303888,20760.619870874558,-473.134127348262,20748.429673218943,4260.769347347123,0.0,0.0,0.0,-1098.6127719005563,20748.429673218943,288.0288613703917,12723.95263746573,2651.694678184387,0.0,0.0,0.0,-1164.1529881101826,12723.95263746573
2050,9518.872751079238,20830.726997864356,4181.696226239278,0.0,0.0,0.0,-452.7424824929657,20830.726997864356,-2622.208043150887,20782.39441254068,4276.178597274471,0.0,0.0,0.0,-1764.1203647293316,20782.39441254068,-505.35044502420504,20769.650114980548,4267.718621630148,0.0,0.0,0.0,-1122.731447144623,20769.650114980548,257.7614060762203,12468.629731482932,2603.65921573838,0.0,0.0,0.0,-1242.541608806824,12468.629731482932
2051,9234.096356777844,20830.72698793602,4181.710690739618,0.0,0.0,0.0,-436.3841610613483,20830.72698793602,-2621.451952567463,20780.662850401095,4279.7096693728145,0.0,0.0,0.0,-1780.782209290533,20780.662850401095,-533.6259244682628,20767.364453340102,4271.151644662945,0.0,0.0,0.0,-1148.2319085484805,20767.364453340102,231.63362867731928,12463.218599745724,2611.286338331907,0.0,0.0,0.0,-1322.8407330309972,12463.218599745724
2052,9097.148418503068,20830.726988982253,4181.725156086747,0.0,0.0,0.0,-419.3415737557318,20830.726988982253,-2713.915879282413,20778.931288196232,4283.2407413525125,0.0,0.0,0.0,-1796.9073504403577,20778.931288196232,-561.9014438158106,20765.07879123144,4274.584666913824,0.0,0.0,0.0,-1173.2990829416362,20765.07879123144,205.50675540106656,12457.807467853338,2618.913460676267,0.0,0.0,0.0,-1403.158463944299,12457.807467853338
2053,8962.016429045942,20830.72699792636,4181.739622255845,0.0,0.0,0.0,-401.7840596302474,20830.72699792636,-2819.8333970492413,20777.199725993094,4286.771813336918,0.0,0.0,0.0,-1812.6273983078074,20777.199725993094,-590.1769616028616,20762.79312912397,4278.017689163959,0.0,0.0,0.0,-1198.0485466666896,20762.79312912397,179.37969309799493,12452.396335967269,2626.5405830204745,0.0,0.0,0.0,-1483.5228366958356,12452.396335967269
2054,8895.61789152295,20830.727007363104,4181.754089454803,0.0,0.0,0.0,-383.65412895003976,20830.727007363104,-2922.840757005328,20775.468163788508,4290.302885321009,0.0,0.0,0.0,-1827.8356050976004,20775.468163788508,-625.3157443618062,20760.507467015334,4281.450711388515,0.0,0.0,0.0,-1222.357532891714,20760.507467015334,153.25263035642905,12446.985204077286,2634.167705364574,0.0,0.0,0.0,-1563.723563055113,12446.985204077286
2055,8849.364809326076,20830.727004555865,4181.7685574537845,0.0,0.0,0.0,-364.9236705339888,20830.727004555865,-3021.5628954141757,20773.736601584667,4293.8339573050325,0.0,0.0,0.0,-1842.475668149168,20773.736601584667,-661.4690742628401,20758.221804907076,4284.883733645039,0.0,0.0,0.0,-1246.1575755551628,20758.221804907076,127.12532319449525,12441.57407219343,2641.7948277086516,0.0,0.0,0.0,-1643.6263372084045,12441.57407219343
2056,8806.011127244621,20830.45797787861,4181.780308091363,0.0,0.0,0.0,-345.99287889006996,20830.45797787861,-3120.28276717227,20772.00503938068,4297.365029288747,0.0,0.0,0.0,-1856.6217058271495,20772.00503938068,-697.622575917664,20755.936142800918,4288.316755900743,0.0,0.0,0.0,-1269.5087227960232,20755.936142800918,100.99789672494873,12436.162940303084,2649.421950052616,0.0,0.0,0.0,-1723.2145554510944,12436.162940303084
2057,8764.907981054206,20830.674939107375,4181.796970912691,0.0,0.0,0.0,-326.0239949266672,20830.674939107375,-3219.0023895835407,20770.2734771763,4300.896101272602,0.0,0.0,0.0,-1870.1980291312507,20770.2734771763,-733.7763921502569,20753.65048069212,4291.74977815539,0.0,0.0,0.0,-1292.323149790202,20753.65048069212,74.87002023979434,12430.751808414245,2657.0490723963953,0.0,0.0,0.0,-1802.3345907159933,12430.751808414245
2058,8698.815841488715,20830.674969218777,4181.811442893694,0.0,0.0,0.0,-290.3555139015259,20830.674969218777,-3317.7224197858727,20768.541914971123,4304.427173256154,0.0,0.0,0.0,-1883.2489769414688,20768.541914971123,-781.344448661575,20751.364818584167,4295.182800408328,0.0,0.0,0.0,-1314.6330731259927,20751.364818584167,48.744090863189285,12425.34067652514,2664.6761947400137,0.0,0.0,0.0,-1880.9528753005357,12425.34067652514
2059,8667.907119282156,20830.674978509236,4181.825916731867,0.0,0.0,0.0,-285.6061392703152,20830.674978509236,-3536.133807912448,20766.810352768174,4307.958245239847,0.0,0.0,0.0,-1895.8184166355004,20766.810352768174,-859.433269541171,20749.07915647704,4298.61582266181,0.0,0.0,0.0,-1336.4740917005456,20749.07915647704,22.616612636319484,12419.929544634928,2672.3033170838544,0.0,0.0,0.0,-1959.0609044651917,12419.929544634928
2060,8645.76075415902,20830.674999304294,4181.840392161479,0.0,0.0,0.0,-264.5999729522623,20830.674999304294,-3614.6018897722574,20765.078790564,4311.48931722289,0.0,0.0,0.0,-1907.8372773913577,20765.078790564,-884.5760017585942,20746.793494370533,4302.048844914285,0.0,0.0,0.0,-1357.7669588832216,20746.793494370533,19.5691047844008,12414.518412751077,2679.930439426992,0.0,0.0,0.0,-2036.5245135095824,12414.518412751077
2061,8244.797463945546,20830.67499249469,4181.854869874664,0.0,0.0,0.0,-244.92199863006113,20830.67499249469,-3739.2281860815524,20763.347228359744,4315.020389206528,0.0,0.0,0.0,-1921.0272129611244,20763.347228359744,-955.8755101734233,20744.507832263676,4305.48186716697,0.0,0.0,0.0,-1380.2231652824091,20744.507832263676,-29.63631649878556,12409.107280861903,2687.557561770736,0.0,0.0,0.0,-2115.000199732557,12409.107280861903
2062,8202.596962236881,20830.674994109097,4181.869350175652,0.0,0.0,0.0,-223.25259460321558,20830.674994109097,-3840.775377583981,20761.615666155652,4318.551461189399,0.0,0.0,0.0,-1932.0499120777965,20761.615666155652,-1004.0972250497244,20742.222170157933,4308.914889417597,0.0,0.0,0.0,-1400.4961691623323,20742.222170157933,-55.76386767031114,12403.696148974606,2695.1846841136644,0.0,0.0,0.0,-2191.097462148379,12403.696148974606
2063,8012.290493067809,20830.67497679699,4181.883833486524,0.0,0.0,0.0,-202.95139065146236,20830.67497679699,-3942.3226216191615,20759.884103951095,4322.082533172592,0.0,0.0,0.0,-1944.2406366516348,20759.884103951095,-1052.3175914748435,20739.936508052295,4312.347911668336,0.0,0.0,0.0,-1421.9130140730472,20739.936508052295,-81.89153425153711,12398.285017088345,2702.8118064567916,0.0,0.0,0.0,-2268.099306974068,12398.285017088345
2064,7978.825152119561,20830.6749277953,4181.898320463918,0.0,0.0,0.0,-182.3742733974159,20830.6749277953,-4043.86986326628,20758.152541748437,4325.61360515569,0.0,0.0,0.0,-1955.936650121269,20758.152541748437,-1100.5385519597603,20737.650845947373,4315.780933917324,0.0,0.0,0.0,-1442.8027569469125,20737.650845947373,-108.0185539544098,12392.873885201905,2710.4389287994222,0.0,0.0,0.0,-2344.290769486856,12392.873885201905
2065,7945.691918905398,20830.674876956044,4181.912812385688,0.0,0.0,0.0,-161.557696147785,20830.674876956044,-4145.417101935903,20756.4209795448,4329.144677138415,0.0,0.0,0.0,-1967.150064913971,20756.4209795448,-1148.7595070486655,20735.365183845133,4319.213956164836,0.0,0.0,0.0,-1463.1693152838163,20735.365183845133,-134.14561786637253,12387.46275331174,2718.066051141583,0.0,0.0,0.0,-2419.6317608759505,12387.46275331174
2066,7918.105331204203,20830.67486389277,4181.927311402734,0.0,0.0,0.0,-140.49836261859582,20830.67486389277,-4246.964342937669,20754.68941734114,4332.675749120746,0.0,0.0,0.0,-1977.8685654621654,20754.68941734114,-1196.9804615741427,20733.079521745865,4322.6469784093615,0.0,0.0,0.0,-1482.9960304800024,20733.079521745865,-160.2726333622752,12382.05162142665,2725.693173482832,0.0,0.0,0.0,-2494.083294340357,12382.05162142665
2067,7884.6118189173085,20830.674918773875,4181.941820524983,0.0,0.0,0.0,-119.08414828948207,20830.674918773875,-4348.511584273471,20752.95785513944,4336.2068211024625,0.0,0.0,0.0,-1987.9615506822404,20752.95785513944,-1245.2014139273213,20730.793859650996,4326.0800006490035,0.0,0.0,0.0,-1502.1441289392574,20730.793859650996,-186.39965126033883,12376.640489542586,2733.3202958225493,0.0,0.0,0.0,-2567.4626196422464,12376.640489542586
2068,6103.642062624701,20830.675128228875,4181.956345654704,0.0,0.0,0.0,-97.52701403814126,20830.675128228875,-4450.058826978512,20751.226292939573,4339.737893082387,0.0,0.0,0.0,-1997.6262269225892,20751.226292939573,-1293.4223708780082,20728.508197566825,4329.513022876157,0.0,0.0,0.0,-1520.8064958745122,20728.508197566825,-212.52666879110922,12371.229357662145,2740.9474181584164,0.0,0.0,0.0,-2639.9403228314836,12371.229357662145
2069,6072.049905814406,20830.675193197294,4181.970896185811,0.0,0.0,0.0,-77.5819094451856,20830.675193197294,-4551.606071628175,20749.49473074283,4343.268965056692,0.0,0.0,0.0,-2008.6081043886836,20749.49473074283,-1341.6433133291614,20726.22253551783,4332.9460450638635,0.0,0.0,0.0,-1540.7243309110477,20726.22253551783,-238.65368819634554,12365.818225791485,2748.5745404841655,0.0,0.0,0.0,-2713.235318434905,12365.818225791485
2070,6045.134741480435,20830.81078470937,4181.986905863619,0.0,0.0,0.0,-75.36908255642857,20830.81078470937,-4653.153305937299,20747.763168576676,4346.800036994615,0.0,0.0,0.0,-2037.1544828306655,20747.763168576676,-1389.8642518476827,20723.93687368701,4336.379066980987,0.0,0.0,0.0,-1578.1406331830194,20723.93687368701,-264.78071799346026,12360.40709399357,2756.2016627241387,0.0,0.0,0.0,-2803.568334521896,12360.40709399357
2071,6045.134741480435,20830.81078470937,4181.986905863619,0.0,0.0,0.0,-75.36908255642857,20830.81078470937,-4653.153305937299,20747.763168576676,4346.800036994615,0.0,0.0,0.0,-2037.1544828306655,20747.763168576676,-1389.8642518476827,20723.93687368701,4336.379066980987,0.0,0.0,0.0,-1578.1406331830194,20723.93687368701,-264.78071799346026,12360.40709399357,2756.2016627241387,0.0,0.0,0.0,-2803.568334521896,12360.40709399357
2072,6045.134741480435,20830.81078470937,4181.986905863619,0.0,0.0,0.0,-75.36908255642857,20830.81078470937,-4653.153305937299,20747.763168576676,4346.800036994615,0.0,0.0,0.0,-2037.1544828306655,20747.763168576676,-1389.8642518476827,20723.93687368701,4336.379066980987,0.0,0.0,0.0,-1578.1406331830194,20723.93687368701,-264.78071799346026,12360.40709399357,2756.2016627241387,0.0,0.0,0.0,-2803.568334521896,12360.40709399357
2073,6045.134741480435,20830.81078470937,4181.986905863619,0.0,0.0,0.0,-75.36908255642857,20830.81078470937,-4653.153305937299,20747.763168576676,4346.800036994615,0.0,0.0,0.0,-2037.1544828306655,20747.763168576676,-1389.8642518476827,20723.93687368701,4336.379066980987,0.0,0.0,0.0,-1578.1406331830194,20723.93687368701,-264.78071799346026,12360.40709399357,2756.2016627241387,0.0,0.0,0.0,-2803.568334521896,12360.40709399357
2074,6045.134741480435,20830.81078470937,4181.986905863619,0.0,0.0,0.0,-75.36908255642857,20830.81078470937,-4653.153305937299,20747.763168576676,4346.800036994615,0.0,0.0,0.0,-2037.1544828306655,20747.763168576676,-1389.8642518476827,20723.93687368701,4336.379066980987,0.0,0.0,0.0,-1578.1406331830194,20723.93687368701,-264.78071799346026,12360.40709399357,2756.2016627241387,0.0,0.0,0.0,-2803.568334521896,12360.40709399357
2075,6045.134741480435,20830.81078470937,4181.986905863619,0.0,0.0,0.0,-75.36908255642857,20830.81078470937,-4653.153305937299,20747.763168576676,4346.800036994615,0.0,0.0,0.0,-2037.1544828306655,20747.763168576676,-1389.8642518476827,20723.93687368701,4336.379066980987,0.0,0.0,0.0,-1578.1406331830194,20723.93687368701,-264.78071799346026,12360.40709399357,2756.2016627241387,0.0,0.0,0.0,-2803.568334521896,12360.40709399357
2076,6045.134741480435,20830.81078470937,4181.986905863619,0.0,0.0,0.0,-75.36908255642857,20830.81078470937,-4653.153305937299,20747.763168576676,4346.800036994615,0.0,0.0,0.0,-2037.1544828306655,20747.763168576676,-1389.8642518476827,20723.93687368701,4336.379066980987,0.0,0.0,0.0,-1578.1406331830194,20723.93687368701,-264.78071799346026,12360.40709399357,2756.2016627241387,0.0,0.0,0.0,-2803.568334521896,12360.40709399357
2077,6045.134741480435,20830.81078470937,4181.986905863619,0.0,0.0,0.0,-75.36908255642857,20830.81078470937,-4653.153305937299,20747.763168576676,4346.800036994615,0.0,0.0,0.0,-2037.1544828306655,20747.763168576676,-1389.8642518476827,20723.93687368701,4336.379066980987,0.0,0.0,0.0,-1578.1406331830194,20723.93687368701,-264.78071799346026,12360.40709399357,2756.2016627241387,0.0,0.0,0.0,-2803.568334521896,12360.40709399357
2078,6045.134741480435,20830.81078470937,4181.986905863619,0.0,0.0,0.0,-75.36908255642857,20830.81078470937,-4653.153305937299,20747.763168576676,4346.800036994615,0.0,0.0,0.0,-2037.1544828306655,20747.763168576676,-1389.8642518476827,20723.93687368701,4336.379066980987,0.0,0.0,0.0,-1578.1406331830194,20723.93687368701,-264.78071799346026,12360.40709399357,2756.2016627241387,0.0,0.0,0.0,-2803.568334521896,12360.40709399357
2079,6045.134741480435,20830.81078470937,4181.986905863619,0.0,0.0,0.0,-75.36908255642857,20830.81078470937,-4653.153305937299,20747.763168576676,4346.800036994615,0.0,0.0,0.0,-2037.1544828306655,20747.763168576676,-1389.8642518476827,20723.93687368701,4336.379066980987,0.0,0.0,0.0,-1578.1406331830194,20723.93687368701,-264.78071799346026,12360.40709399357,2756.2016627241387,0.0,0.0,0.0,-2803.568334521896,12360.40709399357
2080,6045.134741480435,20830.81078470937,4181.986905863619,0.0,0.0,0.0,-75.36908255642857,20830.81078470937,-4653.153305937299,20747.763168576676,4346.800036994615,0.0,0.0,0.0,-2037.1544828306655,20747.763168576676,-1389.8642518476827,20723.93687368701,4336.379066980987,0.0,0.0,0.0,-1578.1406331830194,20723.93687368701,-264.78071799346026,12360.40709399357,2756.2016627241387,0.0,0.0,0.0,-2803.568334521896,12360.40709399357
2081,6045.134741480435,20830.81078470937,4181.986905863619,0.0,0.0,0.0,-75.36908255642857,20830.81078470937,-4653.153305937299,20747.763168576676,4346.800036994615,0.0,0.0,0.0,-2037.1544828306655,20747.763168576676,-1389.8642518476827,20723.93687368701,4336.379066980987,0.0,0.0,0.0,-1578.1406331830194,20723.93687368701,-264.78071799346026,12360.40709399357,2756.2016627241387,0.0,0.0,0.0,-2803.568334521896,12360.40709399357
2082,6045.134741480435,20830.81078470937,4181.986905863619,0.0,0.0,0.0,-75.36908255642857,20830.81078470937,-4653.153305937299,20747.763168576676,4346.800036994615,0.0,0.0,0.0,-2037.1544828306655,20747.763168576676,-1389.8642518476827,20723.93687368701,4336.379066980987,0.0,0.0,0.0,-1578.1406331830194,20723.93687368701,-264.78071799346026,12360.40709399357,2756.2016627241387,0.0,0.0,0.0,-2803.568334521896,12360.40709399357
2083,6045.134741480435,20830.81078470937,4181.986905863619,0.0,0.0,0.0,-75.36908255642857,20830.81078470937,-4653.153305937299,20747.763168576676,4346.800036994615,0.0,0.0,0.0,-2037.1544828306655,20747.763168576676,-1389.8642518476827,20723.93687368701,4336.379066980987,0.0,0.0,0.0,-1578.1406331830194,20723.93687368701,-264.78071799346026,12360.40709399357,2756.2016627241387,0.0,0.0,0.0,-2803.568334521896,12360.40709399357
2084,6045.134741480435,20830.81078470937,4181.986905863619,0.0,0.0,0.0,-75.36908255642857,20830.81078470937,-4653.153305937299,20747.763168576676,4346.800036994615,0.0,0.0,0.0,-2037.1544828306655,20747.763168576676,-1389.8642518476827,20723.93687368701,4336.379066980987,0.0,0.0,0.0,-1578.1406331830194,20723.93687368701,-264.78071799346026,12360.40709399357,2756.2016627241387,0.0,0.0,0.0,-2803.568334521896,12360.40709399357
2085,6045.134741480435,20830.81078470937,4181.986905863619,0.0,0.0,0.0,-75.36908255642857,20830.81078470937,-4653.153305937299,20747.763168576676,4346.800036994615,0.0,0.0,0.0,-2037.1544828306655,20747.763168576676,-1389.8642518476827,20723.93687368701,4336.379066980987,0.0,0.0,0.0,-1578.1406331830194,20723.93687368701,-264.78071799346026,12360.40709399357,2756.2016627241387,0.0,0.0,0.0,-2803.568334521896,12360.40709399357
2086,6045.134741480435,20830.81078470937,4181.986905863619,0.0,0.0,0.0,-75.36908255642857,20830.81078470937,-4653.153305937299,20747.763168576676,4346.800036994615,0.0,0.0,0.0,-2037.1544828306655,20747.763168576676,-1389.8642518476827,20723.93687368701,4336.379066980987,0.0,0.0,0.0,-1578.1406331830194,20723.93687368701,-264.78071799346026,12360.40709399357,2756.2016627241387,0.0,0.0,0.0,-2803.568334521896,12360.40709399357
2087,6045.134741480435,20830.81078470937,4181.986905863619,0.0,0.0,0.0,-75.36908255642857,20830.81078470937,-4653.153305937299,20747.763168576676,4346.800036994615,0.0,0.0,0.0,-2037.1544828306655,20747.763168576676,-1389.8642518476827,20723.93687368701,4336.379066980987,0.0,0.0,0.0,-1578.1406331830194,20723.93687368701,-264.78071799346026,12360.40709399357,2756.2016627241387,0.0,0.0,0.0,-2803.568334521896,12360.40709399357
2088,6045.134741480435,20830.81078470937,4181.986905863619,0.0,0.0,0.0,-75.36908255642857,20830.81078470937,-4653.153305937299,20747.763168576676,4346.800036994615,0.0,0.0,0.0,-2037.1544828306655,20747.763168576676,-1389.8642518476827,20723.93687368701,4336.379066980987,0.0,0.0,0.0,-1578.1406331830194,20723.93687368701,-264.78071799346026,12360.40709399357,2756.2016627241387,0.0,0.0,0.0,-2803.568334521896,12360.40709399357
2089,6045.134741480435,20830.81078470937,4181.986905863619,0.0,0.0,0.0,-75.36908255642857,20830.81078470937,-4653.153305937299,20747.763168576676,4346.800036994615,0.0,0.0,0.0,-2037.1544828306655,20747.763168576676,-1389.8642518476827,20723.93687368701,4336.379066980987,0.0,0.0,0.0,-1578.1406331830194,20723.93687368701,-264.78071799346026,12360.40709399357,2756.2016627241387,0.0,0.0,0.0,-2803.568334521896,12360.40709399357
2090,6045.134741480435,20830.81078470937,4181.986905863619,0.0,0.0,0.0,-75.36908255642857,20830.81078470937,-4653.153305937299,20747.763168576676,4346.800036994615,0.0,0.0,0.0,-2037.1544828306655,20747.763168576676,-1389.8642518476827,20723.93687368701,4336.379066980987,0.0,0.0,0.0,-1578.1406331830194,20723.93687368701,-264.78071799346026,12360.40709399357,2756.2016627241387,0.0,0.0,0.0,-2803.568334521896,12360.40709399357
2091,6045.134741480435,20830.81078470937,4181.986905863619,0.0,0.0,0.0,-75.36908255642857,20830.81078470937,-4653.153305937299,20747.763168576676,4346.800036994615,0.0,0.0,0.0,-2037.1544828306655,20747.763168576676,-1389.8642518476827,20723.93687368701,4336.379066980987,0.0,0.0,0.0,-1578.1406331830194,20723.93687368701,-264.78071799346026,12360.40709399357,2756.2016627241387,0.0,0.0,0.0,-2803.568334521896,12360.40709399357
2092,6045.134741480435,20830.81078470937,4181.986905863619,0.0,0.0,0.0,-75.36908255642857,20830.81078470937,-4653.153305937299,20747.763168576676,4346.800036994615,0.0,0.0,0.0,-2037.1544828306655,20747.763168576676,-1389.8642518476827,20723.93687368701,4336.379066980987,0.0,0.0,0.0,-1578.1406331830194,20723.93687368701,-264.78071799346026,12360.40709399357,2756.2016627241387,0.0,0.0,0.0,-2803.568334521896,12360.40709399357
2093,6045.134741480435,20830.81078470937,4181.986905863619,0.0,0.0,0.0,-75.36908255642857,20830.81078470937,-4653.153305937299,20747.763168576676,4346.800036994615,0.0,0.0,0.0,-2037.1544828306655,20747.763168576676,-1389.8642518476827,20723.93687368701,4336.379066980987,0.0,0.0,0.0,-1578.1406331830194,20723.93687368701,-264.78071799346026,12360.40709399357,2756.2016627241387,0.0,0.0,0.0,-2803.568334521896,12360.40709399357
2094,6045.134741480435,20830.81078470937,4181.986905863619,0.0,0.0,0.0,-75.36908255642857,20830.81078470937,-4653.153305937299,20747.763168576676,4346.800036994615,0.0,0.0,0.0,-2037.1544828306655,20747.763168576676,-1389.8642518476827,20723.93687368701,4336.379066980987,0.0,0.0,0.0,-1578.1406331830194,20723.93687368701,-264.78071799346026,12360.40709399357,2756.2016627241387,0.0,0.0,0.0,-2803.568334521896,12360.40709399357
2095,6045.134741480435,20830.81078470937,4181.986905863619,0.0,0.0,0.0,-75.36908255642857,20830.81078470937,-4653.153305937299,20747.763168576676,4346.800036994615,0.0,0.0,0.0,-2037.1544828306655,20747.763168576676,-1389.8642518476827,20723.93687368701,4336.379066980987,0.0,0.0,0.0,-1578.1406331830194,20723.93687368701,-264.78071799346026,12360.40709399357,2756.2016627241387,0.0,0.0,0.0,-2803.568334521896,12360.40709399357
2096,6045.134741480435,20830.81078470937,4181.986905863619,0.0,0.0,0.0,-75.36908255642857,20830.81078470937,-4653.153305937299,20747.763168576676,4346.800036994615,0.0,0.0,0.0,-2037.1544828306655,20747.763168576676,-1389.8642518476827,20723.93687368701,4336.379066980987,0.0,0.0,0.0,-1578.1406331830194,20723.93687368701,-264.78071799346026,12360.40709399357,2756.2016627241387,0.0,0.0,0.0,-2803.568334521896,12360.40709399357
2097,6045.134741480435,20830.81078470937,4181.986905863619,0.0,0.0,0.0,-75.36908255642857,20830.81078470937,-4653.153305937299,20747.763168576676,4346.800036994615,0.0,0.0,0.0,-2037.1544828306655,20747.763168576676,-1389.8642518476827,20723.93687368701,4336.379066980987,0.0,0.0,0.0,-1578.1406331830194,20723.93687368701,-264.78071799346026,12360.40709399357,2756.2016627241387,0.0,0.0,0.0,-2803.568334521896,12360.40709399357
2098,6045.134741480435,20830.81078470937,4181.986905863619,0.0,0.0,0.0,-75.36908255642857,20830.81078470937,-4653.153305937299,20747.763168576676,4346.800036994615,0.0,0.0,0.0,-2037.1544828306655,20747.763168576676,-1389.8642518476827,20723.93687368701,4336.379066980987,0.0,0.0,0.0,-1578.1406331830194,20723.93687368701,-264.78071799346026,12360.40709399357,2756.2016627241387,0.0,0.0,0.0,-2803.568334521896,12360.40709399357
2099,6045.134741480435,20830.81078470937,4181.986905863619,0.0,0.0,0.0,-75.36908255642857,20830.81078470937,-4653.153305937299,20747.763168576676,4346.800036994615,0.0,0.0,0.0,-2037.1544828306655,20747.763168576676,-1389.8642518476827,20723.93687368701,4336.379066980987,0.0,0.0,0.0,-1578.1406331830194,20723.93687368701,-264.78071799346026,12360.40709399357,2756.2016627241387,0.0,0.0,0.0,-2803.568334521896,12360.40709399357
2100,6045.134741480435,20830.81078470937,4181.986905863619,0.0,0.0,0.0,-75.36908255642857,20830.81078470937,-4653.153305937299,20747.763168576676,4346.800036994615,0.0,0.0,0.0,-2037.1544828306655,20747.763168576676,-1389.8642518476827,20723.93687368701,4336.379066980987,0.0,0.0,0.0,-1578.1406331830194,20723.93687368701,-264.78071799346026,12360.40709399357,2756.2016627241387,0.0,0.0,0.0,-2803.568334521896,12360.40709399357
2101,6045.134741480435,20830.81078470937,4181.986905863619,0.0,0.0,0.0,-75.36908255642857,20830.81078470937,-4653.153305937299,20747.763168576676,4346.800036994615,0.0,0.0,0.0,-2037.1544828306655,20747.763168576676,-1389.8642518476827,20723.93687368701,4336.379066980987,0.0,0.0,0.0,-1578.1406331830194,20723.93687368701,-264.78071799346026,12360.40709399357,2756.2016627241387,0.0,0.0,0.0,-2803.568334521896,12360.40709399357
2102,6045.134741480435,20830.81078470937,4181.986905863619,0.0,0.0,0.0,-75.36908255642857,20830.81078470937,-4653.153305937299,20747.763168576676,4346.800036994615,0.0,0.0,0.0,-2037.1544828306655,20747.763168576676,-1389.8642518476827,20723.93687368701,4336.379066980987,0.0,0.0,0.0,-1578.1406331830194,20723.93687368701,-264.78071799346026,12360.40709399357,2756.2016627241387,0.0,0.0,0.0,-2803.568334521896,12360.40709399357
2103,6045.134741480435,20830.81078470937,4181.986905863619,0.0,0.0,0.0,-75.36908255642857,20830.81078470937,-4653.153305937299,20747.763168576676,4346.800036994615,0.0,0.0,0.0,-2037.1544828306655,20747.763168576676,-1389.8642518476827,20723.93687368701,4336.379066980987,0.0,0.0,0.0,-1578.1406331830194,20723.93687368701,-264.78071799346026,12360.40709399357,2756.2016627241387,0.0,0.0,0.0,-2803.568334521896,12360.40709399357
2104,6045.134741480435,20830.81078470937,4181.986905863619,0.0,0.0,0.0,-75.36908255642857,20830.81078470937,-4653.153305937299,20747.763168576676,4346.800036994615,0.0,0.0,0.0,-2037.1544828306655,20747.763168576676,-1389.8642518476827,20723.93687368701,4336.379066980987,0.0,0.0,0.0,-1578.1406331830194,20723.93687368701,-264.78071799346026,12360.40709399357,2756.2016627241387,0.0,0.0,0.0,-2803.568334521896,12360.40709399357
2105,6045.134741480435,20830.81078470937,4181.986905863619,0.0,0.0,0.0,-75.36908255642857,20830.81078470937,-4653.153305937299,20747.763168576676,4346.800036994615,0.0,0.0,0.0,-2037.1544828306655,20747.763168576676,-1389.8642518476827,20723.93687368701,4336.379066980987,0.0,0.0,0.0,-1578.1406331830194,20723.93687368701,-264.78071799346026,12360.40709399357,2756.2016627241387,0.0,0.0,0.0,-2803.568334521896,12360.40709399357
2106,6045.134741480435,20830.81078470937,4181.986905863619,0.0,0.0,0.0,-75.36908255642857,20830.81078470937,-4653.153305937299,20747.763168576676,4346.800036994615,0.0,0.0,0.0,-2037.1544828306655,20747.763168576676,-1389.8642518476827,20723.93687368701,4336.379066980987,0.0,0.0,0.0,-1578.1406331830194,20723.93687368701,-264.78071799346026,12360.40709399357,2756.2016627241387,0.0,0.0,0.0,-2803.568334521896,12360.40709399357
2107,6045.134741480435,20830.81078470937,4181.986905863619,0.0,0.0,0.0,-75.36908255642857,20830.81078470937,-4653.153305937299,20747.763168576676,4346.800036994615,0.0,0.0,0.0,-2037.1544828306655,20747.763168576676,-1389.8642518476827,20723.93687368701,4336.379066980987,0.0,0.0,0.0,-1578.1406331830194,20723.93687368701,-264.78071799346026,12360.40709399357,2756.2016627241387,0.0,0.0,0.0,-2803.568334521896,12360.40709399357
2108,6045.134741480435,20830.81078470937,4181.986905863619,0.0,0.0,0.0,-75.36908255642857,20830.81078470937,-4653.153305937299,20747.763168576676,4346.800036994615,0.0,0.0,0.0,-2037.1544828306655,20747.763168576676,-1389.8642518476827,20723.93687368701,4336.379066980987,0.0,0.0,0.0,-1578.1406331830194,20723.93687368701,-264.78071799346026,12360.40709399357,2756.2016627241387,0.0,0.0,0.0,-2803.568334521896,12360.40709399357
2109,6045.134741480435,20830.81078470937,4181.986905863619,0.0,0.0,0.0,-75.36908255642857,20830.81078470937,-4653.153305937299,20747.763168576676,4346.800036994615,0.0,0.0,0.0,-2037.1544828306655,20747.763168576676,-1389.8642518476827,20723.93687368701,4336.379066980987,0.0,0.0,0.0,-1578.1406331830194,20723.93687368701,-264.78071799346026,12360.40709399357,2756.2016627241387,0.0,0.0,0.0,-2803.568334521896,12360.40709399357
2110,6045.134741480435,20830.81078470937,4181.986905863619,0.0,0.0,0.0,-75.36908255642857,20830.81078470937,-4653.153305937299,20747.763168576676,4346.800036994615,0.0,0.0,0.0,-2037.1544828306655,20747.763168576676,-1389.8642518476827,20723.93687368701,4336.379066980987,0.0,0.0,0.0,-1578.1406331830194,20723.93687368701,-264.78071799346026,12360.40709399357,2756.2016627241387,0.0,0.0,0.0,-2803.568334521896,12360.40709399357
2111,6045.134741480435,20830.81078470937,4181.986905863619,0.0,0.0,0.0,-75.36908255642857,20830.81078470937,-4653.153305937299,20747.763168576676,4346.800036994615,0.0,0.0,0.0,-2037.1544828306655,20747.763168576676,-1389.8642518476827,20723.93687368701,4336.379066980987,0.0,0.0,0.0,-1578.1406331830194,20723.93687368701,-264.78071799346026,12360.40709399357,2756.2016627241387,0.0,0.0,0.0,-2803.568334521896,12360.40709399357
2112,6045.134741480435,20830.81078470937,4181.986905863619,0.0,0.0,0.0,-75.36908255642857,20830.81078470937,-4653.153305937299,20747.763168576676,4346.800036994615,0.0,0.0,0.0,-2037.1544828306655,20747.763168576676,-1389.8642518476827,20723.93687368701,4336.379066980987,0.0,0.0,0.0,-1578.1406331830194,20723.93687368701,-264.78071799346026,12360.40709399357,2756.2016627241387,0.0,0.0,0.0,-2803.568334521896,12360.40709399357
2113,6045.134741480435,20830.81078470937,4181.986905863619,0.0,0.0,0.0,-75.36908255642857,20830.81078470937,-4653.153305937299,20747.763168576676,4346.800036994615,0.0,0.0,0.0,-2037.1544828306655,20747.763168576676,-1389.8642518476827,20723.93687368701,4336.379066980987,0.0,0.0,0.0,-1578.1406331830194,20723.93687368701,-264.78071799346026,12360.40709399357,2756.2016627241387,0.0,0.0,0.0,-2803.568334521896,12360.40709399357
2114,6045.134741480435,20830.81078470937,4181.986905863619,0.0,0.0,0.0,-75.36908255642857,20830.81078470937,-4653.153305937299,20747.763168576676,4346.800036994615,0.0,0.0,0.0,-2037.1544828306655,20747.763168576676,-1389.8642518476827,20723.93687368701,4336.379066980987,0.0,0.0,0.0,-1578.1406331830194,20723.93687368701,-264.78071799346026,12360.40709399357,2756.2016627241387,0.0,0.0,0.0,-2803.568334521896,12360.40709399357
2115,6045.134741480435,20830.81078470937,4181.986905863619,0.0,0.0,0.0,-75.36908255642857,20830.81078470937,-4653.153305937299,20747.763168576676,4346.800036994615,0.0,0.0,0.0,-2037.1544828306655,20747.763168576676,-1389.8642518476827,20723.93687368701,4336.379066980987,0.0,0.0,0.0,-1578.1406331830194,20723.93687368701,-264.78071799346026,12360.40709399357,2756.2016627241387,0.0,0.0,0.0,-2803.568334521896,12360.40709399357
2116,6045.134741480435,20830.81078470937,4181.986905863619,0.0,0.0,0.0,-75.36908255642857,20830.81078470937,-4653.153305937299,20747.763168576676,4346.800036994615,0.0,0.0,0.0,-2037.1544828306655,20747.763168576676,-1389.8642518476827,20723.93687368701,4336.379066980987,0.0,0.0,0.0,-1578.1406331830194,20723.93687368701,-264.78071799346026,12360.40709399357,2756.2016627241387,0.0,0.0,0.0,-2803.568334521896,12360.40709399357
2117,6045.134741480435,20830.81078470937,4181.986905863619,0.0,0.0,0.0,-75.36908255642857,20830.81078470937,-4653.153305937299,20747.763168576676,4346.800036994615,0.0,0.0,0.0,-2037.1544828306655,20747.763168576676,-1389.8642518476827,20723.93687368701,4336.379066980987,0.0,0.0,0.0,-1578.1406331830194,20723.93687368701,-264.78071799346026,12360.40709399357,2756.2016627241387,0.0,0.0,0.0,-2803.568334521896,12360.40709399357
2118,6045.134741480435,20830.81078470937,4181.986905863619,0.0,0.0,0.0,-75.36908255642857,20830.81078470937,-4653.153305937299,20747.763168576676,4346.800036994615,0.0,0.0,0.0,-2037.1544828306655,20747.763168576676,-1389.8642518476827,20723.93687368701,4336.379066980987,0.0,0.0,0.0,-1578.1406331830194,20723.93687368701,-264.78071799346026,12360.40709399357,2756.2016627241387,0.0,0.0,0.0,-2803.568334521896,12360.40709399357
2119,6045.134741480435,20830.81078470937,4181.986905863619,0.0,0.0,0.0,-75.36908255642857,20830.81078470937,-4653.153305937299,20747.763168576676,4346.800036994615,0.0,0.0,0.0,-2037.1544828306655,20747.763168576676,-1389.8642518476827,20723.93687368701,4336.379066980987,0.0,0.0,0.0,-1578.1406331830194,20723.93687368701,-264.78071799346026,12360.40709399357,2756.2016627241387,0.0,0.0,0.0,-2803.568334521896,12360.40709399357
2120,6045.134741480435,20830.81078470937,4181.986905863619,0.0,0.0,0.0,-75.36908255642857,20830.81078470937,-4653.153305937299,20747.763168576676,4346.800036994615,0.0,0.0,0.0,-2037.1544828306655,20747.763168576676,-1389.8642518476827,20723.93687368701,4336.379066980987,0.0,0.0,0.0,-1578.1406331830194,20723.93687368701,-264.78071799346026,12360.40709399357,2756.2016627241387,0.0,0.0,0.0,-2803.568334521896,12360.40709399357
2121,6045.134741480435,20830.81078470937,4181.986905863619,0.0,0.0,0.0,-75.36908255642857,20830.81078470937,-4653.153305937299,20747.763168576676,4346.800036994615,0.0,0.0,0.0,-2037.1544828306655,20747.763168576676,-1389.8642518476827,20723.93687368701,4336.379066980987,0.0,0.0,0.0,-1578.1406331830194,20723.93687368701,-264.78071799346026,12360.40709399357,2756.2016627241387,0.0,0.0,0.0,-2803.568334521896,12360.40709399357
2122,6045.134741480435,20830.81078470937,4181.986905863619,0.0,0.0,0.0,-75.36908255642857,20830.81078470937,-4653.153305937299,20747.763168576676,4346.800036994615,0.0,0.0,0.0,-2037.1544828306655,20747.763168576676,-1389.8642518476827,20723.93687368701,4336.379066980987,0.0,0.0,0.0,-1578.1406331830194,20723.93687368701,-264.78071799346026,12360.40709399357,2756.2016627241387,0.0,0.0,0.0,-2803.568334521896,12360.40709399357
2123,6045.134741480435,20830.81078470937,4181.986905863619,0.0,0.0,0.0,-75.36908255642857,20830.81078470937,-4653.153305937299,20747.763168576676,4346.800036994615,0.0,0.0,0.0,-2037.1544828306655,20747.763168576676,-1389.8642518476827,20723.93687368701,4336.379066980987,0.0,0.0,0.0,-1578.1406331830194,20723.93687368701,-264.78071799346026,12360.40709399357,2756.2016627241387,0.0,0.0,0.0,-2803.568334521896,12360.40709399357
2124,6045.134741480435,20830.81078470937,4181.986905863619,0.0,0.0,0.0,-75.36908255642857,20830.81078470937,-4653.153305937299,20747.763168576676,4346.800036994615,0.0,0.0,0.0,-2037.1544828306655,20747.763168576676,-1389.8642518476827,20723.93687368701,4336.379066980987,0.0,0.0,0.0,-1578.1406331830194,20723.93687368701,-264.78071799346026,12360.40709399357,2756.2016627241387,0.0,0.0,0.0,-2803.568334521896,12360.40709399357
2125,6045.134741480435,20830.81078470937,4181.986905863619,0.0,0.0,0.0,-75.36908255642857,20830.81078470937,-4653.153305937299,20747.763168576676,4346.800036994615,0.0,0.0,0.0,-2037.1544828306655,20747.763168576676,-1389.8642518476827,20723.93687368701,4336.379066980987,0.0,0.0,0.0,-1578.1406331830194,20723.93687368701,-264.78071799346026,12360.40709399357,2756.2016627241387,0.0,0.0,0.0,-2803.568334521896,12360.40709399357
2126,6045.134741480435,20830.81078470937,4181.986905863619,0.0,0.0,0.0,-75.36908255642857,20830.81078470937,-4653.153305937299,20747.763168576676,4346.800036994615,0.0,0.0,0.0,-2037.1544828306655,20747.763168576676,-1389.8642518476827,20723.93687368701,4336.379066980987,0.0,0.0,0.0,-1578.1406331830194,20723.93687368701,-264.78071799346026,12360.40709399357,2756.2016627241387,0.0,0.0,0.0,-2803.568334521896,12360.40709399357
2127,6045.134741480435,20830.81078470937,4181.986905863619,0.0,0.0,0.0,-75.36908255642857,20830.81078470937,-4653.153305937299,20747.763168576676,4346.800036994615,0.0,0.0,0.0,-2037.1544828306655,20747.763168576676,-1389.8642518476827,20723.93687368701,4336.379066980987,0.0,0.0,0.0,-1578.1406331830194,20723.93687368701,-264.78071799346026,12360.40709399357,2756.2016627241387,0.0,0.0,0.0,-2803.568334521896,12360.40709399357
2128,6045.134741480435,20830.81078470937,4181.986905863619,0.0,0.0,0.0,-75.36908255642857,20830.81078470937,-4653.153305937299,20747.763168576676,4346.800036994615,0.0,0.0,0.0,-2037.1544828306655,20747.763168576676,-1389.8642518476827,20723.93687368701,4336.379066980987,0.0,0.0,0.0,-1578.1406331830194,20723.93687368701,-264.78071799346026,12360.40709399357,2756.2016627241387,0.0,0.0,0.0,-2803.568334521896,12360.40709399357
2129,6045.134741480435,20830.81078470937,4181.986905863619,0.0,0.0,0.0,-75.36908255642857,20830.81078470937,-4653.153305937299,20747.763168576676,4346.800036994615,0.0,0.0,0.0,-2037.1544828306655,20747.763168576676,-1389.8642518476827,20723.93687368701,4336.379066980987,0.0,0.0,0.0,-1578.1406331830194,20723.93687368701,-264.78071799346026,12360.40709399357,2756.2016627241387,0.0,0.0,0.0,-2803.568334521896,12360.40709399357
2130,6045.134741480435,20830.81078470937,4181.986905863619,0.0,0.0,0.0,-75.36908255642857,20830.81078470937,-4653.153305937299,20747.763168576676,4346.800036994615,0.0,0.0,0.0,-2037.1544828306655,20747.763168576676,-1389.8642518476827,20723.93687368701,4336.379066980987,0.0,0.0,0.0,-1578.1406331830194,20723.93687368701,-264.78071799346026,12360.40709399357,2756.2016627241387,0.0,0.0,0.0,-2803.568334521896,12360.40709399357
2131,6045.134741480435,20830.81078470937,4181.986905863619,0.0,0.0,0.0,-75.36908255642857,20830.81078470937,-4653.153305937299,20747.763168576676,4346.800036994615,0.0,0.0,0.0,-2037.1544828306655,20747.763168576676,-1389.8642518476827,20723.93687368701,4336.379066980987,0.0,0.0,0.0,-1578.1406331830194,20723.93687368701,-264.78071799346026,12360.40709399357,2756.2016627241387,0.0,0.0,0.0,-2803.568334521896,12360.40709399357
2132,6045.134741480435,20830.81078470937,4181.986905863619,0.0,0.0,0.0,-75.36908255642857,20830.81078470937,-4653.153305937299,20747.763168576676,4346.800036994615,0.0,0.0,0.0,-2037.1544828306655,20747.763168576676,-1389.8642518476827,20723.93687368701,4336.379066980987,0.0,0.0,0.0,-1578.1406331830194,20723.93687368701,-264.78071799346026,12360.40709399357,2756.2016627241387,0.0,0.0,0.0,-2803.568334521896,12360.40709399357
2133,6045.134741480435,20830.81078470937,4181.986905863619,0.0,0.0,0.0,-75.36908255642857,20830.81078470937,-4653.153305937299,20747.763168576676,4346.800036994615,0.0,0.0,0.0,-2037.1544828306655,20747.763168576676,-1389.8642518476827,20723.93687368701,4336.379066980987,0.0,0.0,0.0,-1578.1406331830194,20723.93687368701,-264.78071799346026,12360.40709399357,2756.2016627241387,0.0,0.0,0.0,-2803.568334521896,12360.40709399357
2134,6045.134741480435,20830.81078470937,4181.986905863619,0.0,0.0,0.0,-75.36908255642857,20830.81078470937,-4653.153305937299,20747.763168576676,4346.800036994615,0.0,0.0,0.0,-2037.1544828306655,20747.763168576676,-1389.8642518476827,20723.93687368701,4336.379066980987,0.0,0.0,0.0,-1578.1406331830194,20723.93687368701,-264.78071799346026,12360.40709399357,2756.2016627241387,0.0,0.0,0.0,-2803.568334521896,12360.40709399357
2135,6045.134741480435,20830.81078470937,4181.986905863619,0.0,0.0,0.0,-75.36908255642857,20830.81078470937,-4653.153305937299,20747.763168576676,4346.800036994615,0.0,0.0,0.0,-2037.1544828306655,20747.763168576676,-1389.8642518476827,20723.93687368701,4336.379066980987,0.0,0.0,0.0,-1578.1406331830194,20723.93687368701,-264.78071799346026,12360.40709399357,2756.2016627241387,0.0,0.0,0.0,-2803.568334521896,12360.40709399357
2136,6045.134741480435,20830.81078470937,4181.986905863619,0.0,0.0,0.0,-75.36908255642857,20830.81078470937,-4653.153305937299,20747.763168576676,4346.800036994615,0.0,0.0,0.0,-2037.1544828306655,20747.763168576676,-1389.8642518476827,20723.93687368701,4336.379066980987,0.0,0.0,0.0,-1578.1406331830194,20723.93687368701,-264.78071799346026,12360.40709399357,2756.2016627241387,0.0,0.0,0.0,-2803.568334521896,12360.40709399357
2137,6045.134741480435,20830.81078470937,4181.986905863619,0.0,0.0,0.0,-75.36908255642857,20830.81078470937,-4653.153305937299,20747.763168576676,4346.800036994615,0.0,0.0,0.0,-2037.1544828306655,20747.763168576676,-1389.8642518476827,20723.93687368701,4336.379066980987,0.0,0.0,0.0,-1578.1406331830194,20723.93687368701,-264.78071799346026,12360.40709399357,2756.2016627241387,0.0,0.0,0.0,-2803.568334521896,12360.40709399357
2138,6045.134741480435,20830.81078470937,4181.986905863619,0.0,0.0,0.0,-75.36908255642857,20830.81078470937,-4653.153305937299,20747.763168576676,4346.800036994615,0.0,0.0,0.0,-2037.1544828306655,20747.763168576676,-1389.8642518476827,20723.93687368701,4336.379066980987,0.0,0.0,0.0,-1578.1406331830194,20723.93687368701,-264.78071799346026,12360.40709399357,2756.2016627241387,0.0,0.0,0.0,-2803.568334521896,12360.40709399357
2139,6045.134741480435,20830.81078470937,4181.986905863619,0.0,0.0,0.0,-75.36908255642857,20830.81078470937,-4653.153305937299,20747.763168576676,4346.800036994615,0.0,0.0,0.0,-2037.1544828306655,20747.763168576676,-1389.8642518476827,20723.93687368701,4336.379066980987,0.0,0.0,0.0,-1578.1406331830194,20723.93687368701,-264.78071799346026,12360.40709399357,2756.2016627241387,0.0,0.0,0.0,-2803.568334521896,12360.40709399357
2140,6045.134741480435,20830.81078470937,4181.986905863619,0.0,0.0,0.0,-75.36908255642857,20830.81078470937,-4653.153305937299,20747.763168576676,4346.800036994615,0.0,0.0,0.0,-2037.1544828306655,20747.763168576676,-1389.8642518476827,20723.93687368701,4336.379066980987,0.0,0.0,0.0,-1578.1406331830194,20723.93687368701,-264.78071799346026,12360.40709399357,2756.2016627241387,0.0,0.0,0.0,-2803.568334521896,12360.40709399357
2141,6045.134741480435,20830.81078470937,4181.986905863619,0.0,0.0,0.0,-75.36908255642857,20830.81078470937,-4653.153305937299,20747.763168576676,4346.800036994615,0.0,0.0,0.0,-2037.1544828306655,20747.763168576676,-1389.8642518476827,20723.93687368701,4336.379066980987,0.0,0.0,0.0,-1578.1406331830194,20723.93687368701,-264.78071799346026,12360.40709399357,2756.2016627241387,0.0,0.0,0.0,-2803.568334521896,12360.40709399357
2142,6045.134741480435,20830.81078470937,4181.986905863619,0.0,0.0,0.0,-75.36908255642857,20830.81078470937,-4653.153305937299,20747.763168576676,4346.800036994615,0.0,0.0,0.0,-2037.1544828306655,20747.763168576676,-1389.8642518476827,20723.93687368701,4336.379066980987,0.0,0.0,0.0,-1578.1406331830194,20723.93687368701,-264.78071799346026,12360.40709399357,2756.2016627241387,0.0,0.0,0.0,-2803.568334521896,12360.40709399357
2143,6045.134741480435,20830.81078470937,4181.986905863619,0.0,0.0,0.0,-75.36908255642857,20830.81078470937,-4653.153305937299,20747.763168576676,4346.800036994615,0.0,0.0,0.0,-2037.1544828306655,20747.763168576676,-1389.8642518476827,20723.93687368701,4336.379066980987,0.0,0.0,0.0,-1578.1406331830194,20723.93687368701,-264.78071799346026,12360.40709399357,2756.2016627241387,0.0,0.0,0.0,-2803.568334521896,12360.40709399357
2144,6045.134741480435,20830.81078470937,4181.986905863619,0.0,0.0,0.0,-75.36908255642857,20830.81078470937,-4653.153305937299,20747.763168576676,4346.800036994615,0.0,0.0,0.0,-2037.1544828306655,20747.763168576676,-1389.8642518476827,20723.93687368701,4336.379066980987,0.0,0.0,0.0,-1578.1406331830194,20723.93687368701,-264.78071799346026,12360.40709399357,2756.2016627241387,0.0,0.0,0.0,-2803.568334521896,12360.40709399357
2145,6045.134741480435,20830.81078470937,4181.986905863619,0.0,0.0,0.0,-75.36908255642857,20830.81078470937,-4653.153305937299,20747.763168576676,4346.800036994615,0.0,0.0,0.0,-2037.1544828306655,20747.763168576676,-1389.8642518476827,20723.93687368701,4336.379066980987,0.0,0.0,0.0,-1578.1406331830194,20723.93687368701,-264.78071799346026,12360.40709399357,2756.2016627241387,0.0,0.0,0.0,-2803.568334521896,12360.40709399357
2146,6045.134741480435,20830.81078470937,4181.986905863619,0.0,0.0,0.0,-75.36908255642857,20830.81078470937,-4653.153305937299,20747.763168576676,4346.800036994615,0.0,0.0,0.0,-2037.1544828306655,20747.763168576676,-1389.8642518476827,20723.93687368701,4336.379066980987,0.0,0.0,0.0,-1578.1406331830194,20723.93687368701,-264.78071799346026,12360.40709399357,2756.2016627241387,0.0,0.0,0.0,-2803.568334521896,12360.40709399357
2147,6045.134741480435,20830.81078470937,4181.986905863619,0.0,0.0,0.0,-75.36908255642857,20830.81078470937,-4653.153305937299,20747.763168576676,4346.800036994615,0.0,0.0,0.0,-2037.1544828306655,20747.763168576676,-1389.8642518476827,20723.93687368701,4336.379066980987,0.0,0.0,0.0,-1578.1406331830194,20723.93687368701,-264.78071799346026,12360.40709399357,2756.2016627241387,0.0,0.0,0.0,-2803.568334521896,12360.40709399357
2148,6045.134741480435,20830.81078470937,4181.986905863619,0.0,0.0,0.0,-75.36908255642857,20830.81078470937,-4653.153305937299,20747.763168576676,4346.800036994615,0.0,0.0,0.0,-2037.1544828306655,20747.763168576676,-1389.8642518476827,20723.93687368701,4336.379066980987,0.0,0.0,0.0,-1578.1406331830194,20723.93687368701,-264.78071799346026,12360.40709399357,2756.2016627241387,0.0,0.0,0.0,-2803.568334521896,12360.40709399357
2149,6045.134741480435,20830.81078470937,4181.986905863619,0.0,0.0,0.0,-75.36908255642857,20830.81078470937,-4653.153305937299,20747.763168576676,4346.800036994615,0.0,0.0,0.0,-2037.1544828306655,20747.763168576676,-1389.8642518476827,20723.93687368701,4336.379066980987,0.0,0.0,0.0,-1578.1406331830194,20723.93687368701,-264.78071799346026,12360.40709399357,2756.2016627241387,0.0,0.0,0.0,-2803.568334521896,12360.40709399357
2150,6045.134741480435,20830.81078470937,4181.986905863619,0.0,0.0,0.0,-75.36908255642857,20830.81078470937,-4653.153305937299,20747.763168576676,4346.800036994615,0.0,0.0,0.0,-2037.1544828306655,20747.763168576676,-1389.8642518476827,20723.93687368701,4336.379066980987,0.0,0.0,0.0,-1578.1406331830194,20723.93687368701,-264.78071799346026,12360.40709399357,2756.2016627241387,0.0,0.0,0.0,-2803.568334521896,12360.40709399357
2151,6045.134741480435,20830.81078470937,4181.986905863619,0.0,0.0,0.0,-75.36908255642857,20830.81078470937,-4653.153305937299,20747.763168576676,4346.800036994615,0.0,0.0,0.0,-2037.1544828306655,20747.763168576676,-1389.8642518476827,20723.93687368701,4336.379066980987,0.0,0.0,0.0,-1578.1406331830194,20723.93687368701,-264.78071799346026,12360.40709399357,2756.2016627241387,0.0,0.0,0.0,-2803.568334521896,12360.40709399357
2152,6045.134741480435,20830.81078470937,4181.986905863619,0.0,0.0,0.0,-75.36908255642857,20830.81078470937,-4653.153305937299,20747.763168576676,4346.800036994615,0.0,0.0,0.0,-2037.1544828306655,20747.763168576676,-1389.8642518476827,20723.93687368701,4336.379066980987,0.0,0.0,0.0,-1578.1406331830194,20723.93687368701,-264.78071799346026,12360.40709399357,2756.2016627241387,0.0,0.0,0.0,-2803.568334521896,12360.40709399357
2153,6045.134741480435,20830.81078470937,4181.986905863619,0.0,0.0,0.0,-75.36908255642857,20830.81078470937,-4653.153305937299,20747.763168576676,4346.800036994615,0.0,0.0,0.0,-2037.1544828306655,20747.763168576676,-1389.8642518476827,20723.93687368701,4336.379066980987,0.0,0.0,0.0,-1578.1406331830194,20723.93687368701,-264.78071799346026,12360.40709399357,2756.2016627241387,0.0,0.0,0.0,-2803.568334521896,12360.40709399357
2154,6045.134741480435,20830.81078470937,4181.986905863619,0.0,0.0,0.0,-75.36908255642857,20830.81078470937,-4653.153305937299,20747.763168576676,4346.800036994615,0.0,0.0,0.0,-2037.1544828306655,20747.763168576676,-1389.8642518476827,20723.93687368701,4336.379066980987,0.0,0.0,0.0,-1578.1406331830194,20723.93687368701,-264.78071799346026,12360.40709399357,2756.2016627241387,0.0,0.0,0.0,-2803.568334521896,12360.40709399357
2155,6045.134741480435,20830.81078470937,4181.986905863619,0.0,0.0,0.0,-75.36908255642857,20830.81078470937,-4653.153305937299,20747.763168576676,4346.800036994615,0.0,0.0,0.0,-2037.1544828306655,20747.763168576676,-1389.8642518476827,20723.93687368701,4336.379066980987,0.0,0.0,0.0,-1578.1406331830194,20723.93687368701,-264.78071799346026,12360.40709399357,2756.2016627241387,0.0,0.0,0.0,-2803.568334521896,12360.40709399357
2156,6045.134741480435,20830.81078470937,4181.986905863619,0.0,0.0,0.0,-75.36908255642857,20830.81078470937,-4653.153305937299,20747.763168576676,4346.800036994615,0.0,0.0,0.0,-2037.1544828306655,20747.763168576676,-1389.8642518476827,20723.93687368701,4336.379066980987,0.0,0.0,0.0,-1578.1406331830194,20723.93687368701,-264.78071799346026,12360.40709399357,2756.2016627241387,0.0,0.0,0.0,-2803.568334521896,12360.40709399357
2157,6045.134741480435,20830.81078470937,4181.986905863619,0.0,0.0,0.0,-75.36908255642857,20830.81078470937,-4653.153305937299,20747.763168576676,4346.800036994615,0.0,0.0,0.0,-2037.1544828306655,20747.763168576676,-1389.8642518476827,20723.93687368701,4336.379066980987,0.0,0.0,0.0,-1578.1406331830194,20723.93687368701,-264.78071799346026,12360.40709399357,2756.2016627241387,0.0,0.0,0.0,-2803.568334521896,12360.40709399357
2158,6045.134741480435,20830.81078470937,4181.986905863619,0.0,0.0,0.0,-75.36908255642857,20830.81078470937,-4653.153305937299,20747.763168576676,4346.800036994615,0.0,0.0,0.0,-2037.1544828306655,20747.763168576676,-1389.8642518476827,20723.93687368701,4336.379066980987,0.0,0.0,0.0,-1578.1406331830194,20723.93687368701,-264.78071799346026,12360.40709399357,2756.2016627241387,0.0,0.0,0.0,-2803.568334521896,12360.40709399357
2159,6045.134741480435,20830.81078470937,4181.986905863619,0.0,0.0,0.0,-75.36908255642857,20830.81078470937,-4653.153305937299,20747.763168576676,4346.800036994615,0.0,0.0,0.0,-2037.1544828306655,20747.763168576676,-1389.8642518476827,20723.93687368701,4336.379066980987,0.0,0.0,0.0,-1578.1406331830194,20723.93687368701,-264.78071799346026,12360.40709399357,2756.2016627241387,0.0,0.0,0.0,-2803.568334521896,12360.40709399357
2160,6045.134741480435,20830.81078470937,4181.986905863619,0.0,0.0,0.0,-75.36908255642857,20830.81078470937,-4653.153305937299,20747.763168576676,4346.800036994615,0.0,0.0,0.0,-2037.1544828306655,20747.763168576676,-1389.8642518476827,20723.93687368701,4336.379066980987,0.0,0.0,0.0,-1578.1406331830194,20723.93687368701,-264.78071799346026,12360.40709399357,2756.2016627241387,0.0,0.0,0.0,-2803.568334521896,12360.40709399357
2161,6045.134741480435,20830.81078470937,4181.986905863619,0.0,0.0,0.0,-75.36908255642857,20830.81078470937,-4653.153305937299,20747.763168576676,4346.800036994615,0.0,0.0,0.0,-2037.1544828306655,20747.763168576676,-1389.8642518476827,20723.93687368701,4336.379066980987,0.0,0.0,0.0,-1578.1406331830194,20723.93687368701,-264.78071799346026,12360.40709399357,2756.2016627241387,0.0,0.0,0.0,-2803.568334521896,12360.40709399357
2162,6045.134741480435,20830.81078470937,4181.986905863619,0.0,0.0,0.0,-75.36908255642857,20830.81078470937,-4653.153305937299,20747.763168576676,4346.800036994615,0.0,0.0,0.0,-2037.1544828306655,20747.763168576676,-1389.8642518476827,20723.93687368701,4336.379066980987,0.0,0.0,0.0,-1578.1406331830194,20723.93687368701,-264.78071799346026,12360.40709399357,2756.2016627241387,0.0,0.0,0.0,-2803.568334521896,12360.40709399357
2163,6045.134741480435,20830.81078470937,4181.986905863619,0.0,0.0,0.0,-75.36908255642857,20830.81078470937,-4653.153305937299,20747.763168576676,4346.800036994615,0.0,0.0,0.0,-2037.1544828306655,20747.763168576676,-1389.8642518476827,20723.93687368701,4336.379066980987,0.0,0.0,0.0,-1578.1406331830194,20723.93687368701,-264.78071799346026,12360.40709399357,2756.2016627241387,0.0,0.0,0.0,-2803.568334521896,12360.40709399357
2164,6045.134741480435,20830.81078470937,4181.986905863619,0.0,0.0,0.0,-75.36908255642857,20830.81078470937,-4653.153305937299,20747.763168576676,4346.800036994615,0.0,0.0,0.0,-2037.1544828306655,20747.763168576676,-1389.8642518476827,20723.93687368701,4336.379066980987,0.0,0.0,0.0,-1578.1406331830194,20723.93687368701,-264.78071799346026,12360.40709399357,2756.2016627241387,0.0,0.0,0.0,-2803.568334521896,12360.40709399357
2165,6045.134741480435,20830.81078470937,4181.986905863619,0.0,0.0,0.0,-75.36908255642857,20830.81078470937,-4653.153305937299,20747.763168576676,4346.800036994615,0.0,0.0,0.0,-2037.1544828306655,20747.763168576676,-1389.8642518476827,20723.93687368701,4336.379066980987,0.0,0.0,0.0,-1578.1406331830194,20723.93687368701,-264.78071799346026,12360.40709399357,2756.2016627241387,0.0,0.0,0.0,-2803.568334521896,12360.40709399357
2166,6045.134741480435,20830.81078470937,4181.986905863619,0.0,0.0,0.0,-75.36908255642857,20830.81078470937,-4653.153305937299,20747.763168576676,4346.800036994615,0.0,0.0,0.0,-2037.1544828306655,20747.763168576676,-1389.8642518476827,20723.93687368701,4336.379066980987,0.0,0.0,0.0,-1578.1406331830194,20723.93687368701,-264.78071799346026,12360.40709399357,2756.2016627241387,0.0,0.0,0.0,-2803.568334521896,12360.40709399357
2167,6045.134741480435,20830.81078470937,4181.986905863619,0.0,0.0,0.0,-75.36908255642857,20830.81078470937,-4653.153305937299,20747.763168576676,4346.800036994615,0.0,0.0,0.0,-2037.1544828306655,20747.763168576676,-1389.8642518476827,20723.93687368701,4336.379066980987,0.0,0.0,0.0,-1578.1406331830194,20723.93687368701,-264.78071799346026,12360.40709399357,2756.2016627241387,0.0,0.0,0.0,-2803.568334521896,12360.40709399357
2168,6045.134741480435,20830.81078470937,4181.986905863619,0.0,0.0,0.0,-75.36908255642857,20830.81078470937,-4653.153305937299,20747.763168576676,4346.800036994615,0.0,0.0,0.0,-2037.1544828306655,20747.763168576676,-1389.8642518476827,20723.93687368701,4336.379066980987,0.0,0.0,0.0,-1578.1406331830194,20723.93687368701,-264.78071799346026,12360.40709399357,2756.2016627241387,0.0,0.0,0.0,-2803.568334521896,12360.40709399357
2169,6045.134741480435,20830.81078470937,4181.986905863619,0.0,0.0,0.0,-75.36908255642857,20830.81078470937,-4653.153305937299,20747.763168576676,4346.800036994615,0.0,0.0,0.0,-2037.1544828306655,20747.763168576676,-1389.8642518476827,20723.93687368701,4336.379066980987,0.0,0.0,0.0,-1578.1406331830194,20723.93687368701,-264.78071799346026,12360.40709399357,2756.2016627241387,0.0,0.0,0.0,-2803.568334521896,12360.40709399357
2170,6045.134741480435,20830.81078470937,4181.986905863619,0.0,0.0,0.0,-75.36908255642857,20830.81078470937,-4653.153305937299,20747.763168576676,4346.800036994615,0.0,0.0,0.0,-2037.1544828306655,20747.763168576676,-1389.8642518476827,20723.93687368701,4336.379066980987,0.0,0.0,0.0,-1578.1406331830194,20723.93687368701,-264.78071799346026,12360.40709399357,2756.2016627241387,0.0,0.0,0.0,-2803.568334521896,12360.40709399357
2171,6045.134741480435,20830.81078470937,4181.986905863619,0.0,0.0,0.0,-75.36908255642857,20830.81078470937,-4653.153305937299,20747.763168576676,4346.800036994615,0.0,0.0,0.0,-2037.1544828306655,20747.763168576676,-1389.8642518476827,20723.93687368701,4336.379066980987,0.0,0.0,0.0,-1578.1406331830194,20723.93687368701,-264.78071799346026,12360.40709399357,2756.2016627241387,0.0,0.0,0.0,-2803.568334521896,12360.40709399357
2172,6045.134741480435,20830.81078470937,4181.986905863619,0.0,0.0,0.0,-75.36908255642857,20830.81078470937,-4653.153305937299,20747.763168576676,4346.800036994615,0.0,0.0,0.0,-2037.1544828306655,20747.763168576676,-1389.8642518476827,20723.93687368701,4336.379066980987,0.0,0.0,0.0,-1578.1406331830194,20723.93687368701,-264.78071799346026,12360.40709399357,2756.2016627241387,0.0,0.0,0.0,-2803.568334521896,12360.40709399357
2173,6045.134741480435,20830.81078470937,4181.986905863619,0.0,0.0,0.0,-75.36908255642857,20830.81078470937,-4653.153305937299,20747.763168576676,4346.800036994615,0.0,0.0,0.0,-2037.1544828306655,20747.763168576676,-1389.8642518476827,20723.93687368701,4336.379066980987,0.0,0.0,0.0,-1578.1406331830194,20723.93687368701,-264.78071799346026,12360.40709399357,2756.2016627241387,0.0,0.0,0.0,-2803.568334521896,12360.40709399357
2174,6045.134741480435,20830.81078470937,4181.986905863619,0.0,0.0,0.0,-75.36908255642857,20830.81078470937,-4653.153305937299,20747.763168576676,4346.800036994615,0.0,0.0,0.0,-2037.1544828306655,20747.763168576676,-1389.8642518476827,20723.93687368701,4336.379066980987,0.0,0.0,0.0,-1578.1406331830194,20723.93687368701,-264.78071799346026,12360.40709399357,2756.2016627241387,0.0,0.0,0.0,-2803.568334521896,12360.40709399357
2175,6045.134741480435,20830.81078470937,4181.986905863619,0.0,0.0,0.0,-75.36908255642857,20830.81078470937,-4653.153305937299,20747.763168576676,4346.800036994615,0.0,0.0,0.0,-2037.1544828306655,20747.763168576676,-1389.8642518476827,20723.93687368701,4336.379066980987,0.0,0.0,0.0,-1578.1406331830194,20723.93687368701,-264.78071799346026,12360.40709399357,2756.2016627241387,0.0,0.0,0.0,-2803.568334521896,12360.40709399357
2176,6045.134741480435,20830.81078470937,4181.986905863619,0.0,0.0,0.0,-75.36908255642857,20830.81078470937,-4653.153305937299,20747.763168576676,4346.800036994615,0.0,0.0,0.0,-2037.1544828306655,20747.763168576676,-1389.8642518476827,20723.93687368701,4336.379066980987,0.0,0.0,0.0,-1578.1406331830194,20723.93687368701,-264.78071799346026,12360.40709399357,2756.2016627241387,0.0,0.0,0.0,-2803.568334521896,12360.40709399357
2177,6045.134741480435,20830.81078470937,4181.986905863619,0.0,0.0,0.0,-75.36908255642857,20830.81078470937,-4653.153305937299,20747.763168576676,4346.800036994615,0.0,0.0,0.0,-2037.1544828306655,20747.763168576676,-1389.8642518476827,20723.93687368701,4336.379066980987,0.0,0.0,0.0,-1578.1406331830194,20723.93687368701,-264.78071799346026,12360.40709399357,2756.2016627241387,0.0,0.0,0.0,-2803.568334521896,12360.40709399357
2178,6045.134741480435,20830.81078470937,4181.986905863619,0.0,0.0,0.0,-75.36908255642857,20830.81078470937,-4653.153305937299,20747.763168576676,4346.800036994615,0.0,0.0,0.0,-2037.1544828306655,20747.763168576676,-1389.8642518476827,20723.93687368701,4336.379066980987,0.0,0.0,0.0,-1578.1406331830194,20723.93687368701,-264.78071799346026,12360.40709399357,2756.2016627241387,0.0,0.0,0.0,-2803.568334521896,12360.40709399357
2179,6045.134741480435,20830.81078470937,4181.986905863619,0.0,0.0,0.0,-75.36908255642857,20830.81078470937,-4653.153305937299,20747.763168576676,4346.800036994615,0.0,0.0,0.0,-2037.1544828306655,20747.763168576676,-1389.8642518476827,20723.93687368701,4336.379066980987,0.0,0.0,0.0,-1578.1406331830194,20723.93687368701,-264.78071799346026,12360.40709399357,2756.2016627241387,0.0,0.0,0.0,-2803.568334521896,12360.40709399357
2180,6045.134741480435,20830.81078470937,4181.986905863619,0.0,0.0,0.0,-75.36908255642857,20830.81078470937,-4653.153305937299,20747.763168576676,4346.800036994615,0.0,0.0,0.0,-2037.1544828306655,20747.763168576676,-1389.8642518476827,20723.93687368701,4336.379066980987,0.0,0.0,0.0,-1578.1406331830194,20723.93687368701,-264.78071799346026,12360.40709399357,2756.2016627241387,0.0,0.0,0.0,-2803.568334521896,12360.40709399357
2181,6045.134741480435,20830.81078470937,4181.986905863619,0.0,0.0,0.0,-75.36908255642857,20830.81078470937,-4653.153305937299,20747.763168576676,4346.800036994615,0.0,0.0,0.0,-2037.1544828306655,20747.763168576676,-1389.8642518476827,20723.93687368701,4336.379066980987,0.0,0.0,0.0,-1578.1406331830194,20723.93687368701,-264.78071799346026,12360.40709399357,2756.2016627241387,0.0,0.0,0.0,-2803.568334521896,12360.40709399357
2182,6045.134741480435,20830.81078470937,4181.986905863619,0.0,0.0,0.0,-75.36908255642857,20830.81078470937,-4653.153305937299,20747.763168576676,4346.800036994615,0.0,0.0,0.0,-2037.1544828306655,20747.763168576676,-1389.8642518476827,20723.93687368701,4336.379066980987,0.0,0.0,0.0,-1578.1406331830194,20723.93687368701,-264.78071799346026,12360.40709399357,2756.2016627241387,0.0,0.0,0.0,-2803.568334521896,12360.40709399357
2183,6045.134741480435,20830.81078470937,4181.986905863619,0.0,0.0,0.0,-75.36908255642857,20830.81078470937,-4653.153305937299,20747.763168576676,4346.800036994615,0.0,0.0,0.0,-2037.1544828306655,20747.763168576676,-1389.8642518476827,20723.93687368701,4336.379066980987,0.0,0.0,0.0,-1578.1406331830194,20723.93687368701,-264.78071799346026,12360.40709399357,2756.2016627241387,0.0,0.0,0.0,-2803.568334521896,12360.40709399357
2184,6045.134741480435,20830.81078470937,4181.986905863619,0.0,0.0,0.0,-75.36908255642857,20830.81078470937,-4653.153305937299,20747.763168576676,4346.800036994615,0.0,0.0,0.0,-2037.1544828306655,20747.763168576676,-1389.8642518476827,20723.93687368701,4336.379066980987,0.0,0.0,0.0,-1578.1406331830194,20723.93687368701,-264.78071799346026,12360.40709399357,2756.2016627241387,0.0,0.0,0.0,-2803.568334521896,12360.40709399357
2185,6045.134741480435,20830.81078470937,4181.986905863619,0.0,0.0,0.0,-75.36908255642857,20830.81078470937,-4653.153305937299,20747.763168576676,4346.800036994615,0.0,0.0,0.0,-2037.1544828306655,20747.763168576676,-1389.8642518476827,20723.93687368701,4336.379066980987,0.0,0.0,0.0,-1578.1406331830194,20723.93687368701,-264.78071799346026,12360.40709399357,2756.2016627241387,0.0,0.0,0.0,-2803.568334521896,12360.40709399357
2186,6045.134741480435,20830.81078470937,4181.986905863619,0.0,0.0,0.0,-75.36908255642857,20830.81078470937,-4653.153305937299,20747.763168576676,4346.800036994615,0.0,0.0,0.0,-2037.1544828306655,20747.763168576676,-1389.8642518476827,20723.93687368701,4336.379066980987,0.0,0.0,0.0,-1578.1406331830194,20723.93687368701,-264.78071799346026,12360.40709399357,2756.2016627241387,0.0,0.0,0.0,-2803.568334521896,12360.40709399357
2187,6045.134741480435,20830.81078470937,4181.986905863619,0.0,0.0,0.0,-75.36908255642857,20830.81078470937,-4653.153305937299,20747.763168576676,4346.800036994615,0.0,0.0,0.0,-2037.1544828306655,20747.763168576676,-1389.8642518476827,20723.93687368701,4336.379066980987,0.0,0.0,0.0,-1578.1406331830194,20723.93687368701,-264.78071799346026,12360.40709399357,2756.2016627241387,0.0,0.0,0.0,-2803.568334521896,12360.40709399357
2188,6045.134741480435,20830.81078470937,4181.986905863619,0.0,0.0,0.0,-75.36908255642857,20830.81078470937,-4653.153305937299,20747.763168576676,4346.800036994615,0.0,0.0,0.0,-2037.1544828306655,20747.763168576676,-1389.8642518476827,20723.93687368701,4336.379066980987,0.0,0.0,0.0,-1578.1406331830194,20723.93687368701,-264.78071799346026,12360.40709399357,2756.2016627241387,0.0,0.0,0.0,-2803.568334521896,12360.40709399357
2189,6045.134741480435,20830.81078470937,4181.986905863619,0.0,0.0,0.0,-75.36908255642857,20830.81078470937,-4653.153305937299,20747.763168576676,4346.800036994615,0.0,0.0,0.0,-2037.1544828306655,20747.763168576676,-1389.8642518476827,20723.93687368701,4336.379066980987,0.0,0.0,0.0,-1578.1406331830194,20723.93687368701,-264.78071799346026,12360.40709399357,2756.2016627241387,0.0,0.0,0.0,-2803.568334521896,12360.40709399357
2190,6045.134741480435,20830.81078470937,4181.986905863619,0.0,0.0,0.0,-75.36908255642857,20830.81078470937,-4653.153305937299,20747.763168576676,4346.800036994615,0.0,0.0,0.0,-2037.1544828306655,20747.763168576676,-1389.8642518476827,20723.93687368701,4336.379066980987,0.0,0.0,0.0,-1578.1406331830194,20723.93687368701,-264.78071799346026,12360.40709399357,2756.2016627241387,0.0,0.0,0.0,-2803.568334521896,12360.40709399357
2191,6045.134741480435,20830.81078470937,4181.986905863619,0.0,0.0,0.0,-75.36908255642857,20830.81078470937,-4653.153305937299,20747.763168576676,4346.800036994615,0.0,0.0,0.0,-2037.1544828306655,20747.763168576676,-1389.8642518476827,20723.93687368701,4336.379066980987,0.0,0.0,0.0,-1578.1406331830194,20723.93687368701,-264.78071799346026,12360.40709399357,2756.2016627241387,0.0,0.0,0.0,-2803.568334521896,12360.40709399357
2192,6045.134741480435,20830.81078470937,4181.986905863619,0.0,0.0,0.0,-75.36908255642857,20830.81078470937,-4653.153305937299,20747.763168576676,4346.800036994615,0.0,0.0,0.0,-2037.1544828306655,20747.763168576676,-1389.8642518476827,20723.93687368701,4336.379066980987,0.0,0.0,0.0,-1578.1406331830194,20723.93687368701,-264.78071799346026,12360.40709399357,2756.2016627241387,0.0,0.0,0.0,-2803.568334521896,12360.40709399357
2193,6045.134741480435,20830.81078470937,4181.986905863619,0.0,0.0,0.0,-75.36908255642857,20830.81078470937,-4653.153305937299,20747.763168576676,4346.800036994615,0.0,0.0,0.0,-2037.1544828306655,20747.763168576676,-1389.8642518476827,20723.93687368701,4336.379066980987,0.0,0.0,0.0,-1578.1406331830194,20723.93687368701,-264.78071799346026,12360.40709399357,2756.2016627241387,0.0,0.0,0.0,-2803.568334521896,12360.40709399357
2194,6045.134741480435,20830.81078470937,4181.986905863619,0.0,0.0,0.0,-75.36908255642857,20830.81078470937,-4653.153305937299,20747.763168576676,4346.800036994615,0.0,0.0,0.0,-2037.1544828306655,20747.763168576676,-1389.8642518476827,20723.93687368701,4336.379066980987,0.0,0.0,0.0,-1578.1406331830194,20723.93687368701,-264.78071799346026,12360.40709399357,2756.2016627241387,0.0,0.0,0.0,-2803.568334521896,12360.40709399357
2195,6045.134741480435,20830.81078470937,4181.986905863619,0.0,0.0,0.0,-75.36908255642857,20830.81078470937,-4653.153305937299,20747.763168576676,4346.800036994615,0.0,0.0,0.0,-2037.1544828306655,20747.763168576676,-1389.8642518476827,20723.93687368701,4336.379066980987,0.0,0.0,0.0,-1578.1406331830194,20723.93687368701,-264.78071799346026,12360.40709399357,2756.2016627241387,0.0,0.0,0.0,-2803.568334521896,12360.40709399357
2196,6045.134741480435,20830.81078470937,4181.986905863619,0.0,0.0,0.0,-75.36908255642857,20830.81078470937,-4653.153305937299,20747.763168576676,4346.800036994615,0.0,0.0,0.0,-2037.1544828306655,20747.763168576676,-1389.8642518476827,20723.93687368701,4336.379066980987,0.0,0.0,0.0,-1578.1406331830194,20723.93687368701,-264.78071799346026,12360.40709399357,2756.2016627241387,0.0,0.0,0.0,-2803.568334521896,12360.40709399357
2197,6045.134741480435,20830.81078470937,4181.986905863619,0.0,0.0,0.0,-75.36908255642857,20830.81078470937,-4653.153305937299,20747.763168576676,4346.800036994615,0.0,0.0,0.0,-2037.1544828306655,20747.763168576676,-1389.8642518476827,20723.93687368701,4336.379066980987,0.0,0.0,0.0,-1578.1406331830194,20723.93687368701,-264.78071799346026,12360.40709399357,2756.2016627241387,0.0,0.0,0.0,-2803.568334521896,12360.40709399357
2198,6045.134741480435,20830.81078470937,4181.986905863619,0.0,0.0,0.0,-75.36908255642857,20830.81078470937,-4653.153305937299,20747.763168576676,4346.800036994615,0.0,0.0,0.0,-2037.1544828306655,20747.763168576676,-1389.8642518476827,20723.93687368701,4336.379066980987,0.0,0.0,0.0,-1578.1406331830194,20723.93687368701,-264.78071799346026,12360.40709399357,2756.2016627241387,0.0,0.0,0.0,-2803.568334521896,12360.40709399357
2199,6045.134741480435,20830.81078470937,4181.986905863619,0.0,0.0,0.0,-75.36908255642857,20830.81078470937,-4653.153305937299,20747.763168576676,4346.800036994615,0.0,0.0,0.0,-2037.1544828306655,20747.763168576676,-1389.8642518476827,20723.93687368701,4336.379066980987,0.0,0.0,0.0,-1578.1406331830194,20723.93687368701,-264.78071799346026,12360.40709399357,2756.2016627241387,0.0,0.0,0.0,-2803.568334521896,12360.40709399357
2200,6045.134741480435,20830.81078470937,4181.986905863619,0.0,0.0,0.0,-75.36908255642857,20830.81078470937,-4653.153305937299,20747.763168576676,4346.800036994615,0.0,0.0,0.0,-2037.1544828306655,20747.763168576676,-1389.8642518476827,20723.93687368701,4336.379066980987,0.0,0.0,0.0,-1578.1406331830194,20723.93687368701,-264.78071799346026,12360.40709399357,2756.2016627241387,0.0,0.0,0.0,-2803.568334521896,12360.40709399357
2201,6045.134741480435,20830.81078470937,4181.986905863619,0.0,0.0,0.0,-75.36908255642857,20830.81078470937,-4653.153305937299,20747.763168576676,4346.800036994615,0.0,0.0,0.0,-2037.1544828306655,20747.763168576676,-1389.8642518476827,20723.93687368701,4336.379066980987,0.0,0.0,0.0,-1578.1406331830194,20723.93687368701,-264.78071799346026,12360.40709399357,2756.2016627241387,0.0,0.0,0.0,-2803.568334521896,12360.40709399357
2202,6045.134741480435,20830.81078470937,4181.986905863619,0.0,0.0,0.0,-75.36908255642857,20830.81078470937,-4653.153305937299,20747.763168576676,4346.800036994615,0.0,0.0,0.0,-2037.1544828306655,20747.763168576676,-1389.8642518476827,20723.93687368701,4336.379066980987,0.0,0.0,0.0,-1578.1406331830194,20723.93687368701,-264.78071799346026,12360.40709399357,2756.2016627241387,0.0,0.0,0.0,-2803.568334521896,12360.40709399357
2203,6045.134741480435,20830.81078470937,4181.986905863619,0.0,0.0,0.0,-75.36908255642857,20830.81078470937,-4653.153305937299,20747.763168576676,4346.800036994615,0.0,0.0,0.0,-2037.1544828306655,20747.763168576676,-1389.8642518476827,20723.93687368701,4336.379066980987,0.0,0.0,0.0,-1578.1406331830194,20723.93687368701,-264.78071799346026,12360.40709399357,2756.2016627241387,0.0,0.0,0.0,-2803.568334521896,12360.40709399357
2204,6045.134741480435,20830.81078470937,4181.986905863619,0.0,0.0,0.0,-75.36908255642857,20830.81078470937,-4653.153305937299,20747.763168576676,4346.800036994615,0.0,0.0,0.0,-2037.1544828306655,20747.763168576676,-1389.8642518476827,20723.93687368701,4336.379066980987,0.0,0.0,0.0,-1578.1406331830194,20723.93687368701,-264.78071799346026,12360.40709399357,2756.2016627241387,0.0,0.0,0.0,-2803.568334521896,12360.40709399357
2205,6045.134741480435,20830.81078470937,4181.986905863619,0.0,0.0,0.0,-75.36908255642857,20830.81078470937,-4653.153305937299,20747.763168576676,4346.800036994615,0.0,0.0,0.0,-2037.1544828306655,20747.763168576676,-1389.8642518476827,20723.93687368701,4336.379066980987,0.0,0.0,0.0,-1578.1406331830194,20723.93687368701,-264.78071799346026,12360.40709399357,2756.2016627241387,0.0,0.0,0.0,-2803.568334521896,12360.40709399357
2206,6045.134741480435,20830.81078470937,4181.986905863619,0.0,0.0,0.0,-75.36908255642857,20830.81078470937,-4653.153305937299,20747.763168576676,4346.800036994615,0.0,0.0,0.0,-2037.1544828306655,20747.763168576676,-1389.8642518476827,20723.93687368701,4336.379066980987,0.0,0.0,0.0,-1578.1406331830194,20723.93687368701,-264.78071799346026,12360.40709399357,2756.2016627241387,0.0,0.0,0.0,-2803.568334521896,12360.40709399357
2207,6045.134741480435,20830.81078470937,4181.986905863619,0.0,0.0,0.0,-75.36908255642857,20830.81078470937,-4653.153305937299,20747.763168576676,4346.800036994615,0.0,0.0,0.0,-2037.1544828306655,20747.763168576676,-1389.8642518476827,20723.93687368701,4336.379066980987,0.0,0.0,0.0,-1578.1406331830194,20723.93687368701,-264.78071799346026,12360.40709399357,2756.2016627241387,0.0,0.0,0.0,-2803.568334521896,12360.40709399357
2208,6045.134741480435,20830.81078470937,4181.986905863619,0.0,0.0,0.0,-75.36908255642857,20830.81078470937,-4653.153305937299,20747.763168576676,4346.800036994615,0.0,0.0,0.0,-2037.1544828306655,20747.763168576676,-1389.8642518476827,20723.93687368701,4336.379066980987,0.0,0.0,0.0,-1578.1406331830194,20723.93687368701,-264.78071799346026,12360.40709399357,2756.2016627241387,0.0,0.0,0.0,-2803.568334521896,12360.40709399357
2209,6045.134741480435,20830.81078470937,4181.986905863619,0.0,0.0,0.0,-75.36908255642857,20830.81078470937,-4653.153305937299,20747.763168576676,4346.800036994615,0.0,0.0,0.0,-2037.1544828306655,20747.763168576676,-1389.8642518476827,20723.93687368701,4336.379066980987,0.0,0.0,0.0,-1578.1406331830194,20723.93687368701,-264.78071799346026,12360.40709399357,2756.2016627241387,0.0,0.0,0.0,-2803.568334521896,12360.40709399357
2210,6045.134741480435,20830.81078470937,4181.986905863619,0.0,0.0,0.0,-75.36908255642857,20830.81078470937,-4653.153305937299,20747.763168576676,4346.800036994615,0.0,0.0,0.0,-2037.1544828306655,20747.763168576676,-1389.8642518476827,20723.93687368701,4336.379066980987,0.0,0.0,0.0,-1578.1406331830194,20723.93687368701,-264.78071799346026,12360.40709399357,2756.2016627241387,0.0,0.0,0.0,-2803.568334521896,12360.40709399357
2211,6045.134741480435,20830.81078470937,4181.986905863619,0.0,0.0,0.0,-75.36908255642857,20830.81078470937,-4653.153305937299,20747.763168576676,4346.800036994615,0.0,0.0,0.0,-2037.1544828306655,20747.763168576676,-1389.8642518476827,20723.93687368701,4336.379066980987,0.0,0.0,0.0,-1578.1406331830194,20723.93687368701,-264.78071799346026,12360.40709399357,2756.2016627241387,0.0,0.0,0.0,-2803.568334521896,12360.40709399357
2212,6045.134741480435,20830.81078470937,4181.986905863619,0.0,0.0,0.0,-75.36908255642857,20830.81078470937,-4653.153305937299,20747.763168576676,4346.800036994615,0.0,0.0,0.0,-2037.1544828306655,20747.763168576676,-1389.8642518476827,20723.93687368701,4336.379066980987,0.0,0.0,0.0,-1578.1406331830194,20723.93687368701,-264.78071799346026,12360.40709399357,2756.2016627241387,0.0,0.0,0.0,-2803.568334521896,12360.40709399357
2213,6045.134741480435,20830.81078470937,4181.986905863619,0.0,0.0,0.0,-75.36908255642857,20830.81078470937,-4653.153305937299,20747.763168576676,4346.800036994615,0.0,0.0,0.0,-2037.1544828306655,20747.763168576676,-1389.8642518476827,20723.93687368701,4336.379066980987,0.0,0.0,0.0,-1578.1406331830194,20723.93687368701,-264.78071799346026,12360.40709399357,2756.2016627241387,0.0,0.0,0.0,-2803.568334521896,12360.40709399357
2214,6045.134741480435,20830.81078470937,4181.986905863619,0.0,0.0,0.0,-75.36908255642857,20830.81078470937,-4653.153305937299,20747.763168576676,4346.800036994615,0.0,0.0,0.0,-2037.1544828306655,20747.763168576676,-1389.8642518476827,20723.93687368701,4336.379066980987,0.0,0.0,0.0,-1578.1406331830194,20723.93687368701,-264.78071799346026,12360.40709399357,2756.2016627241387,0.0,0.0,0.0,-2803.568334521896,12360.40709399357
2215,6045.134741480435,20830.81078470937,4181.986905863619,0.0,0.0,0.0,-75.36908255642857,20830.81078470937,-4653.153305937299,20747.763168576676,4346.800036994615,0.0,0.0,0.0,-2037.1544828306655,20747.763168576676,-1389.8642518476827,20723.93687368701,4336.379066980987,0.0,0.0,0.0,-1578.1406331830194,20723.93687368701,-264.78071799346026,12360.40709399357,2756.2016627241387,0.0,0.0,0.0,-2803.568334521896,12360.40709399357
2216,6045.134741480435,20830.81078470937,4181.986905863619,0.0,0.0,0.0,-75.36908255642857,20830.81078470937,-4653.153305937299,20747.763168576676,4346.800036994615,0.0,0.0,0.0,-2037.1544828306655,20747.763168576676,-1389.8642518476827,20723.93687368701,4336.379066980987,0.0,0.0,0.0,-1578.1406331830194,20723.93687368701,-264.78071799346026,12360.40709399357,2756.2016627241387,0.0,0.0,0.0,-2803.568334521896,12360.40709399357
2217,6045.134741480435,20830.81078470937,4181.986905863619,0.0,0.0,0.0,-75.36908255642857,20830.81078470937,-4653.153305937299,20747.763168576676,4346.800036994615,0.0,0.0,0.0,-2037.1544828306655,20747.763168576676,-1389.8642518476827,20723.93687368701,4336.379066980987,0.0,0.0,0.0,-1578.1406331830194,20723.93687368701,-264.78071799346026,12360.40709399357,2756.2016627241387,0.0,0.0,0.0,-2803.568334521896,12360.40709399357
2218,6045.134741480435,20830.81078470937,4181.986905863619,0.0,0.0,0.0,-75.36908255642857,20830.81078470937,-4653.153305937299,20747.763168576676,4346.800036994615,0.0,0.0,0.0,-2037.1544828306655,20747.763168576676,-1389.8642518476827,20723.93687368701,4336.379066980987,0.0,0.0,0.0,-1578.1406331830194,20723.93687368701,-264.78071799346026,12360.40709399357,2756.2016627241387,0.0,0.0,0.0,-2803.568334521896,12360.40709399357
2219,6045.134741480435,20830.81078470937,4181.986905863619,0.0,0.0,0.0,-75.36908255642857,20830.81078470937,-4653.153305937299,20747.763168576676,4346.800036994615,0.0,0.0,0.0,-2037.1544828306655,20747.763168576676,-1389.8642518476827,20723.93687368701,4336.379066980987,0.0,0.0,0.0,-1578.1406331830194,20723.93687368701,-264.78071799346026,12360.40709399357,2756.2016627241387,0.0,0.0,0.0,-2803.568334521896,12360.40709399357
2220,6045.134741480435,20830.81078470937,4181.986905863619,0.0,0.0,0.0,-75.36908255642857,20830.81078470937,-4653.153305937299,20747.763168576676,4346.800036994615,0.0,0.0,0.0,-2037.1544828306655,20747.763168576676,-1389.8642518476827,20723.93687368701,4336.379066980987,0.0,0.0,0.0,-1578.1406331830194,20723.93687368701,-264.78071799346026,12360.40709399357,2756.2016627241387,0.0,0.0,0.0,-2803.568334521896,12360.40709399357
2221,6045.134741480435,20830.81078470937,4181.986905863619,0.0,0.0,0.0,-75.36908255642857,20830.81078470937,-4653.153305937299,20747.763168576676,4346.800036994615,0.0,0.0,0.0,-2037.1544828306655,20747.763168576676,-1389.8642518476827,20723.93687368701,4336.379066980987,0.0,0.0,0.0,-1578.1406331830194,20723.93687368701,-264.78071799346026,12360.40709399357,2756.2016627241387,0.0,0.0,0.0,-2803.568334521896,12360.40709399357
2222,6045.134741480435,20830.81078470937,4181.986905863619,0.0,0.0,0.0,-75.36908255642857,20830.81078470937,-4653.153305937299,20747.763168576676,4346.800036994615,0.0,0.0,0.0,-2037.1544828306655,20747.763168576676,-1389.8642518476827,20723.93687368701,4336.379066980987,0.0,0.0,0.0,-1578.1406331830194,20723.93687368701,-264.78071799346026,12360.40709399357,2756.2016627241387,0.0,0.0,0.0,-2803.568334521896,12360.40709399357
2223,6045.134741480435,20830.81078470937,4181.986905863619,0.0,0.0,0.0,-75.36908255642857,20830.81078470937,-4653.153305937299,20747.763168576676,4346.800036994615,0.0,0.0,0.0,-2037.1544828306655,20747.763168576676,-1389.8642518476827,20723.93687368701,4336.379066980987,0.0,0.0,0.0,-1578.1406331830194,20723.93687368701,-264.78071799346026,12360.40709399357,2756.2016627241387,0.0,0.0,0.0,-2803.568334521896,12360.40709399357
2224,6045.134741480435,20830.81078470937,4181.986905863619,0.0,0.0,0.0,-75.36908255642857,20830.81078470937,-4653.153305937299,20747.763168576676,4346.800036994615,0.0,0.0,0.0,-2037.1544828306655,20747.763168576676,-1389.8642518476827,20723.93687368701,4336.379066980987,0.0,0.0,0.0,-1578.1406331830194,20723.93687368701,-264.78071799346026,12360.40709399357,2756.2016627241387,0.0,0.0,0.0,-2803.568334521896,12360.40709399357
2225,6045.134741480435,20830.81078470937,4181.986905863619,0.0,0.0,0.0,-75.36908255642857,20830.81078470937,-4653.153305937299,20747.763168576676,4346.800036994615,0.0,0.0,0.0,-2037.1544828306655,20747.763168576676,-1389.8642518476827,20723.93687368701,4336.379066980987,0.0,0.0,0.0,-1578.1406331830194,20723.93687368701,-264.78071799346026,12360.40709399357,2756.2016627241387,0.0,0.0,0.0,-2803.568334521896,12360.40709399357
2226,6045.134741480435,20830.81078470937,4181.986905863619,0.0,0.0,0.0,-75.36908255642857,20830.81078470937,-4653.153305937299,20747.763168576676,4346.800036994615,0.0,0.0,0.0,-2037.1544828306655,20747.763168576676,-1389.8642518476827,20723.93687368701,4336.379066980987,0.0,0.0,0.0,-1578.1406331830194,20723.93687368701,-264.78071799346026,12360.40709399357,2756.2016627241387,0.0,0.0,0.0,-2803.568334521896,12360.40709399357
2227,6045.134741480435,20830.81078470937,4181.986905863619,0.0,0.0,0.0,-75.36908255642857,20830.81078470937,-4653.153305937299,20747.763168576676,4346.800036994615,0.0,0.0,0.0,-2037.1544828306655,20747.763168576676,-1389.8642518476827,20723.93687368701,4336.379066980987,0.0,0.0,0.0,-1578.1406331830194,20723.93687368701,-264.78071799346026,12360.40709399357,2756.2016627241387,0.0,0.0,0.0,-2803.568334521896,12360.40709399357
2228,6045.134741480435,20830.81078470937,4181.986905863619,0.0,0.0,0.0,-75.36908255642857,20830.81078470937,-4653.153305937299,20747.763168576676,4346.800036994615,0.0,0.0,0.0,-2037.1544828306655,20747.763168576676,-1389.8642518476827,20723.93687368701,4336.379066980987,0.0,0.0,0.0,-1578.1406331830194,20723.93687368701,-264.78071799346026,12360.40709399357,2756.2016627241387,0.0,0.0,0.0,-2803.568334521896,12360.40709399357
2229,6045.134741480435,20830.81078470937,4181.986905863619,0.0,0.0,0.0,-75.36908255642857,20830.81078470937,-4653.153305937299,20747.763168576676,4346.800036994615,0.0,0.0,0.0,-2037.1544828306655,20747.763168576676,-1389.8642518476827,20723.93687368701,4336.379066980987,0.0,0.0,0.0,-1578.1406331830194,20723.93687368701,-264.78071799346026,12360.40709399357,2756.2016627241387,0.0,0.0,0.0,-2803.568334521896,12360.40709399357
2230,6045.134741480435,20830.81078470937,4181.986905863619,0.0,0.0,0.0,-75.36908255642857,20830.81078470937,-4653.153305937299,20747.763168576676,4346.800036994615,0.0,0.0,0.0,-2037.1544828306655,20747.763168576676,-1389.8642518476827,20723.93687368701,4336.379066980987,0.0,0.0,0.0,-1578.1406331830194,20723.93687368701,-264.78071799346026,12360.40709399357,2756.2016627241387,0.0,0.0,0.0,-2803.568334521896,12360.40709399357
2231,6045.134741480435,20830.81078470937,4181.986905863619,0.0,0.0,0.0,-75.36908255642857,20830.81078470937,-4653.153305937299,20747.763168576676,4346.800036994615,0.0,0.0,0.0,-2037.1544828306655,20747.763168576676,-1389.8642518476827,20723.93687368701,4336.379066980987,0.0,0.0,0.0,-1578.1406331830194,20723.93687368701,-264.78071799346026,12360.40709399357,2756.2016627241387,0.0,0.0,0.0,-2803.568334521896,12360.40709399357
2232,6045.134741480435,20830.81078470937,4181.986905863619,0.0,0.0,0.0,-75.36908255642857,20830.81078470937,-4653.153305937299,20747.763168576676,4346.800036994615,0.0,0.0,0.0,-2037.1544828306655,20747.763168576676,-1389.8642518476827,20723.93687368701,4336.379066980987,0.0,0.0,0.0,-1578.1406331830194,20723.93687368701,-264.78071799346026,12360.40709399357,2756.2016627241387,0.0,0.0,0.0,-2803.568334521896,12360.40709399357
2233,6045.134741480435,20830.81078470937,4181.986905863619,0.0,0.0,0.0,-75.36908255642857,20830.81078470937,-4653.153305937299,20747.763168576676,4346.800036994615,0.0,0.0,0.0,-2037.1544828306655,20747.763168576676,-1389.8642518476827,20723.93687368701,4336.379066980987,0.0,0.0,0.0,-1578.1406331830194,20723.93687368701,-264.78071799346026,12360.40709399357,2756.2016627241387,0.0,0.0,0.0,-2803.568334521896,12360.40709399357
2234,6045.134741480435,20830.81078470937,4181.986905863619,0.0,0.0,0.0,-75.36908255642857,20830.81078470937,-4653.153305937299,20747.763168576676,4346.800036994615,0.0,0.0,0.0,-2037.1544828306655,20747.763168576676,-1389.8642518476827,20723.93687368701,4336.379066980987,0.0,0.0,0.0,-1578.1406331830194,20723.93687368701,-264.78071799346026,12360.40709399357,2756.2016627241387,0.0,0.0,0.0,-2803.568334521896,12360.40709399357
2235,6045.134741480435,20830.81078470937,4181.986905863619,0.0,0.0,0.0,-75.36908255642857,20830.81078470937,-4653.153305937299,20747.763168576676,4346.800036994615,0.0,0.0,0.0,-2037.1544828306655,20747.763168576676,-1389.8642518476827,20723.93687368701,4336.379066980987,0.0,0.0,0.0,-1578.1406331830194,20723.93687368701,-264.78071799346026,12360.40709399357,2756.2016627241387,0.0,0.0,0.0,-2803.568334521896,12360.40709399357
2236,6045.134741480435,20830.81078470937,4181.986905863619,0.0,0.0,0.0,-75.36908255642857,20830.81078470937,-4653.153305937299,20747.763168576676,4346.800036994615,0.0,0.0,0.0,-2037.1544828306655,20747.763168576676,-1389.8642518476827,20723.93687368701,4336.379066980987,0.0,0.0,0.0,-1578.1406331830194,20723.93687368701,-264.78071799346026,12360.40709399357,2756.2016627241387,0.0,0.0,0.0,-2803.568334521896,12360.40709399357
2237,6045.134741480435,20830.81078470937,4181.986905863619,0.0,0.0,0.0,-75.36908255642857,20830.81078470937,-4653.153305937299,20747.763168576676,4346.800036994615,0.0,0.0,0.0,-2037.1544828306655,20747.763168576676,-1389.8642518476827,20723.93687368701,4336.379066980987,0.0,0.0,0.0,-1578.1406331830194,20723.93687368701,-264.78071799346026,12360.40709399357,2756.2016627241387,0.0,0.0,0.0,-2803.568334521896,12360.40709399357
2238,6045.134741480435,20830.81078470937,4181.986905863619,0.0,0.0,0.0,-75.36908255642857,20830.81078470937,-4653.153305937299,20747.763168576676,4346.800036994615,0.0,0.0,0.0,-2037.1544828306655,20747.763168576676,-1389.8642518476827,20723.93687368701,4336.379066980987,0.0,0.0,0.0,-1578.1406331830194,20723.93687368701,-264.78071799346026,12360.40709399357,2756.2016627241387,0.0,0.0,0.0,-2803.568334521896,12360.40709399357
2239,6045.134741480435,20830.81078470937,4181.986905863619,0.0,0.0,0.0,-75.36908255642857,20830.81078470937,-4653.153305937299,20747.763168576676,4346.800036994615,0.0,0.0,0.0,-2037.1544828306655,20747.763168576676,-1389.8642518476827,20723.93687368701,4336.379066980987,0.0,0.0,0.0,-1578.1406331830194,20723.93687368701,-264.78071799346026,12360.40709399357,2756.2016627241387,0.0,0.0,0.0,-2803.568334521896,12360.40709399357
2240,6045.134741480435,20830.81078470937,4181.986905863619,0.0,0.0,0.0,-75.36908255642857,20830.81078470937,-4653.153305937299,20747.763168576676,4346.800036994615,0.0,0.0,0.0,-2037.1544828306655,20747.763168576676,-1389.8642518476827,20723.93687368701,4336.379066980987,0.0,0.0,0.0,-1578.1406331830194,20723.93687368701,-264.78071799346026,12360.40709399357,2756.2016627241387,0.0,0.0,0.0,-2803.568334521896,12360.40709399357
2241,6045.134741480435,20830.81078470937,4181.986905863619,0.0,0.0,0.0,-75.36908255642857,20830.81078470937,-4653.153305937299,20747.763168576676,4346.800036994615,0.0,0.0,0.0,-2037.1544828306655,20747.763168576676,-1389.8642518476827,20723.93687368701,4336.379066980987,0.0,0.0,0.0,-1578.1406331830194,20723.93687368701,-264.78071799346026,12360.40709399357,2756.2016627241387,0.0,0.0,0.0,-2803.568334521896,12360.40709399357
2242,6045.134741480435,20830.81078470937,4181.986905863619,0.0,0.0,0.0,-75.36908255642857,20830.81078470937,-4653.153305937299,20747.763168576676,4346.800036994615,0.0,0.0,0.0,-2037.1544828306655,20747.763168576676,-1389.8642518476827,20723.93687368701,4336.379066980987,0.0,0.0,0.0,-1578.1406331830194,20723.93687368701,-264.78071799346026,12360.40709399357,2756.2016627241387,0.0,0.0,0.0,-2803.568334521896,12360.40709399357
2243,6045.134741480435,20830.81078470937,4181.986905863619,0.0,0.0,0.0,-75.36908255642857,20830.81078470937,-4653.153305937299,20747.763168576676,4346.800036994615,0.0,0.0,0.0,-2037.1544828306655,20747.763168576676,-1389.8642518476827,20723.93687368701,4336.379066980987,0.0,0.0,0.0,-1578.1406331830194,20723.93687368701,-264.78071799346026,12360.40709399357,2756.2016627241387,0.0,0.0,0.0,-2803.568334521896,12360.40709399357
2244,6045.134741480435,20830.81078470937,4181.986905863619,0.0,0.0,0.0,-75.36908255642857,20830.81078470937,-4653.153305937299,20747.763168576676,4346.800036994615,0.0,0.0,0.0,-2037.1544828306655,20747.763168576676,-1389.8642518476827,20723.93687368701,4336.379066980987,0.0,0.0,0.0,-1578.1406331830194,20723.93687368701,-264.78071799346026,12360.40709399357,2756.2016627241387,0.0,0.0,0.0,-2803.568334521896,12360.40709399357
2245,6045.134741480435,20830.81078470937,4181.986905863619,0.0,0.0,0.0,-75.36908255642857,20830.81078470937,-4653.153305937299,20747.763168576676,4346.800036994615,0.0,0.0,0.0,-2037.1544828306655,20747.763168576676,-1389.8642518476827,20723.93687368701,4336.379066980987,0.0,0.0,0.0,-1578.1406331830194,20723.93687368701,-264.78071799346026,12360.40709399357,2756.2016627241387,0.0,0.0,0.0,-2803.568334521896,12360.40709399357
2246,6045.134741480435,20830.81078470937,4181.986905863619,0.0,0.0,0.0,-75.36908255642857,20830.81078470937,-4653.153305937299,20747.763168576676,4346.800036994615,0.0,0.0,0.0,-2037.1544828306655,20747.763168576676,-1389.8642518476827,20723.93687368701,4336.379066980987,0.0,0.0,0.0,-1578.1406331830194,20723.93687368701,-264.78071799346026,12360.40709399357,2756.2016627241387,0.0,0.0,0.0,-2803.568334521896,12360.40709399357
2247,6045.134741480435,20830.81078470937,4181.986905863619,0.0,0.0,0.0,-75.36908255642857,20830.81078470937,-4653.153305937299,20747.763168576676,4346.800036994615,0.0,0.0,0.0,-2037.1544828306655,20747.763168576676,-1389.8642518476827,20723.93687368701,4336.379066980987,0.0,0.0,0.0,-1578.1406331830194,20723.93687368701,-264.78071799346026,12360.40709399357,2756.2016627241387,0.0,0.0,0.0,-2803.568334521896,12360.40709399357
2248,6045.134741480435,20830.81078470937,4181.986905863619,0.0,0.0,0.0,-75.36908255642857,20830.81078470937,-4653.153305937299,20747.763168576676,4346.800036994615,0.0,0.0,0.0,-2037.1544828306655,20747.763168576676,-1389.8642518476827,20723.93687368701,4336.379066980987,0.0,0.0,0.0,-1578.1406331830194,20723.93687368701,-264.78071799346026,12360.40709399357,2756.2016627241387,0.0,0.0,0.0,-2803.568334521896,12360.40709399357
2249,6045.134741480435,20830.81078470937,4181.986905863619,0.0,0.0,0.0,-75.36908255642857,20830.81078470937,-4653.153305937299,20747.763168576676,4346.800036994615,0.0,0.0,0.0,-2037.1544828306655,20747.763168576676,-1389.8642518476827,20723.93687368701,4336.379066980987,0.0,0.0,0.0,-1578.1406331830194,20723.93687368701,-264.78071799346026,12360.40709399357,2756.2016627241387,0.0,0.0,0.0,-2803.568334521896,12360.40709399357
2250,6045.134741480435,20830.81078470937,4181.986905863619,0.0,0.0,0.0,-75.36908255642857,20830.81078470937,-4653.153305937299,20747.763168576676,4346.800036994615,0.0,0.0,0.0,-2037.1544828306655,20747.763168576676,-1389.8642518476827,20723.93687368701,4336.379066980987,0.0,0.0,0.0,-1578.1406331830194,20723.93687368701,-264.78071799346026,12360.40709399357,2756.2016627241387,0.0,0.0,0.0,-2803.568334521896,12360.40709399357
2251,6045.134741480435,20830.81078470937,4181.986905863619,0.0,0.0,0.0,-75.36908255642857,20830.81078470937,-4653.153305937299,20747.763168576676,4346.800036994615,0.0,0.0,0.0,-2037.1544828306655,20747.763168576676,-1389.8642518476827,20723.93687368701,4336.379066980987,0.0,0.0,0.0,-1578.1406331830194,20723.93687368701,-264.78071799346026,12360.40709399357,2756.2016627241387,0.0,0.0,0.0,-2803.568334521896,12360.40709399357
2252,6045.134741480435,20830.81078470937,4181.986905863619,0.0,0.0,0.0,-75.36908255642857,20830.81078470937,-4653.153305937299,20747.763168576676,4346.800036994615,0.0,0.0,0.0,-2037.1544828306655,20747.763168576676,-1389.8642518476827,20723.93687368701,4336.379066980987,0.0,0.0,0.0,-1578.1406331830194,20723.93687368701,-264.78071799346026,12360.40709399357,2756.2016627241387,0.0,0.0,0.0,-2803.568334521896,12360.40709399357
2253,6045.134741480435,20830.81078470937,4181.986905863619,0.0,0.0,0.0,-75.36908255642857,20830.81078470937,-4653.153305937299,20747.763168576676,4346.800036994615,0.0,0.0,0.0,-2037.1544828306655,20747.763168576676,-1389.8642518476827,20723.93687368701,4336.379066980987,0.0,0.0,0.0,-1578.1406331830194,20723.93687368701,-264.78071799346026,12360.40709399357,2756.2016627241387,0.0,0.0,0.0,-2803.568334521896,12360.40709399357
2254,6045.134741480435,20830.81078470937,4181.986905863619,0.0,0.0,0.0,-75.36908255642857,20830.81078470937,-4653.153305937299,20747.763168576676,4346.800036994615,0.0,0.0,0.0,-2037.1544828306655,20747.763168576676,-1389.8642518476827,20723.93687368701,4336.379066980987,0.0,0.0,0.0,-1578.1406331830194,20723.93687368701,-264.78071799346026,12360.40709399357,2756.2016627241387,0.0,0.0,0.0,-2803.568334521896,12360.40709399357
2255,6045.134741480435,20830.81078470937,4181.986905863619,0.0,0.0,0.0,-75.36908255642857,20830.81078470937,-4653.153305937299,20747.763168576676,4346.800036994615,0.0,0.0,0.0,-2037.1544828306655,20747.763168576676,-1389.8642518476827,20723.93687368701,4336.379066980987,0.0,0.0,0.0,-1578.1406331830194,20723.93687368701,-264.78071799346026,12360.40709399357,2756.2016627241387,0.0,0.0,0.0,-2803.568334521896,12360.40709399357
2256,6045.134741480435,20830.81078470937,4181.986905863619,0.0,0.0,0.0,-75.36908255642857,20830.81078470937,-4653.153305937299,20747.763168576676,4346.800036994615,0.0,0.0,0.0,-2037.1544828306655,20747.763168576676,-1389.8642518476827,20723.93687368701,4336.379066980987,0.0,0.0,0.0,-1578.1406331830194,20723.93687368701,-264.78071799346026,12360.40709399357,2756.2016627241387,0.0,0.0,0.0,-2803.568334521896,12360.40709399357
2257,6045.134741480435,20830.81078470937,4181.986905863619,0.0,0.0,0.0,-75.36908255642857,20830.81078470937,-4653.153305937299,20747.763168576676,4346.800036994615,0.0,0.0,0.0,-2037.1544828306655,20747.763168576676,-1389.8642518476827,20723.93687368701,4336.379066980987,0.0,0.0,0.0,-1578.1406331830194,20723.93687368701,-264.78071799346026,12360.40709399357,2756.2016627241387,0.0,0.0,0.0,-2803.568334521896,12360.40709399357
2258,6045.134741480435,20830.81078470937,4181.986905863619,0.0,0.0,0.0,-75.36908255642857,20830.81078470937,-4653.153305937299,20747.763168576676,4346.800036994615,0.0,0.0,0.0,-2037.1544828306655,20747.763168576676,-1389.8642518476827,20723.93687368701,4336.379066980987,0.0,0.0,0.0,-1578.1406331830194,20723.93687368701,-264.78071799346026,12360.40709399357,2756.2016627241387,0.0,0.0,0.0,-2803.568334521896,12360.40709399357
2259,6045.134741480435,20830.81078470937,4181.986905863619,0.0,0.0,0.0,-75.36908255642857,20830.81078470937,-4653.153305937299,20747.763168576676,4346.800036994615,0.0,0.0,0.0,-2037.1544828306655,20747.763168576676,-1389.8642518476827,20723.93687368701,4336.379066980987,0.0,0.0,0.0,-1578.1406331830194,20723.93687368701,-264.78071799346026,12360.40709399357,2756.2016627241387,0.0,0.0,0.0,-2803.568334521896,12360.40709399357
2260,6045.134741480435,20830.81078470937,4181.986905863619,0.0,0.0,0.0,-75.36908255642857,20830.81078470937,-4653.153305937299,20747.763168576676,4346.800036994615,0.0,0.0,0.0,-2037.1544828306655,20747.763168576676,-1389.8642518476827,20723.93687368701,4336.379066980987,0.0,0.0,0.0,-1578.1406331830194,20723.93687368701,-264.78071799346026,12360.40709399357,2756.2016627241387,0.0,0.0,0.0,-2803.568334521896,12360.40709399357
2261,6045.134741480435,20830.81078470937,4181.986905863619,0.0,0.0,0.0,-75.36908255642857,20830.81078470937,-4653.153305937299,20747.763168576676,4346.800036994615,0.0,0.0,0.0,-2037.1544828306655,20747.763168576676,-1389.8642518476827,20723.93687368701,4336.379066980987,0.0,0.0,0.0,-1578.1406331830194,20723.93687368701,-264.78071799346026,12360.40709399357,2756.2016627241387,0.0,0.0,0.0,-2803.568334521896,12360.40709399357
2262,6045.134741480435,20830.81078470937,4181.986905863619,0.0,0.0,0.0,-75.36908255642857,20830.81078470937,-4653.153305937299,20747.763168576676,4346.800036994615,0.0,0.0,0.0,-2037.1544828306655,20747.763168576676,-1389.8642518476827,20723.93687368701,4336.379066980987,0.0,0.0,0.0,-1578.1406331830194,20723.93687368701,-264.78071799346026,12360.40709399357,2756.2016627241387,0.0,0.0,0.0,-2803.568334521896,12360.40709399357
2263,6045.134741480435,20830.81078470937,4181.986905863619,0.0,0.0,0.0,-75.36908255642857,20830.81078470937,-4653.153305937299,20747.763168576676,4346.800036994615,0.0,0.0,0.0,-2037.1544828306655,20747.763168576676,-1389.8642518476827,20723.93687368701,4336.379066980987,0.0,0.0,0.0,-1578.1406331830194,20723.93687368701,-264.78071799346026,12360.40709399357,2756.2016627241387,0.0,0.0,0.0,-2803.568334521896,12360.40709399357
2264,6045.134741480435,20830.81078470937,4181.986905863619,0.0,0.0,0.0,-75.36908255642857,20830.81078470937,-4653.153305937299,20747.763168576676,4346.800036994615,0.0,0.0,0.0,-2037.1544828306655,20747.763168576676,-1389.8642518476827,20723.93687368701,4336.379066980987,0.0,0.0,0.0,-1578.1406331830194,20723.93687368701,-264.78071799346026,12360.40709399357,2756.2016627241387,0.0,0.0,0.0,-2803.568334521896,12360.40709399357
2265,6045.134741480435,20830.81078470937,4181.986905863619,0.0,0.0,0.0,-75.36908255642857,20830.81078470937,-4653.153305937299,20747.763168576676,4346.800036994615,0.0,0.0,0.0,-2037.1544828306655,20747.763168576676,-1389.8642518476827,20723.93687368701,4336.379066980987,0.0,0.0,0.0,-1578.1406331830194,20723.93687368701,-264.78071799346026,12360.40709399357,2756.2016627241387,0.0,0.0,0.0,-2803.568334521896,12360.40709399357
2266,6045.134741480435,20830.81078470937,4181.986905863619,0.0,0.0,0.0,-75.36908255642857,20830.81078470937,-4653.153305937299,20747.763168576676,4346.800036994615,0.0,0.0,0.0,-2037.1544828306655,20747.763168576676,-1389.8642518476827,20723.93687368701,4336.379066980987,0.0,0.0,0.0,-1578.1406331830194,20723.93687368701,-264.78071799346026,12360.40709399357,2756.2016627241387,0.0,0.0,0.0,-2803.568334521896,12360.40709399357
2267,6045.134741480435,20830.81078470937,4181.986905863619,0.0,0.0,0.0,-75.36908255642857,20830.81078470937,-4653.153305937299,20747.763168576676,4346.800036994615,0.0,0.0,0.0,-2037.1544828306655,20747.763168576676,-1389.8642518476827,20723.93687368701,4336.379066980987,0.0,0.0,0.0,-1578.1406331830194,20723.93687368701,-264.78071799346026,12360.40709399357,2756.2016627241387,0.0,0.0,0.0,-2803.568334521896,12360.40709399357
2268,6045.134741480435,20830.81078470937,4181.986905863619,0.0,0.0,0.0,-75.36908255642857,20830.81078470937,-4653.153305937299,20747.763168576676,4346.800036994615,0.0,0.0,0.0,-2037.1544828306655,20747.763168576676,-1389.8642518476827,20723.93687368701,4336.379066980987,0.0,0.0,0.0,-1578.1406331830194,20723.93687368701,-264.78071799346026,12360.40709399357,2756.2016627241387,0.0,0.0,0.0,-2803.568334521896,12360.40709399357
2269,6045.134741480435,20830.81078470937,4181.986905863619,0.0,0.0,0.0,-75.36908255642857,20830.81078470937,-4653.153305937299,20747.763168576676,4346.800036994615,0.0,0.0,0.0,-2037.1544828306655,20747.763168576676,-1389.8642518476827,20723.93687368701,4336.379066980987,0.0,0.0,0.0,-1578.1406331830194,20723.93687368701,-264.78071799346026,12360.40709399357,2756.2016627241387,0.0,0.0,0.0,-2803.568334521896,12360.40709399357
2270,6045.134741480435,20830.81078470937,4181.986905863619,0.0,0.0,0.0,-75.36908255642857,20830.81078470937,-4653.153305937299,20747.763168576676,4346.800036994615,0.0,0.0,0.0,-2037.1544828306655,20747.763168576676,-1389.8642518476827,20723.93687368701,4336.379066980987,0.0,0.0,0.0,-1578.1406331830194,20723.93687368701,-264.78071799346026,12360.40709399357,2756.2016627241387,0.0,0.0,0.0,-2803.568334521896,12360.40709399357
2271,6045.134741480435,20830.81078470937,4181.986905863619,0.0,0.0,0.0,-75.36908255642857,20830.81078470937,-4653.153305937299,20747.763168576676,4346.800036994615,0.0,0.0,0.0,-2037.1544828306655,20747.763168576676,-1389.8642518476827,20723.93687368701,4336.379066980987,0.0,0.0,0.0,-1578.1406331830194,20723.93687368701,-264.78071799346026,12360.40709399357,2756.2016627241387,0.0,0.0,0.0,-2803.568334521896,12360.40709399357
2272,6045.134741480435,20830.81078470937,4181.986905863619,0.0,0.0,0.0,-75.36908255642857,20830.81078470937,-4653.153305937299,20747.763168576676,4346.800036994615,0.0,0.0,0.0,-2037.1544828306655,20747.763168576676,-1389.8642518476827,20723.93687368701,4336.379066980987,0.0,0.0,0.0,-1578.1406331830194,20723.93687368701,-264.78071799346026,12360.40709399357,2756.2016627241387,0.0,0.0,0.0,-2803.568334521896,12360.40709399357
2273,6045.134741480435,20830.81078470937,4181.986905863619,0.0,0.0,0.0,-75.36908255642857,20830.81078470937,-4653.153305937299,20747.763168576676,4346.800036994615,0.0,0.0,0.0,-2037.1544828306655,20747.763168576676,-1389.8642518476827,20723.93687368701,4336.379066980987,0.0,0.0,0.0,-1578.1406331830194,20723.93687368701,-264.78071799346026,12360.40709399357,2756.2016627241387,0.0,0.0,0.0,-2803.568334521896,12360.40709399357
2274,6045.134741480435,20830.81078470937,4181.986905863619,0.0,0.0,0.0,-75.36908255642857,20830.81078470937,-4653.153305937299,20747.763168576676,4346.800036994615,0.0,0.0,0.0,-2037.1544828306655,20747.763168576676,-1389.8642518476827,20723.93687368701,4336.379066980987,0.0,0.0,0.0,-1578.1406331830194,20723.93687368701,-264.78071799346026,12360.40709399357,2756.2016627241387,0.0,0.0,0.0,-2803.568334521896,12360.40709399357
2275,6045.134741480435,20830.81078470937,4181.986905863619,0.0,0.0,0.0,-75.36908255642857,20830.81078470937,-4653.153305937299,20747.763168576676,4346.800036994615,0.0,0.0,0.0,-2037.1544828306655,20747.763168576676,-1389.8642518476827,20723.93687368701,4336.379066980987,0.0,0.0,0.0,-1578.1406331830194,20723.93687368701,-264.78071799346026,12360.40709399357,2756.2016627241387,0.0,0.0,0.0,-2803.568334521896,12360.40709399357
2276,6045.134741480435,20830.81078470937,4181.986905863619,0.0,0.0,0.0,-75.36908255642857,20830.81078470937,-4653.153305937299,20747.763168576676,4346.800036994615,0.0,0.0,0.0,-2037.1544828306655,20747.763168576676,-1389.8642518476827,20723.93687368701,4336.379066980987,0.0,0.0,0.0,-1578.1406331830194,20723.93687368701,-264.78071799346026,12360.40709399357,2756.2016627241387,0.0,0.0,0.0,-2803.568334521896,12360.40709399357
2277,6045.134741480435,20830.81078470937,4181.986905863619,0.0,0.0,0.0,-75.36908255642857,20830.81078470937,-4653.153305937299,20747.763168576676,4346.800036994615,0.0,0.0,0.0,-2037.1544828306655,20747.763168576676,-1389.8642518476827,20723.93687368701,4336.379066980987,0.0,0.0,0.0,-1578.1406331830194,20723.93687368701,-264.78071799346026,12360.40709399357,2756.2016627241387,0.0,0.0,0.0,-2803.568334521896,12360.40709399357
2278,6045.134741480435,20830.81078470937,4181.986905863619,0.0,0.0,0.0,-75.36908255642857,20830.81078470937,-4653.153305937299,20747.763168576676,4346.800036994615,0.0,0.0,0.0,-2037.1544828306655,20747.763168576676,-1389.8642518476827,20723.93687368701,4336.379066980987,0.0,0.0,0.0,-1578.1406331830194,20723.93687368701,-264.78071799346026,12360.40709399357,2756.2016627241387,0.0,0.0,0.0,-2803.568334521896,12360.40709399357
2279,6045.134741480435,20830.81078470937,4181.986905863619,0.0,0.0,0.0,-75.36908255642857,20830.81078470937,-4653.153305937299,20747.763168576676,4346.800036994615,0.0,0.0,0.0,-2037.1544828306655,20747.763168576676,-1389.8642518476827,20723.93687368701,4336.379066980987,0.0,0.0,0.0,-1578.1406331830194,20723.93687368701,-264.78071799346026,12360.40709399357,2756.2016627241387,0.0,0.0,0.0,-2803.568334521896,12360.40709399357
2280,6045.134741480435,20830.81078470937,4181.986905863619,0.0,0.0,0.0,-75.36908255642857,20830.81078470937,-4653.153305937299,20747.763168576676,4346.800036994615,0.0,0.0,0.0,-2037.1544828306655,20747.763168576676,-1389.8642518476827,20723.93687368701,4336.379066980987,0.0,0.0,0.0,-1578.1406331830194,20723.93687368701,-264.78071799346026,12360.40709399357,2756.2016627241387,0.0,0.0,0.0,-2803.568334521896,12360.40709399357
2281,6045.134741480435,20830.81078470937,4181.986905863619,0.0,0.0,0.0,-75.36908255642857,20830.81078470937,-4653.153305937299,20747.763168576676,4346.800036994615,0.0,0.0,0.0,-2037.1544828306655,20747.763168576676,-1389.8642518476827,20723.93687368701,4336.379066980987,0.0,0.0,0.0,-1578.1406331830194,20723.93687368701,-264.78071799346026,12360.40709399357,2756.2016627241387,0.0,0.0,0.0,-2803.568334521896,12360.40709399357
2282,6045.134741480435,20830.81078470937,4181.986905863619,0.0,0.0,0.0,-75.36908255642857,20830.81078470937,-4653.153305937299,20747.763168576676,4346.800036994615,0.0,0.0,0.0,-2037.1544828306655,20747.763168576676,-1389.8642518476827,20723.93687368701,4336.379066980987,0.0,0.0,0.0,-1578.1406331830194,20723.93687368701,-264.78071799346026,12360.40709399357,2756.2016627241387,0.0,0.0,0.0,-2803.568334521896,12360.40709399357
2283,6045.134741480435,20830.81078470937,4181.986905863619,0.0,0.0,0.0,-75.36908255642857,20830.81078470937,-4653.153305937299,20747.763168576676,4346.800036994615,0.0,0.0,0.0,-2037.1544828306655,20747.763168576676,-1389.8642518476827,20723.93687368701,4336.379066980987,0.0,0.0,0.0,-1578.1406331830194,20723.93687368701,-264.78071799346026,12360.40709399357,2756.2016627241387,0.0,0.0,0.0,-2803.568334521896,12360.40709399357
2284,6045.134741480435,20830.81078470937,4181.986905863619,0.0,0.0,0.0,-75.36908255642857,20830.81078470937,-4653.153305937299,20747.763168576676,4346.800036994615,0.0,0.0,0.0,-2037.1544828306655,20747.763168576676,-1389.8642518476827,20723.93687368701,4336.379066980987,0.0,0.0,0.0,-1578.1406331830194,20723.93687368701,-264.78071799346026,12360.40709399357,2756.2016627241387,0.0,0.0,0.0,-2803.568334521896,12360.40709399357
2285,6045.134741480435,20830.81078470937,4181.986905863619,0.0,0.0,0.0,-75.36908255642857,20830.81078470937,-4653.153305937299,20747.763168576676,4346.800036994615,0.0,0.0,0.0,-2037.1544828306655,20747.763168576676,-1389.8642518476827,20723.93687368701,4336.379066980987,0.0,0.0,0.0,-1578.1406331830194,20723.93687368701,-264.78071799346026,12360.40709399357,2756.2016627241387,0.0,0.0,0.0,-2803.568334521896,12360.40709399357
2286,6045.134741480435,20830.81078470937,4181.986905863619,0.0,0.0,0.0,-75.36908255642857,20830.81078470937,-4653.153305937299,20747.763168576676,4346.800036994615,0.0,0.0,0.0,-2037.1544828306655,20747.763168576676,-1389.8642518476827,20723.93687368701,4336.379066980987,0.0,0.0,0.0,-1578.1406331830194,20723.93687368701,-264.78071799346026,12360.40709399357,2756.2016627241387,0.0,0.0,0.0,-2803.568334521896,12360.40709399357
2287,6045.134741480435,20830.81078470937,4181.986905863619,0.0,0.0,0.0,-75.36908255642857,20830.81078470937,-4653.153305937299,20747.763168576676,4346.800036994615,0.0,0.0,0.0,-2037.1544828306655,20747.763168576676,-1389.8642518476827,20723.93687368701,4336.379066980987,0.0,0.0,0.0,-1578.1406331830194,20723.93687368701,-264.78071799346026,12360.40709399357,2756.2016627241387,0.0,0.0,0.0,-2803.568334521896,12360.40709399357
2288,6045.134741480435,20830.81078470937,4181.986905863619,0.0,0.0,0.0,-75.36908255642857,20830.81078470937,-4653.153305937299,20747.763168576676,4346.800036994615,0.0,0.0,0.0,-2037.1544828306655,20747.763168576676,-1389.8642518476827,20723.93687368701,4336.379066980987,0.0,0.0,0.0,-1578.1406331830194,20723.93687368701,-264.78071799346026,12360.40709399357,2756.2016627241387,0.0,0.0,0.0,-2803.568334521896,12360.40709399357
2289,6045.134741480435,20830.81078470937,4181.986905863619,0.0,0.0,0.0,-75.36908255642857,20830.81078470937,-4653.153305937299,20747.763168576676,4346.800036994615,0.0,0.0,0.0,-2037.1544828306655,20747.763168576676,-1389.8642518476827,20723.93687368701,4336.379066980987,0.0,0.0,0.0,-1578.1406331830194,20723.93687368701,-264.78071799346026,12360.40709399357,2756.2016627241387,0.0,0.0,0.0,-2803.568334521896,12360.40709399357
2290,6045.134741480435,20830.81078470937,4181.986905863619,0.0,0.0,0.0,-75.36908255642857,20830.81078470937,-4653.153305937299,20747.763168576676,4346.800036994615,0.0,0.0,0.0,-2037.1544828306655,20747.763168576676,-1389.8642518476827,20723.93687368701,4336.379066980987,0.0,0.0,0.0,-1578.1406331830194,20723.93687368701,-264.78071799346026,12360.40709399357,2756.2016627241387,0.0,0.0,0.0,-2803.568334521896,12360.40709399357
2291,6045.134741480435,20830.81078470937,4181.986905863619,0.0,0.0,0.0,-75.36908255642857,20830.81078470937,-4653.153305937299,20747.763168576676,4346.800036994615,0.0,0.0,0.0,-2037.1544828306655,20747.763168576676,-1389.8642518476827,20723.93687368701,4336.379066980987,0.0,0.0,0.0,-1578.1406331830194,20723.93687368701,-264.78071799346026,12360.40709399357,2756.2016627241387,0.0,0.0,0.0,-2803.568334521896,12360.40709399357
2292,6045.134741480435,20830.81078470937,4181.986905863619,0.0,0.0,0.0,-75.36908255642857,20830.81078470937,-4653.153305937299,20747.763168576676,4346.800036994615,0.0,0.0,0.0,-2037.1544828306655,20747.763168576676,-1389.8642518476827,20723.93687368701,4336.379066980987,0.0,0.0,0.0,-1578.1406331830194,20723.93687368701,-264.78071799346026,12360.40709399357,2756.2016627241387,0.0,0.0,0.0,-2803.568334521896,12360.40709399357
2293,6045.134741480435,20830.81078470937,4181.986905863619,0.0,0.0,0.0,-75.36908255642857,20830.81078470937,-4653.153305937299,20747.763168576676,4346.800036994615,0.0,0.0,0.0,-2037.1544828306655,20747.763168576676,-1389.8642518476827,20723.93687368701,4336.379066980987,0.0,0.0,0.0,-1578.1406331830194,20723.93687368701,-264.78071799346026,12360.40709399357,2756.2016627241387,0.0,0.0,0.0,-2803.568334521896,12360.40709399357
2294,6045.134741480435,20830.81078470937,4181.986905863619,0.0,0.0,0.0,-75.36908255642857,20830.81078470937,-4653.153305937299,20747.763168576676,4346.800036994615,0.0,0.0,0.0,-2037.1544828306655,20747.763168576676,-1389.8642518476827,20723.93687368701,4336.379066980987,0.0,0.0,0.0,-1578.1406331830194,20723.93687368701,-264.78071799346026,12360.40709399357,2756.2016627241387,0.0,0.0,0.0,-2803.568334521896,12360.40709399357
2295,6045.134741480435,20830.81078470937,4181.986905863619,0.0,0.0,0.0,-75.36908255642857,20830.81078470937,-4653.153305937299,20747.763168576676,4346.800036994615,0.0,0.0,0.0,-2037.1544828306655,20747.763168576676,-1389.8642518476827,20723.93687368701,4336.379066980987,0.0,0.0,0.0,-1578.1406331830194,20723.93687368701,-264.78071799346026,12360.40709399357,2756.2016627241387,0.0,0.0,0.0,-2803.568334521896,12360.40709399357
2296,6045.134741480435,20830.81078470937,4181.986905863619,0.0,0.0,0.0,-75.36908255642857,20830.81078470937,-4653.153305937299,20747.763168576676,4346.800036994615,0.0,0.0,0.0,-2037.1544828306655,20747.763168576676,-1389.8642518476827,20723.93687368701,4336.379066980987,0.0,0.0,0.0,-1578.1406331830194,20723.93687368701,-264.78071799346026,12360.40709399357,2756.2016627241387,0.0,0.0,0.0,-2803.568334521896,12360.40709399357
2297,6045.134741480435,20830.81078470937,4181.986905863619,0.0,0.0,0.0,-75.36908255642857,20830.81078470937,-4653.153305937299,20747.763168576676,4346.800036994615,0.0,0.0,0.0,-2037.1544828306655,20747.763168576676,-1389.8642518476827,20723.93687368701,4336.379066980987,0.0,0.0,0.0,-1578.1406331830194,20723.93687368701,-264.78071799346026,12360.40709399357,2756.2016627241387,0.0,0.0,0.0,-2803.568334521896,12360.40709399357
2298,6045.134741480435,20830.81078470937,4181.986905863619,0.0,0.0,0.0,-75.36908255642857,20830.81078470937,-4653.153305937299,20747.763168576676,4346.800036994615,0.0,0.0,0.0,-2037.1544828306655,20747.763168576676,-1389.8642518476827,20723.93687368701,4336.379066980987,0.0,0.0,0.0,-1578.1406331830194,20723.93687368701,-264.78071799346026,12360.40709399357,2756.2016627241387,0.0,0.0,0.0,-2803.568334521896,12360.40709399357
2299,6045.134741480435,20830.81078470937,4181.986905863619,0.0,0.0,0.0,-75.36908255642857,20830.81078470937,-4653.153305937299,20747.763168576676,4346.800036994615,0.0,0.0,0.0,-2037.1544828306655,20747.763168576676,-1389.8642518476827,20723.93687368701,4336.379066980987,0.0,0.0,0.0,-1578.1406331830194,20723.93687368701,-264.78071799346026,12360.40709399357,2756.2016627241387,0.0,0.0,0.0,-2803.568334521896,12360.40709399357
